alpha,beta,z ratio,smooth ratio
135510.8214841563,34217.75963069251,-1.4148309571746962,0.4646292260706326
132367.71198311108,34236.139028646474,-1.4337651778044322,0.43232217401845857
132367.71198311108,34236.139028646474,-1.4337651778044322,0.4032458271715019
131406.676673311,34434.28400846007,-1.4438754580676478,0.37682435800266056
130012.01568924697,34439.743505262064,-1.4521601940736484,0.3528379173505533
130012.01568924697,34439.743505262064,-1.4521601940736484,0.3312501207636568
129787.47076337037,34674.80361778283,-1.4586239646531045,0.31165950957096356
129566.51271682254,34735.70379010215,-1.4612289798784268,0.29396283411690655
129262.1396970732,35104.694331675775,-1.4708797856482378,0.27779455606400993
130066.20604773622,35373.59128869997,-1.47194004360389,0.2632165993675117
130066.20604773622,35373.59128869997,-1.47194004360389,0.25009643834066325
131493.2208509934,36058.3158333598,-1.4780370654555135,0.2381358678702091
131493.2208509934,36058.3158333598,-1.4780370654555135,0.22737135444680034
133642.8661283336,36651.31349704045,-1.478107620191178,0.21768152849734085
136109.87510376977,37322.23911511627,-1.4779964097845155,0.20896346540299388
136109.87510376977,37322.23911511627,-1.4779964097845155,0.2011172086180816
139786.56569674078,38010.144165863916,-1.4718024796303182,0.1942104257655155
143051.4651151131,38664.604265412236,-1.467329172707911,0.18810615387126617
148381.38791482578,39641.16932172059,-1.458599272120248,0.18283055668113335
148381.38791482578,39641.16932172059,-1.458599272120248,0.1780825192100138
155814.0151390101,40941.83186785378,-1.4459752474317407,0.1741248861032189
164789.51346048224,42170.09206129704,-1.4254162989646666,0.17107699001878038
171609.61016992002,43359.597978061545,-1.4153198309649988,0.16858629524277738
184399.03806481263,44995.648817810164,-1.3870332847470983,0.16705183359982217
184399.03806481263,44995.648817810164,-1.3870332847470983,0.1656708181211625
199008.80092371916,47199.5632831533,-1.3632126166379002,0.16502342089309874
216424.02825135953,49306.07642157677,-1.3283262434970216,0.16531292271636333
229863.39052500218,51187.04242608511,-1.3079156455846181,0.16608373930511156
229863.39052500218,51187.04242608511,-1.3079156455846181,0.16677747423498496
251936.34069780924,53784.70473722838,-1.2689099600015978,0.16837697781144653
277320.2464067822,57092.05183925905,-1.2339856598804817,0.17068963853328983
306383.8448978318,60376.07134068422,-1.1902107572149632,0.17386540574958678
327054.81226722954,63027.68493385597,-1.1671357422311517,0.17730047161884932
327054.81226722954,63027.68493385597,-1.1671357422311517,0.1803920309011856
361773.87431851623,66836.00908076475,-1.1220253870710089,0.18430219313429183
400257.022322267,71325.33756838841,-1.0819427887989503,0.1888234041008889
427224.79205550294,74247.98962180855,-1.0532558152207958,0.19360966831028015
427224.79205550294,74247.98962180855,-1.0532558152207958,0.19791730609873226
471772.5650742526,79345.0188520388,-1.014591859736841,0.202760778995438
519683.6523340008,84454.96602354807,-0.9727566818200155,0.20816578405039382
519683.6523340008,84454.96602354807,-0.9727566818200155,0.21303028859985407
607175.4581949963,93846.64300798968,-0.9089617953619016,0.21900321485582114
607175.4581949963,93846.64300798968,-0.9089617953619016,0.2243788484861915
664469.3505852699,99996.27115505474,-0.8736720682632182,0.2300991619309919
723841.8447709837,106307.93004155524,-0.8406192111643117,0.23607376545878492
723841.8447709837,106307.93004155524,-0.8406192111643117,0.24145090863379864
830802.6291250687,117303.09603339406,-0.7854665623205666,0.24766915371240464
830802.6291250687,117303.09603339406,-0.7854665623205666,0.25326557428315
897645.9999450054,124141.5334642787,-0.7555738488409226,0.25904967063381196
967352.9800201984,131298.78801126895,-0.7280104183632642,0.2649444431113492
967352.9800201984,131298.78801126895,-0.7280104183632642,0.2702497383411327
1037415.9686692626,138206.10232664517,-0.7000470147800054,0.2757235891375193
1084938.960332825,143176.50698238146,-0.6856676455979727,0.2810095390838181
1158189.743923681,150206.56770632582,-0.6588557638603767,0.2864371910789269
1158189.743923681,150206.56770632582,-0.6588557638603767,0.2913220778745248
1230033.5826484612,157631.79839611726,-0.6401981203813445,0.29618491707753875
1302493.2210459046,164498.623252714,-0.6170675347545546,0.301139737000921
1351054.635815877,169446.67453782418,-0.6059056745334858,0.30587812143749177
1420957.5614123289,176112.28561200638,-0.5867275776360809,0.31062211985284055
1420957.5614123289,176112.28561200638,-0.5867275776360809,0.3148917184266545
1490802.6553613734,183101.12356928093,-0.5719143519334339,0.3191046877856532
1557843.0860556876,189377.80809051383,-0.5549523338589201,0.3233204106606149
1600682.4690405177,193766.11909243854,-0.5479401427792961,0.32728986602507104
1600682.4690405177,193766.11909243854,-0.5479401427792961,0.33086237585308154
1663014.6693829177,199492.54338804356,-0.5327567256128719,0.3344572201274516
1722399.0354921173,205291.2325792968,-0.521911641039401,0.3379637070887214
1775850.2998419348,210405.98032439337,-0.5118157094498483,0.34137194364360307
1810800.705308946,213743.63632159782,-0.5054215985564171,0.34459920931533233
1810800.705308946,213743.63632159782,-0.5054215985564171,0.3475037484198887
1857537.1222334928,218007.05865229465,-0.495604613424941,0.3503632582422763
1898705.5938794916,221956.37628265697,-0.4887769130745741,0.35310750959118437
1898705.5938794916,221956.37628265697,-0.4887769130745741,0.35557733580520157
1935833.852198646,225394.10634986256,-0.4818723917701156,0.3579727924304285
1956627.3742636708,227268.25432405586,-0.4777063750358281,0.36023285381149
1981921.6709606308,229648.1876618843,-0.47348911589568204,0.3623723405329489
2002908.2238283956,231289.7196043328,-0.46754564277265775,0.3644464654103376
2002908.2238283956,231289.7196043328,-0.46754564277265775,0.3663131777999874
2015952.241598023,232644.96599862547,-0.4664123964991227,0.3680215501075106
2020813.6119361676,232866.38218987535,-0.46386514268907997,0.3696227665295325
2024538.780267475,233089.2394795762,-0.46231612882572826,0.37110258665593604
2024538.780267475,233089.2394795762,-0.46231612882572826,0.37243442476969923
2019235.6541691504,232258.80513883737,-0.46065869139512255,0.37367451500785126
2009070.1016604556,231317.5619877168,-0.4623862362715835,0.3747474076002765
2009070.1016604556,231317.5619877168,-0.4623862362715835,0.37571301093345927
1998533.8770479492,229881.5937601338,-0.4606889696315067,0.37662448559932565
1976569.1838442949,227881.02994960177,-0.46473338042705625,0.3773437025287167
1948530.780261657,224744.23153493967,-0.46547851151894276,0.37797236948787144
1948530.780261657,224744.23153493967,-0.46547851151894276,0.37853816975111076
1888783.3025642887,218730.12636409013,-0.4724871553736887,0.37887217389165745
1888783.3025642887,218730.12636409013,-0.4724871553736887,0.3791727776181495
1846396.4746599388,214687.4737640063,-0.4795079623516063,0.3792678007975444
1798359.5801290858,209690.8803992145,-0.4843761151241493,0.3792316178396863
1798359.5801290858,209690.8803992145,-0.4843761151241493,0.37919905317761393
1744526.4948298978,204571.6385830645,-0.4941597538493432,0.3789251540136189
1707226.202173882,200720.90092745007,-0.49864101419096796,0.3785666132574828
1648143.2630678401,195028.99700365012,-0.5096696036447989,0.3779682118406146
1584079.081645485,188780.5493383675,-0.5216926134493718,0.3771290753203188
1584079.081645485,188780.5493383675,-0.5216926134493718,0.3763738524520526
1518702.9138774998,182266.3639014323,-0.5335424290100735,0.37539790648159554
1473476.0867846173,177858.8411264669,-0.5431778576086292,0.3742786693932203
1402734.8294937941,171078.48493052286,-0.5603439396847337,0.3728422039617799
1402734.8294937941,171078.48493052286,-0.5603439396847337,0.3715493850734836
1332874.9184662276,164246.90438883816,-0.577335572559875,0.3699610572521384
1259913.1830481132,157038.6758699866,-0.5959044635473055,0.3680673399382419
1211653.1024090191,152495.63095132023,-0.611517111125792,0.36597267816627294
1139884.9035132877,145317.33808551528,-0.6319536504067765,0.3635765690894762
1139884.9035132877,145317.33808551528,-0.6319536504067765,0.3614200709203592
1068056.3129801105,138536.10034414963,-0.6590690438274636,0.3588013377326367
996847.2626972703,131398.12189870188,-0.6838872569710568,0.35582402253509665
951598.0858303742,127104.8678179331,-0.7039938144976134,0.35264177491914667
951598.0858303742,127104.8678179331,-0.7039938144976134,0.34977775206479167
882720.1054063656,120250.75679716299,-0.7334343616553819,0.346464117816928
817326.5676300229,114060.00274349372,-0.7686896770016562,0.3426004641101938
817326.5676300229,114060.00274349372,-0.7686896770016562,0.33912317577413303
754796.9459515724,107696.35689110417,-0.8003756641793571,0.3352014665922358
713944.9217234635,103921.40072910568,-0.8282970364765265,0.33097389402109906
655828.1873783162,98008.7362846367,-0.8642815244394954,0.3262694665080018
601772.1663595291,92774.83883047482,-0.9056350850821093,0.3210016427301489
601772.1663595291,92774.83883047482,-0.9056350850821093,0.3162606013300813
518401.29449259315,84559.98292221177,-0.9773539514966226,0.31020069240965764
518401.29449259315,84559.98292221177,-0.9773539514966226,0.30474677438127634
474178.1003112985,79971.02663378864,-1.017910445330001,0.29882433580989864
474178.1003112985,79971.02663378864,-1.017910445330001,0.29349414109565874
432415.4621960995,75882.23021599822,-1.064446585990454,0.28753356233633154
396420.74914698204,72203.0646007327,-1.1064034916869752,0.281120118810524
373717.5822851305,69857.37047558697,-1.134751776096847,0.2746393125270504
342928.3686419424,66724.47842044111,-1.1771331522197355,0.267747052468852
342928.3686419424,66724.47842044111,-1.1771331522197355,0.2615440184164734
316443.105503154,63822.08063194067,-1.2136703735925158,0.25504785723501316
293421.6588384093,61517.88073471862,-1.2516687404503752,0.24825135300025247
279387.46217111876,59926.748789442565,-1.2733473267838322,0.24159253453063143
279387.46217111876,59926.748789442565,-1.2733473267838322,0.2355995979079725
262682.19628895953,58122.85638210073,-1.3021155257448722,0.22948674997355345
247779.11229162454,56319.69939619941,-1.3262879777295609,0.2233808755329591
236211.18907653756,55109.585825370836,-1.3491264473714848,0.21731462679537605
230037.6404079446,54172.076958177386,-1.357145816833328,0.21165451869500526
230037.6404079446,54172.076958177386,-1.357145816833328,0.20656042140467154
222611.92569434966,53350.81963969817,-1.3720256709522018,0.20160373749039934
217167.38367484778,52437.714200797804,-1.3783087834510221,0.19698564415508385
213911.0357921907,51948.335803864466,-1.3830799997600585,0.192710079745574
212375.26853733894,51550.96352172684,-1.3826869577991248,0.1888718978260385
211450.87536147985,51334.4739976018,-1.382814644556601,0.18541434192951964
211450.87536147985,51334.4739976018,-1.382814644556601,0.18230254162265266
211841.80897779344,51066.84106399793,-1.3769201233479906,0.17964928437668765
212670.00840470343,50954.809903637004,-1.3718053820304617,0.17738922138825736
213931.86734843193,50920.54890364015,-1.3662441850544198,0.17549419462307114
213931.86734843193,50920.54890364015,-1.3662441850544198,0.17378867053440353
215937.91292185773,50963.660697468506,-1.3590262412555527,0.17243414744957436
218512.83122317627,51077.03264185146,-1.3507602425299923,0.17142172664136712
218512.83122317627,51077.03264185146,-1.3507602425299923,0.17051054791398063
222682.36247860742,51267.10642335173,-1.3375636456963462,0.1700204019801739
222682.36247860742,51267.10642335173,-1.3375636456963462,0.16957927063974787
225116.889500427,51361.84099099546,-1.3296241270187836,0.1693807404003035
227613.92228768146,51628.948204428416,-1.324445879969867,0.16933151936102647
227613.92228768146,51628.948204428416,-1.324445879969867,0.16928722042567715
229684.42675318356,51697.38070238285,-1.3175491583214174,0.169419769425074
231328.8529171511,51915.07419449647,-1.3149196073808973,0.16960480229804417
232989.1016208196,51983.371160839946,-1.309661845143797,0.1699027759396448
232989.1016208196,51983.371160839946,-1.309661845143797,0.1701709522170854
234943.32115119064,52248.94625973913,-1.3067147308183122,0.17048598872491907
236478.79568789405,52318.757920708675,-1.3020083508128177,0.1708871810821067
237465.9561675055,52502.262954497135,-1.3014027982293188,0.17126339301816307
237465.9561675055,52502.262954497135,-1.3014027982293188,0.17160198376061378
238687.6862261054,52550.83540521401,-1.2975592269224743,0.17200280471149057
239781.15891535705,52745.315690181735,-1.2967561669724368,0.1723836200660306
240751.9167648656,52837.704246841924,-1.2946550662523235,0.17277888140311948
240751.9167648656,52837.704246841924,-1.2946550662523235,0.17313461660649945
241819.91131832718,52999.11437755463,-1.2933903189858158,0.1734863969712041
241819.91131832718,52999.11437755463,-1.2933903189858158,0.1738029992994383
242190.37954666663,53089.86644690074,-1.2935558889974712,0.17408380214455768
242599.70931799972,53191.79708074512,-1.293766841004892,0.1743312509049796
242461.2338306557,53207.79112687836,-1.2945677900764314,0.17453393106257087
242461.2338306557,53207.79112687836,-1.2945677900764314,0.17471634320440302
242673.71613128067,53266.230479557584,-1.2947714519838278,0.17487542258436703
242264.9658084291,53255.75455286861,-1.2961379184914685,0.1749844323636436
242052.6843016483,53328.05941332804,-1.2981835817798233,0.1750313995827837
242052.6843016483,53328.05941332804,-1.2981835817798233,0.17507367008000974
241681.4975678006,53281.358776463894,-1.2987859197069282,0.17509665507933558
241226.74339174948,53310.25259009254,-1.3010009512799343,0.17506196578940367
241226.74339174948,53310.25259009254,-1.3010009512799343,0.17503074542846495
240298.08741531742,53226.0683968198,-1.3030752392162794,0.17495078990521146
239679.354344475,53229.01745143088,-1.3054687265405716,0.17481899275117604
238811.8299769493,53133.27234485573,-1.307124313867948,0.17465898562935975
237832.1778514572,53119.1989474155,-1.3106017792365146,0.1744280425855109
236763.36580121942,53021.50264466307,-1.31300214934938,0.17416018459322533
236763.36580121942,53021.50264466307,-1.31300214934938,0.1739191124001683
235308.8166969599,53024.983491748964,-1.3185906369349045,0.17356243523677886
234501.12124252695,53015.91753155331,-1.321508612056811,0.1731684764116807
234501.12124252695,53015.91753155331,-1.321508612056811,0.17281391346909236
233297.16081184297,53130.934104692766,-1.3280063928284465,0.17233236230147198
231875.01001453894,53297.878498860184,-1.3361573395481758,0.1716951925826204
230442.89757695145,53622.301197242465,-1.3468464703482417,0.17085451156565232
230442.89757695145,53622.301197242465,-1.3468464703482417,0.17009789865038105
229757.00349865918,53921.62928827493,-1.354219260210293,0.16923262728008565
228165.44373272455,54576.41535570548,-1.3704020916491007,0.16804931226084957
227163.7770274883,55485.79935215285,-1.38785249180715,0.16654806873958586
227163.7770274883,55485.79935215285,-1.38785249180715,0.1651969495704485
225941.67265039316,56653.84363481685,-1.4092151140044602,0.16344687676329217
225232.42460844546,57670.24560188924,-1.4258621876476891,0.16145563439577074
224244.42587590052,59447.473225196474,-1.4527475076075576,0.15899138326600473
223905.3193482084,61709.398951408155,-1.4817257326199447,0.15604910162390564
223905.3193482084,61709.398951408155,-1.4817257326199447,0.15340104814601646
223364.42659876298,64365.28830892471,-1.513598407938976,0.15022098313294044
223598.8595558609,66496.97586598403,-1.5353118247439306,0.14681608920104813
224427.41632207506,70056.57416860244,-1.567366792608264,0.14295031046573672
224427.41632207506,70056.57416860244,-1.567366792608264,0.13947110960395645
225341.8143951922,74322.42992579754,-1.6019500720644202,0.1354752468419503
227834.27367867014,79139.68497345415,-1.632802913093728,0.13110764933041208
229804.90882364093,82814.52100228457,-1.6537568945220225,0.1266529620343203
229804.90882364093,82814.52100228457,-1.6537568945220225,0.12264374346783771
233188.98854875343,88796.71446289042,-1.6837579935913354,0.11828541928127057
238304.2583763195,95625.69551665512,-1.7107780593113842,0.1136874258703589
244589.06995718117,103152.66357196534,-1.73515129908984,0.10893990080607702
248960.23315200707,108658.54648704283,-1.7512610186714859,0.10426438525868217
248960.23315200707,108658.54648704283,-1.7512610186714859,0.1000564212660268
257992.51785196364,117477.04116966452,-1.7704317618679308,0.09578998509272585
268001.3446810512,127146.0553011211,-1.7882280247744209,0.09150528596409274
268001.3446810512,127146.0553011211,-1.7882280247744209,0.08764905674832295
279313.8342144159,137592.91519255034,-1.803914588172431,0.08378628636917988
288515.59072563687,144968.70701230018,-1.8119390409956082,0.08010918170737169
303138.3153711285,156663.93904667496,-1.823072486109429,0.0765214513838988
319103.4441376195,169066.11253894705,-1.8326494553777433,0.07305306986106534
319103.4441376195,169066.11253894705,-1.8326494553777433,0.06993152649051523
337946.9479944243,182215.1551933441,-1.8392587697673055,0.06695690459728107
350925.7019991864,191272.59769908412,-1.84328416004541,0.06417911013641771
371553.047809948,205408.03109200098,-1.848491830665146,0.06154890335614729
395465.7702433138,219964.84673292402,-1.8507080337569604,0.059126312176608554
395465.7702433138,219964.84673292402,-1.8507080337569604,0.05694598011502369
436549.16808674455,245235.74697731348,-1.8542836201147561,0.05489429160065242
436549.16808674455,245235.74697731348,-1.8542836201147561,0.05304777193771828
464487.0919290331,260883.1722120017,-1.8542190092288946,0.05138751951322409
464487.0919290331,260883.1722120017,-1.8542190092288946,0.04989329233117932
492624.1908390156,276610.91748381825,-1.8541207947645204,0.04855094322894838
523072.5081861413,292650.70224414277,-1.8528240891644778,0.047375246676941596
545336.4582344192,303238.31616693165,-1.8506038471302062,0.04637262583099228
578183.61341478,319283.5846422267,-1.8480837634642981,0.045533269161285604
578183.61341478,319283.5846422267,-1.8480837634642981,0.04477784815854959
614698.8143171764,335031.3318382154,-1.8432717865271275,0.04421826867951645
654701.2634250257,350724.62289975403,-1.8368295342455627,0.043875703455425734
681625.8678663215,360879.2881819389,-1.83237850575331,0.04367867046605041
727956.7276442911,376058.85598697665,-1.8229126366625181,0.04373798750288242
727956.7276442911,376058.85598697665,-1.8229126366625181,0.04379137283603123
779197.9991937458,390646.2634657973,-1.8110428327509742,0.044136164733653754
834928.958948713,404773.9614073119,-1.7973226505851607,0.04478948199565936
877974.7720691252,413863.8430061468,-1.7854892707407903,0.045673302027573665
877974.7720691252,413863.8430061468,-1.7854892707407903,0.04646874005629654
949026.7481092227,427051.5179449666,-1.765157258720818,0.04769293458264644
1026821.6244750752,439518.0080958073,-1.7421845522053931,0.049369027319246965
1119874.2087687182,451194.56988247007,-1.7128002230438353,0.05161211901122639
1186572.8830988817,458657.7682677541,-1.691628223143689,0.05416020153151153
1186572.8830988817,458657.7682677541,-1.691628223143689,0.05645347579976815
1296726.3907777423,469174.2046547612,-1.6559916257879608,0.05940833757509232
1424959.1821169981,479041.52232442895,-1.6135090609449196,0.0631297772939601
1565467.4903193065,487893.9751486715,-1.5663376777855156,0.06765835761992621
1565467.4903193065,487893.9751486715,-1.5663376777855156,0.0717340799132957
1723732.267063742,496364.8659272493,-1.5131045790604913,0.07673305744545385
1841109.2210134114,501319.25305884395,-1.4728271981807546,0.0822390717463896
2028411.9290786905,508670.046200482,-1.4093020488952976,0.0887826133493682
2028411.9290786905,508670.046200482,-1.4093020488952976,0.09467180079204894
2237082.1299418607,514970.7437381621,-1.337458085693657,0.10176816857050261
2468701.4488338456,521172.08945418725,-1.2582946592250948,0.11013398523282499
2631329.3960480285,524587.5895584809,-1.202021733469622,0.11907004337280194
2895435.073353804,529845.8168657126,-1.1115807204560706,0.12937352102411998
2895435.073353804,529845.8168657126,-1.1115807204560706,0.1386466509103062
3182294.2684614924,534149.8070155692,-1.0122044401622743,0.14947687481521874
3486985.009967391,538538.6017734901,-0.9079470957666308,0.1618305099395311
3704304.7708116067,540987.3514722894,-0.8328814475128044,0.17482542275775786
3704304.7708116067,540987.3514722894,-0.8328814475128044,0.186520844294162
4049297.073932917,545163.8011931444,-0.7158957969633126,0.199971364940663
4411580.79622078,548928.6942014506,-0.5931304716681824,0.21514596665489216
4799912.752340014,553228.4283995873,-0.46423005356916774,0.23202561865017376
4799912.752340014,553228.4283995873,-0.46423005356916774,0.2472173054459272
5069433.388060942,556109.9220077349,-0.37559931633539617,0.2631055919929496
5488862.3829164095,561218.685172349,-0.24168049470565797,0.2807530204260132
5932262.188175157,566808.221356965,-0.10343687379255982,0.30009179653859785
5932262.188175157,566808.221356965,-0.10343687379255982,0.31749669503992406
6391541.1309841955,573271.6920294083,0.034267430780988394,0.3366037113054564
6706968.8299148455,578229.0846860355,0.12495860061899622,0.35606730519038565
7198048.045557707,586727.225137815,0.25980594240486443,0.3769557232314687
7701072.976032928,596811.1433167566,0.38791864357130473,0.3989581169976045
7701072.976032928,596811.1433167566,0.38791864357130473,0.4187602713871267
8218645.916138249,608177.292709959,0.5108508322665848,0.43965551505507866
8572492.864528913,617133.0510313001,0.5868968802042736,0.4603623855546777
9107786.540004408,631718.7521745306,0.693052030006191,0.4816524477493647
9107786.540004408,631718.7521745306,0.693052030006191,0.5008135037245831
9652654.907998696,648815.5683076076,0.7857503977363726,0.5203759132955341
10205219.793818844,667494.1643033985,0.8686981923003364,0.5400557767734891
10573435.756022446,681753.9003755843,0.9131076260383305,0.5588778897470985
10573435.756022446,681753.9003755843,0.9131076260383305,0.575817791423347
11129171.995236149,704354.5737257353,0.971837022249938,0.5925319378372608
11685704.339549754,730042.5180917579,1.0134327982843119,0.6086145640106425
12052652.386289291,747961.7644046802,1.0350238743065623,0.6236287044672424
12601098.866082262,777705.3466316384,1.0529489439191366,0.6375895576184967
12601098.866082262,777705.3466316384,1.0529489439191366,0.6501543254546255
13142243.523202566,809179.004471325,1.0607159544220917,0.6616567917697153
13670179.330822522,843754.5997377689,1.0526836672936248,0.6718082042750844
14016601.926635537,867500.802801415,1.0437833670131285,0.6807219680229042
14016601.926635537,867500.802801415,1.0437833670131285,0.688744355395942
14522901.494365696,905865.7878065653,1.0185095261352093,0.6953326580097281
15008682.720477484,945601.3096639846,0.9862654420671434,0.700456028260434
15008682.720477484,945601.3096639846,0.9862654420671434,0.7050670614860692
15476795.633019155,987777.4184156118,0.945184736227745,0.708189973743156
15918984.997313011,1031368.8060726579,0.8981198142518013,0.7098239717251353
16199559.167274836,1061412.773858553,0.8633381726974594,0.7104250288700583
16199559.167274836,1061412.773858553,0.8633381726974594,0.710965980300489
16599162.223910453,1107166.192870639,0.8089569402248137,0.7100933057760604
16599162.223910453,1107166.192870639,0.8089569402248137,0.7093078987040747
16966742.34791009,1154093.3827489207,0.7502761860489147,0.7071340134848901
17509410.58129143,1233685.657451753,0.6477576707417807,0.7026145539049456
17509410.58129143,1233685.657451753,0.6477576707417807,0.6985470402829956
17786882.08736205,1281699.923512172,0.5842234620938093,0.6932979228070414
18028921.18398036,1329234.0329924184,0.5208935558994999,0.6869904694238248
18028921.18398036,1329234.0329924184,0.5208935558994999,0.6813137613789298
18232836.929811537,1376664.635236754,0.4565557759544132,0.6745962796398972
18345621.691423558,1407285.8132070492,0.4146211944932911,0.6675021815382397
18483372.97961342,1452780.487763044,0.35144523937062505,0.6595380943686814
18483372.97961342,1452780.487763044,0.35144523937062505,0.6523704159160789
18579546.241937228,1496091.052709933,0.2901613161574611,0.6443874072284075
18633894.915566422,1538113.0148666832,0.22889336335392851,0.635671000589415
18647980.553449776,1564257.1242581112,0.18989425755738976,0.6268512569694082
18647980.553449776,1564257.1242581112,0.18989425755738976,0.6189134877114022
18633589.895082615,1602135.4650507646,0.1312709895180669,0.6103039136782137
18577028.747663043,1636385.181926735,0.07523565502235131,0.601154413685951
18481623.131188754,1668030.6110212393,0.020292626857205485,0.5915462879887862
18393843.60560574,1686669.5287796066,-0.01487847520163066,0.5820196973098668
18393843.60560574,1686669.5287796066,-0.01487847520163066,0.5734457656988393
18230863.516817145,1712289.0721008098,-0.06695484820131549,0.5644273179239225
18029987.797512017,1733350.9647831337,-0.11639256921034685,0.5550747719012716
17790391.953855686,1750632.9350245653,-0.16467861794539954,0.5454503292625095
17611846.4035693,1759468.13462537,-0.19541975122790914,0.5360198025555608
17611846.4035693,1759468.13462537,-0.19541975122790914,0.527532328519307
17316290.707295995,1769495.0488565555,-0.24052126936472404,0.5187660639332582
16986214.91067592,1774627.8759117243,-0.28371847603838896,0.5097964956389727
16986214.91067592,1774627.8759117243,-0.28371847603838896,0.5017238841741156
16628355.333091727,1775171.4712696879,-0.32494450389119234,0.49342788315942426
16373457.650146347,1772946.4411845696,-0.35155501649208176,0.48529621943117984
16373457.650146347,1772946.4411845696,-0.35155501649208176,0.47797772207575984
15967940.058401663,1765758.8524720883,-0.3902697704706422,0.4704232056064178
15541255.459087785,1753903.5275737876,-0.42698635215149794,0.4627062262419886
15090323.59377668,1737138.6528225176,-0.462073450599173,0.45488376735281044
14779478.208314888,1723709.7485627548,-0.48478218686096924,0.4472758359460052
14779478.208314888,1723709.7485627548,-0.48478218686096924,0.44042869767988047
14300758.765729671,1699523.2249433957,-0.516964317902196,0.4334617199643375
13805249.131836459,1671367.1209358796,-0.548150831969112,0.42641177716867595
13297842.34046896,1638651.0242057825,-0.5773261440236348,0.41933744585121746
13297842.34046896,1638651.0242057825,-0.5773261440236348,0.4129705476655049
12955712.57609958,1615101.1706520105,-0.5961741251575609,0.4067691397700154
12432114.003354263,1576110.0373481652,-0.6231372123102927,0.40051379548525656
12432114.003354263,1576110.0373481652,-0.6231372123102927,0.3948839856289736
11905327.340908023,1534167.4365352506,-0.6488827736859756,0.38917351772392683
11375499.486530375,1488542.1518243644,-0.6726847983537303,0.38343904599269085
11020079.702837773,1456917.5829403435,-0.6884217979179404,0.3778845964454733
11020079.702837773,1456917.5829403435,-0.6884217979179404,0.3728855918529775
10489629.918563059,1406685.5423203036,-0.7099872515615827,0.3678473513786402
9962537.838439792,1354598.2551572416,-0.7306233431361393,0.36279703266237273
9437559.161445314,1300153.3718281481,-0.7499344443462957,0.35776896828747806
9093268.90039253,1263188.2831080619,-0.7620569455087336,0.3529406478210119
9093268.90039253,1263188.2831080619,-0.7620569455087336,0.3485951594011924
8582300.05408952,1206166.1167791514,-0.778849855302703,0.3442643970785056
8078258.976975911,1148378.4709589395,-0.7951495940715145,0.3399592175188672
8078258.976975911,1148378.4709589395,-0.7951495940715145,0.33608455591519265
7588884.369350878,1089777.410340089,-0.8094189820071287,0.33224062577349517
7267194.328088629,1050515.3144286787,-0.8186830092118481,0.3285494879658495
6794869.225216915,991441.4738496678,-0.8316273760044113,0.32490385476915423
6794869.225216915,991441.4738496678,-0.8316273760044113,0.32162278489212853
6339420.678286688,932591.1965214572,-0.8428919715814526,0.3183882071133794
5895903.86626089,874401.124517311,-0.8539483462695575,0.3152006777453025
5608613.826510234,835888.5270357413,-0.8606058474584751,0.31216546378431037
5194793.813955619,779169.3734947038,-0.8692071263384153,0.30921873924741894
5194793.813955619,779169.3734947038,-0.8692071263384153,0.30656668716421664
4793266.0105117215,723541.7841277807,-0.8777469197063555,0.3039663454551361
4411267.150215915,669739.8560662048,-0.8854444923740563,0.3014335986002711
4167078.090760701,634583.3091156465,-0.8894560643736636,0.2990538371309024
3812390.909336348,583810.6894086722,-0.8968040294154151,0.2967283526824268
3812390.909336348,583810.6894086722,-0.8968040294154151,0.2946354166787988
3477639.2877324456,534852.0096739242,-0.9024731463124563,0.2926100463531075
3161693.377674178,488434.78827704524,-0.9083079179201271,0.2906413437697936
2959052.4199909125,458598.0652248373,-0.9124855169722704,0.2887650714685075
2959052.4199909125,458598.0652248373,-0.9124855169722704,0.28707642639735
2674120.0786527353,416240.33200975996,-0.9181145703892074,0.2854159194978848
2407328.2534795166,376222.17025313096,-0.9233098472477985,0.2837915813669014
2407328.2534795166,376222.17025313096,-0.9233098472477985,0.28232967704901635
2156521.2281517466,339039.5516683322,-0.9309716931154712,0.28082241701622795
2002010.9403878215,315665.2805234191,-0.9346971226717711,0.2793727472478109
1783393.1002766609,282983.29204604006,-0.9427763465821398,0.27786606385847634
1581675.9792150005,252877.54405522827,-0.9523315400888913,0.27627116897040643
1581675.9792150005,252877.54405522827,-0.9523315400888913,0.2748357635711435
1400865.0540396143,225347.80616340597,-0.9600423969314494,0.2733511272907429
1288818.0026831992,208461.8611169577,-0.9668848100660541,0.27184389431001726
1133802.4392531132,185131.86639742373,-0.9786194691313418,0.270194018150732
998155.0930580032,164258.29731983237,-0.9882053681383028,0.26846948213220123
998155.0930580032,164258.29731983237,-0.9882053681383028,0.26691739971552353
875053.0275462262,145466.8968373224,-1.0005540746365267,0.265211807878058
801413.068308297,134303.5499580514,-1.0102903339744589,0.26343336874089074
703790.9306199735,119001.96232652642,-1.020986776637335,0.2615653624508683
703790.9306199735,119001.96232652642,-1.020986776637335,0.2598841567898481
616757.364099899,105796.92487571562,-1.0380151431419367,0.25794536253231487
542266.1392234934,94092.45224230888,-1.0514224295526133,0.25586526554026806
499065.4424958997,87367.8280260124,-1.0616798007445472,0.2537367439676276
499065.4424958997,87367.8280260124,-1.0616798007445472,0.25182107455225117
440275.80703872966,78225.01973395422,-1.0785934923538463,0.2496741297881799
391570.9489276966,70649.07517254501,-1.095897760262511,0.24730927280279913
391570.9489276966,70649.07517254501,-1.095897760262511,0.24518090151595645
326104.68762760685,60400.72605379902,-1.12481501914093,0.24254243588583757
326104.68762760685,60400.72605379902,-1.12481501914093,0.24016781681873056
296174.08291244117,55449.605865435384,-1.1364456089364796,0.23773989491344552
271386.6547083051,51514.70021514417,-1.1511966172781785,0.2351859899901465
271386.6547083051,51514.70021514417,-1.1511966172781785,0.23288747555917738
240433.32669488093,46417.45065723137,-1.1690025561470103,0.2303736640995844
240433.32669488093,46417.45065723137,-1.1690025561470103,0.22811123378595072
227173.2283480569,44120.416188249954,-1.175224677725134,0.2259194934642273
227173.2283480569,44120.416188249954,-1.175224677725134,0.22394692717467624
217070.5553761389,42353.31576826769,-1.1800029389942301,0.22205216098235286
211068.63115795763,41081.752796854016,-1.1774753961005489,0.22041005998160387
207623.33794106243,40387.87649756068,-1.1768780638941894,0.21894710238608875
204504.37623307126,39647.632095441135,-1.1733881539468964,0.21771768829880747
204504.37623307126,39647.632095441135,-1.1733881539468964,0.21661121562025432
203902.0695956427,39094.81426693033,-1.1617915665026088,0.21590530489566367
203902.0695956427,39094.81426693033,-1.1617915665026088,0.2152699852435321
203326.828732696,38896.637823014484,-1.1594162115421596,0.2147575814306249
204691.68454386454,38659.41326443839,-1.1458340658636619,0.21463597164097087
205975.78567341424,38709.01126075839,-1.140514781133317,0.21465950494854089
206977.51193167074,38654.937335652125,-1.1337906941725873,0.2148487870993721
209446.4560194141,38827.53948889064,-1.125771185463819,0.21521962875283943
209446.4560194141,38827.53948889064,-1.125771185463819,0.21555338624096002
211506.74522872895,38833.9678779498,-1.1152570201774303,0.21611662211242827
212483.09111326307,39003.93163621798,-1.1149952663553393,0.21663007824230196
212483.09111326307,39003.93163621798,-1.1149952663553393,0.2170921887591883
214940.19948547494,39015.24808787954,-1.1026191442546518,0.2178174912769032
216656.8520023718,39191.69292256173,-1.098789522286072,0.2185660040920611
217360.03757317393,39159.50118385695,-1.0942538595344091,0.21935305719449474
217360.03757317393,39159.50118385695,-1.0942538595344091,0.22006140498668506
219261.60719428223,39332.72481833356,-1.0894362042408405,0.22081935938199554
220349.21244877964,39346.580968637965,-1.0842601254535154,0.22163092030745812
220921.7069587618,39517.76513224124,-1.0862299152343482,0.2223120803958536
221879.5382656914,39527.65172646748,-1.0816272896015697,0.223040190116229
221879.5382656914,39527.65172646748,-1.0816272896015697,0.22369548886456686
222126.42761170768,39718.0865930084,-1.08579936940979,0.22418095574286545
222210.33881246948,39767.59857679884,-1.0867775788891374,0.2245934206963505
222534.46683354914,39926.92025216679,-1.0896356357409447,0.22489318773319183
222154.85418391545,39949.63665217521,-1.0921898635958793,0.2250991223699757
222154.85418391545,39949.63665217521,-1.0921898635958793,0.22528446354308118
221407.84128123938,40132.993857073256,-1.1010629848378215,0.22522944256782754
221113.10277060443,40223.055688576605,-1.1050299548676654,0.22508074943935316
221113.10277060443,40223.055688576605,-1.1050299548676654,0.22494692562372623
219635.2114989638,40359.09000766649,-1.1161461083160877,0.2245485803534514
218893.92821348185,40436.859849386245,-1.1219510184028574,0.22404494685803483
217770.7113096963,40606.6190098568,-1.1320883462112878,0.22333824351694917
217770.7113096963,40606.6190098568,-1.1320883462112878,0.22270221050997205
215722.21803432913,40749.72586404479,-1.1460177620506582,0.2217815454077084
214112.900908884,40862.010728925954,-1.1568887663567362,0.22068117170801915
212866.7523303912,40974.39148535355,-1.1659160419886707,0.21946515348750048
210347.70412477647,41108.51325361726,-1.1816845640284408,0.2179765240380394
210347.70412477647,41108.51325361726,-1.1816845640284408,0.21663675753352446
208144.35875123026,41284.60799310803,-1.196841800701735,0.21505203676262866
205737.27189850493,41362.68472451425,-1.2104905241072057,0.21328456998368567
205737.27189850493,41362.68472451425,-1.2104905241072057,0.21169384988263698
203667.20736444244,41500.34098720539,-1.2238707346891164,0.20992769652714538
201258.85483797468,41591.75234115079,-1.2377168383836483,0.20799200591483963
198369.44312409867,41785.99393186706,-1.2561891900873465,0.205788075571172
198369.44312409867,41785.99393186706,-1.2561891900873465,0.20380453826187117
195326.42705129538,41833.3101877409,-1.2719341665952135,0.20162573027080372
193541.01377614232,41986.55490540071,-1.2839408410815376,0.19936463621668493
190602.9288727841,42024.47654871791,-1.298871926567773,0.19695637443082212
190602.9288727841,42024.47654871791,-1.298871926567773,0.1947889388235456
187416.17150481103,42198.94210691394,-1.3178739039319478,0.19236319734289234
184659.7345630233,42221.03579085193,-1.3315021678384205,0.1898393234126426
182548.23188597424,42335.73468367948,-1.3439441097979097,0.1872567883264306
179401.1573752863,42335.611092515086,-1.35892569604636,0.18455796709262856
179401.1573752863,42335.611092515086,-1.35892569604636,0.18212902798220673
176744.6742436159,42467.29768705916,-1.3741834752950712,0.17956153830160929
173465.9674218015,42489.59752311665,-1.3901780549007614,0.17685093309892932
171641.75842885196,42583.13569984367,-1.4006207944123021,0.17415031992872884
171641.75842885196,42583.13569984367,-1.4006207944123021,0.1717197680755484
168905.80494976338,42573.66246134876,-1.4133938248022813,0.16921294564793654
166022.34112603278,42641.32714018576,-1.4282934026008964,0.16658431601812046
166022.34112603278,42641.32714018576,-1.4282934026008964,0.164218549351286
163328.68060508353,42685.081965722384,-1.441818170225149,0.16175124016052866
161770.17513770922,42696.03382263731,-1.4493738617706553,0.1593417696002094
158850.96855128097,42706.89128473657,-1.4633463710491315,0.15682393336396017
158850.96855128097,42706.89128473657,-1.4633463710491315,0.15455788075133586
156603.41794362693,42706.04905001948,-1.4739399931472255,0.15225359284752163
154137.65627968856,42777.32133751434,-1.4867905057248956,0.14985847091964707
152487.2645439673,42755.39077630745,-1.4941987930034757,0.14751765400259548
150299.39770472565,42803.609056757225,-1.505311807163528,0.14513309342324773
150299.39770472565,42803.609056757225,-1.505311807163528,0.14298698890183476
148019.49540666514,42757.160960818626,-1.515291158218197,0.14080601105619636
145881.05293900476,42851.46060706843,-1.526885950144925,0.1385532611969536
144537.8771305813,42787.5455874782,-1.5321885874072039,0.13639322039207816
144537.8771305813,42787.5455874782,-1.5321885874072039,0.13444918366769024
142488.02106980866,42872.760481574805,-1.5431796651772862,0.13242477367148905
140294.1400347499,42821.93723965373,-1.5527116278566502,0.1303645056079239
140294.1400347499,42821.93723965373,-1.5527116278566502,0.12851026435071525
138654.25873442114,42928.91853858483,-1.5620574017177846,0.1266078028726991
137098.33284070875,42888.19284997455,-1.5687519401347436,0.1247282240820606
135351.6826148239,43015.52535652836,-1.5788441790346506,0.12278429719798827
133422.9612447176,43017.623266443275,-1.5879127135910316,0.12080804963841366
133422.9612447176,43017.623266443275,-1.5879127135910316,0.1190294268347965
131541.86359851502,43146.084204982966,-1.5985623356330982,0.11716242576048941
131541.86359851502,43146.084204982966,-1.5985623356330982,0.11548212479361303
128644.85973872815,43335.41419096868,-1.6147224751883709,0.11356585043454245
128644.85973872815,43335.41419096868,-1.6147224751883709,0.11184120351137894
126600.1994892793,43435.516627841775,-1.6255902142056404,0.11001732780510004
124882.63866958412,43609.15550348089,-1.6358685080124833,0.10811888232427795
124882.63866958412,43609.15550348089,-1.6358685080124833,0.10641028139153808
123174.45782895669,43817.17364773689,-1.6464670296735642,0.10460757751054515
121795.89842843715,43949.56535911371,-1.6544966255461828,0.10278440412083607
120231.91109441119,44196.481811963466,-1.664750515661199,0.1008872008172225
120231.91109441119,44196.481811963466,-1.664750515661199,0.09917971784397027
118252.51119646593,44451.86063417454,-1.6768766657149272,0.09733982941670005
116675.57239624242,44800.54366189129,-1.6881452955954772,0.09540221408514311
115428.81083315931,45000.01458097611,-1.6960569950401,0.09346056780062631
113834.57277031956,45387.57839887388,-1.7075522813981736,0.09142570398560934
113834.57277031956,45387.57839887388,-1.7075522813981736,0.08959432655209407
111947.82191007008,45726.27348642934,-1.7196141579785533,0.08764453994742083
110556.573392629,46181.44182044958,-1.7305505549675897,0.085616322078489
109229.19951531473,46409.41751042432,-1.7386862375722896,0.08358753393133286
109229.19951531473,46409.41751042432,-1.7386862375722896,0.08176162459889234
107955.49557693322,46930.97175270335,-1.7494292213761131,0.07984973160460028
106588.87637339761,47412.32011303916,-1.7599467872449244,0.07786608876301715
105225.36990914131,48056.95344852917,-1.7717445854549176,0.07578586525034249
104766.2831199973,48506.592265157575,-1.7777436105366609,0.07376368846189171
104766.2831199973,48506.592265157575,-1.7777436105366609,0.07194372935228602
104251.5693442422,49383.894413114474,-1.7875787248768547,0.07005988829513606
103832.68967647085,50387.16017101978,-1.7977271706873912,0.06811072019843767
103832.68967647085,50387.16017101978,-1.7977271706873912,0.06635646891140912
104651.87380485558,51638.466644406806,-1.8045949516120376,0.06460594822996726
105306.19762410413,52633.64086657982,-1.809813027586339,0.06290002771731205
106733.92080360287,54435.28809830129,-1.8178740249867225,0.06116317432091279
106733.92080360287,54435.28809830129,-1.8178740249867225,0.05960000626415345
110239.42625144581,56670.02398898434,-1.8209907954528028,0.05811523575141804
113780.88271604019,59271.20270442915,-1.8261552492930224,0.05664983094395068
117266.162879686,61412.88645830773,-1.8282100519550908,0.055279596550678343
124409.90330587311,64953.31137023571,-1.827020234054698,0.05407613104424306
124409.90330587311,64953.31137023571,-1.827020234054698,0.0529930120884513
132137.0078896681,69269.11581788138,-1.828589519246575,0.0519789728984418
142441.80681019463,74100.80267399026,-1.825630099541847,0.05114032312005144
150810.19280349513,77892.49100474919,-1.822835938183435,0.05045539235346043
150810.19280349513,77892.49100474919,-1.822835938183435,0.049838954663528515
163649.2786324102,84006.6023423283,-1.820433208099878,0.04934422899467872
179778.31540481304,91161.21183095343,-1.8155874935151177,0.049020118757332906
198339.83407691808,98991.2882723072,-1.8092345953197502,0.04888724199860586
198339.83407691808,98991.2882723072,-1.8092345953197502,0.048767652915751525
211117.10907017285,104871.43762186075,-1.8073206681421152,0.048707870920623494
233812.57630897232,114206.47009628081,-1.8004318222189686,0.04882628827308694
233812.57630897232,114206.47009628081,-1.8004318222189686,0.04893286389030403
258995.1495991651,124668.51592291595,-1.79434620610069,0.04918092234875638
285482.10141340044,135941.83568242818,-1.7897985701930688,0.049517865859054024
305773.0850641791,144059.4673249864,-1.785259890689237,0.0499345820059177
337616.8478262761,156826.070560987,-1.779159703073668,0.050462131228484225
337616.8478262761,156826.070560987,-1.779159703073668,0.0509369255287941
370715.2654063344,170567.5258617104,-1.7750049874222336,0.051468108290358854
408050.0255562363,185167.20400838327,-1.768905055372202,0.05209867107701792
433362.6361550712,195284.87387953443,-1.7657914795661884,0.052744016980161415
472356.55725101713,211159.38830802008,-1.7621961828192059,0.05341471071166513
472356.55725101713,211159.38830802008,-1.7621961828192059,0.05401833507001847
515691.6646568445,227641.32665948474,-1.7564710573533135,0.054704725129183784
558572.44759516,244912.9729585146,-1.7533812796091708,0.05539972062603614
588298.1952753064,256558.57610171082,-1.75089410544709,0.05608739592725528
588298.1952753064,256558.57610171082,-1.75089410544709,0.0567063036983525
635933.7715061923,274607.1347865042,-1.746306684817022,0.057378006208091706
682634.5636382686,292777.58206746745,-1.7431246846640003,0.05806208847068253
682634.5636382686,292777.58206746745,-1.7431246846640003,0.05867776250701428
765236.926234166,323764.8094275397,-1.736678946833441,0.05939301258547683
765236.926234166,323764.8094275397,-1.736678946833441,0.060036737656093124
813961.9135266127,342627.5646002469,-1.7342422928969958,0.06067700656805892
864411.9594549977,361105.3771805141,-1.730584188079024,0.06134470120927743
864411.9594549977,361105.3771805141,-1.730584188079024,0.06194562638637409
916144.4357065238,379681.8072446804,-1.7267275785621972,0.06258287428368176
948540.5375472878,391686.71029586135,-1.7249628511494743,0.06320051557657672
999382.4449253113,409696.8994387445,-1.7214071664248936,0.06384528485829671
999382.4449253113,409696.8994387445,-1.7214071664248936,0.0644255772118447
1050241.4777301275,426906.6514238213,-1.7172148201969977,0.06505264898573529
1098215.9512354392,443662.5859104767,-1.714146747573283,0.06569371539782969
1131371.113416779,454284.86528357357,-1.7111022551881563,0.06634678747834281
1131371.113416779,454284.86528357357,-1.7111022551881563,0.06693455235080463
1180452.913628156,469781.2119685573,-1.7066016683407912,0.06757605540720439
1225309.6945789019,484207.7415582367,-1.7030189705255336,0.06824297560334561
1225309.6945789019,484207.7415582367,-1.7030189705255336,0.06884320377987271
1301965.8570483585,505980.49826248904,-1.6944302343429551,0.06959812754331156
1301965.8570483585,505980.49826248904,-1.6944302343429551,0.07027755893040653
1343190.0313201447,517529.4327238236,-1.6899483913457471,0.0710010932537222
1385801.36356569,527896.56219942,-1.683951747598947,0.0718021902383763
1412009.1381625272,533985.4302194775,-1.68009246174801,0.07261965967083843
1412009.1381625272,533985.4302194775,-1.68009246174801,0.07335538216005434
1447541.276469479,542095.572305439,-1.6748545151115009,0.07414848106626139
1484780.6627311732,548702.6567955352,-1.6676554547579325,0.07504224659068694
1516582.993648671,554155.1285698868,-1.661454294237506,0.0760016645756806
1516582.993648671,554155.1285698868,-1.661454294237506,0.07686514076217489
1546367.4575268107,557808.802508065,-1.6543046083350195,0.07782101147758193
1566928.3957362429,559756.9361734787,-1.6488452939063287,0.07881777798216552
1566928.3957362429,559756.9361734787,-1.6488452939063287,0.07971486783629075
1591460.3661425724,561010.4687232268,-1.6412917119008845,0.08071108825513956
1614882.533330808,561204.1374282797,-1.6330763234294223,0.08181307134389004
1630236.6834065977,560218.7881356579,-1.6265315621562852,0.08296847515559391
1647643.1333401115,558061.6431034157,-1.6179769898238554,0.08422220289443814
1663173.9085914511,554158.9226564121,-1.6081365071236269,0.08559656992690366
1663173.9085914511,554158.9226564121,-1.6081365071236269,0.08683350025612263
1677958.6730637702,549310.2040728121,-1.5973711489286235,0.08821587150729479
1683009.8829268971,545097.2985347918,-1.5907444142066784,0.08962567400139836
1691537.1195200088,538236.3997203328,-1.5796176826703576,0.09117266453449958
1691537.1195200088,538236.3997203328,-1.5796176826703576,0.09256495601429068
1697906.9988686822,529930.428082817,-1.5672656361228807,0.0941268195097896
1697906.9988686822,529930.428082817,-1.5672656361228807,0.09553249665573862
1699262.5528283587,514064.4544963935,-1.5468010269981065,0.09730922131521211
1699262.5528283587,514064.4544963935,-1.5468010269981065,0.09890827350873824
1699262.5528283587,514064.4544963935,-1.5468010269981065,0.10034742048291176
1692506.9368101766,492024.0409304597,-1.5197212634629282,0.10231964684804738
1692506.9368101766,492024.0409304597,-1.5197212634629282,0.10409465057666945
1682363.7040111888,471575.8620703608,-1.4939908031811087,0.10633541543947478
1682363.7040111888,471575.8620703608,-1.4939908031811087,0.10835210381599958
1670138.6158014114,458700.01916271605,-1.4791772451781744,0.11053746230494527
1670138.6158014114,458700.01916271605,-1.4791772451781744,0.11250428494499638
1660066.4091394837,445612.5778463568,-1.4621782296396526,0.11469940070950543
1644640.8485858003,432069.2620605757,-1.4458366565292844,0.11708354422532279
1633350.9159758708,423245.66283083655,-1.4352178984254151,0.11949474234215512
1617977.4905222438,409698.54934248206,-1.4170599457334891,0.12211876946460239
1617977.4905222438,409698.54934248206,-1.4170599457334891,0.12448039387480492
1598351.2103493013,396585.12327505375,-1.4007134343735517,0.12701451862798563
1577505.1241953664,383288.05423777,-1.3834928260034065,0.1297257461151019
1557825.4456190334,370706.4410629021,-1.3660369638009073,0.13260224740856902
1541286.1495363573,362250.83918650507,-1.3554679887590249,0.1354553229487365
1541286.1495363573,362250.83918650507,-1.3554679887590249,0.1380230909348872
1518533.9650006953,350482.67719186394,-1.3397564549048069,0.14072687046877833
1518533.9650006953,350482.67719186394,-1.3397564549048069,0.1431602720492803
1495997.1612622892,338931.3681753136,-1.3233946096354359,0.14575937960346638
1469714.899053037,328358.499694936,-1.3108807439576566,0.14841142304417831
1453891.185266594,321511.1752934974,-1.3015864733484712,0.1510306189060487
1430024.8463125222,312291.2034846732,-1.2900799072194475,0.15367555933495766
1430024.8463125222,312291.2034846732,-1.2900799072194475,0.15605600572097572
1403095.6419885661,303701.39631863934,-1.2818466775270148,0.1584042382107028
1387108.032312503,298660.11951688543,-1.2769177234150748,0.16064087130425564
1362714.260624998,291590.64670007734,-1.2710833218634552,0.1627997011272437
1362714.260624998,291590.64670007734,-1.2710833218634552,0.16474264796793298
1336066.5482620485,285692.9261946409,-1.2704380328154425,0.16650743235075363
1313383.7465446033,280778.2018672074,-1.2702217193691305,0.16810114613145
1288257.8167391683,276732.2420902716,-1.2747380394789751,0.16942258053133064
1288257.8167391683,276732.2420902716,-1.2747380394789751,0.1706118714912232
1272218.7856257847,274733.5354623089,-1.2796791796452185,0.17155870485097044
1250785.733795172,272404.3422543261,-1.2875578028471448,0.17221388929469478
1228108.3553053,271228.97032070224,-1.3004003122875398,0.1724824925580368
1228108.3553053,271228.97032070224,-1.3004003122875398,0.17272423549504462
1207132.6897347025,270700.4302262265,-1.3142373970942651,0.17259587701818355
1195116.089402437,271116.73509604094,-1.3245518222231316,0.1722224937607869
1174812.2414844458,272084.78005697276,-1.3427551453500903,0.17143136575095597
1157747.3923391958,274149.9753672766,-1.3618587031959013,0.17024176159596285
1157747.3923391958,274149.9753672766,-1.3618587031959013,0.16917111785646904
1142249.183679448,276630.1905714548,-1.3807839010377418,0.16773440854487862
1131230.8205178003,278901.0074273892,-1.3955240569505287,0.16607286626662754
1118184.4569919072,282437.41136297974,-1.4150720386455111,0.164088778673827
1118184.4569919072,282437.41136297974,-1.4150720386455111,0.16230309984030653
1106504.3713695784,286792.91619768407,-1.4354010581949836,0.16018776340140128
1095078.6823696543,291359.1214404518,-1.4554939907603142,0.1577816372922533
1089971.2402270183,294776.70991940045,-1.4677701415591422,0.15530922002404943
1089971.2402270183,294776.70991940045,-1.4677701415591422,0.15308404448266594
1082488.5933634972,299875.4594360664,-1.4854727333845965,0.15063882169978443
1075483.1551595957,305371.78399278887,-1.5031934561179672,0.1479951031268568
1075483.1551595957,305371.78399278887,-1.5031934561179672,0.14561575641122193
1068889.9399115823,316475.8710258083,-1.5323013254465536,0.1427466476339359
1068889.9399115823,316475.8710258083,-1.5323013254465536,0.14016444973437847
1068095.1266798854,320216.87787450704,-1.5407553054755623,0.13762912212405157
1069282.3521275667,325710.03929216217,-1.5513598899054515,0.13508221266401013
1069282.3521275667,325710.03929216217,-1.5513598899054515,0.13278999414997283
1069377.150266649,331104.524159378,-1.5620836057261973,0.1304589045918206
1071061.978553192,334509.17792530055,-1.5676944883640926,0.12822065192353624
1075840.2665068724,339482.0590508218,-1.574311585806634,0.12604079708601676
1075840.2665068724,339482.0590508218,-1.574311585806634,0.12407892773224924
1078658.3434822538,344055.66131498414,-1.5811521833565878,0.12214223037510963
1084940.7886562906,348407.5791939082,-1.5854111214141793,0.12029272930224419
1089097.3690950144,350937.09041140345,-1.5875480033989753,0.11857475628704539
1093445.1395521206,354512.40676997305,-1.591384763667025,0.11693266156666522
1093445.1395521206,354512.40676997305,-1.591384763667025,0.11545477631832307
1101074.4837077577,357390.7541922729,-1.5920889446907391,0.11410707506922228
1107207.4172915623,359903.8822644106,-1.592990485103239,0.11287160543471908
1107207.4172915623,359903.8822644106,-1.592990485103239,0.1117596827636662
1117915.2166169435,362506.7216284625,-1.5914889097549516,0.11079649174342579
1117915.2166169435,362506.7216284625,-1.5914889097549516,0.10992961982520942
1123461.9230256842,363066.4504344795,-1.5893677455107758,0.1092024642049191
1123461.9230256842,363066.4504344795,-1.5893677455107758,0.10854802414665779
1127626.150292981,363094.56331909605,-1.5871042678321734,0.10801561503618769
1133628.7649943465,362225.04707082204,-1.5822612079239826,0.10765752333446935
1134970.7100878458,361330.97419864446,-1.5799516363245931,0.1073929800929076
1136703.3109428727,359133.0130302431,-1.575104149572483,0.10727607834430478
1136703.3109428727,359133.0130302431,-1.575104149572483,0.10717086677056223
1139166.8787860307,356263.88287205936,-1.5685722030227853,0.10723947501793638
1136850.7944019996,352542.1457034941,-1.5630922121317332,0.10743822221284942
1135563.7821725307,349628.8056455747,-1.5584178671334348,0.10773395331322862
1135563.7821725307,349628.8056455747,-1.5584178671334348,0.10800011130356989
1133320.590775661,344552.595505747,-1.5500848284566964,0.10844797946179549
1126009.2334275667,338735.24410416465,-1.5430490607485594,0.10902695499690196
1126009.2334275667,338735.24410416465,-1.5430490607485594,0.10954803297849777
1113302.1654338848,327421.820606692,-1.5277194492414277,0.11040024344961231
1113302.1654338848,327421.820606692,-1.5277194492414277,0.1111672328736154
1099876.5503664801,319695.0025671985,-1.5196191363998381,0.1120600311762579
1087122.9289522327,311265.933356306,-1.5090986267942619,0.11312656238877557
1087122.9289522327,311265.933356306,-1.5090986267942619,0.11408644048004146
1070718.4959882176,302350.89635278104,-1.4992769990148205,0.11519587145666682
1050843.4759886612,292753.17245392146,-1.4895593015368633,0.11643730177257855
1038318.5504960146,286196.25066147855,-1.4818039055897372,0.11774847395557728
1038318.5504960146,286196.25066147855,-1.4818039055897372,0.11892852892027611
1015665.1231678028,275860.0494281443,-1.4709556886205721,0.1202617838127342
990065.6353209243,265294.5635185132,-1.4608497918266434,0.1217143606357947
964997.4197937443,254312.8628396663,-1.4482353966430213,0.12333703965613971
964997.4197937443,254312.8628396663,-1.4482353966430213,0.12479745077445022
945463.6685907422,246985.41846822068,-1.4414856455983869,0.12628056455704553
945463.6685907422,246985.41846822068,-1.4414856455983869,0.12761536696138132
884354.9845837739,224481.71636241887,-1.4190048981671002,0.1293787078110657
884354.9845837739,224481.71636241887,-1.4190048981671002,0.13096571457578163
849629.8507927585,213152.8974940741,-1.4096378479740619,0.13262819691885191
826781.8831517856,205708.94440033354,-1.4029513649308676,0.13429159310369504
792937.8609211162,194535.97853236514,-1.391489095369671,0.13607520640908377
755569.4441917568,183649.46975222134,-1.3837999132696792,0.13787268793643342
755569.4441917568,183649.46975222134,-1.3837999132696792,0.1394904213110481
719535.7302466842,172960.20522047428,-1.3745417987741135,0.14117783421059046
695681.284677171,166050.37958469073,-1.3686041743315687,0.1428449464312422
695681.284677171,166050.37958469073,-1.3686041743315687,0.14434534742982877
657112.6680430117,155897.07421399752,-1.3634717315622382,0.14582401939778994
620687.481673152,146195.23781728672,-1.3573106825486372,0.147308850394295
620687.481673152,146195.23781728672,-1.3573106825486372,0.14864519829114958
584216.0795354506,136921.94597551276,-1.3530423581653437,0.14995461950790104
558770.323288314,130997.07193587953,-1.3532971923694543,0.15112672774787458
523696.9532016469,122511.89372363538,-1.3514539217337442,0.15222770692974352
488607.66805978486,114557.6505570331,-1.3533675980958486,0.15317074628437297
488607.66805978486,114557.6505570331,-1.3533675980958486,0.15401948170353946
453648.07758328825,107178.01587820475,-1.3599204185829175,0.15461952306861257
432338.8289387147,102535.21342866607,-1.3631795445841168,0.15507808214714838
400444.3440167661,96058.53898923106,-1.3728021904722816,0.1552502191706265
368884.2864689268,90101.36499821527,-1.387849543840741,0.15502895865754535
368884.2864689268,90101.36499821527,-1.387849543840741,0.1548298241957723
341120.5522208256,84764.32375018655,-1.401911626765154,0.15429905110706624
322182.0283742761,81435.78928562981,-1.4156327094509251,0.15347832826008648
295390.79817470565,76966.97310761239,-1.4394948873678417,0.15214312324988177
295390.79817470565,76966.97310761239,-1.4394948873678417,0.15094143874069754
272100.9065651158,72936.87623662534,-1.4611144270671816,0.14931943418994825
272100.9065651158,72936.87623662534,-1.4611144270671816,0.1478596300942739
234603.58558379277,67360.93316148262,-1.511074346681272,0.1452968084178147
234603.58558379277,67360.93316148262,-1.511074346681272,0.14299026890900143
216206.3796189278,64638.58642966555,-1.5388779798468006,0.14021929252193127
197970.1452089581,62231.51643549757,-1.5718676907618974,0.13690067100069073
182564.77543495232,60289.11402023385,-1.6027148510022942,0.1331427326255643
173803.21147874865,59098.613764547306,-1.6203026565144518,0.1293208929501466
173803.21147874865,59098.613764547306,-1.6203026565144518,0.12588123724227063
160307.96767102357,57693.64204048753,-1.6530166773696429,0.12196769658380249
149982.7366943894,56472.21924959966,-1.6777575384583459,0.1178269884639636
149982.7366943894,56472.21924959966,-1.6777575384583459,0.11410035115610859
140870.53516099663,55589.3067835211,-1.7022964058660046,0.11013290589384762
132757.71519132002,54851.79805379658,-1.7252416994382627,0.1059885728185063
128884.10557207493,54530.59569824802,-1.7366867968447288,0.10197254561553744
123872.02652033677,54082.91039850308,-1.7514235925141663,0.09798970124112955
123872.02652033677,54082.91039850308,-1.7514235925141663,0.09440514130416244
119584.55065743839,53854.459487371496,-1.7655127361234122,0.09082680877066089
117444.29646069762,53713.279712707816,-1.7723681013561043,0.0874349253596922
116148.67980586723,53691.35230443588,-1.7770522033395997,0.084265127740233
116148.67980586723,53691.35230443588,-1.7770522033395997,0.0814123098827197
114932.36081988376,53691.11193638444,-1.7816166647553375,0.0787306622755643
115497.81616260612,53785.33392516588,-1.7802533904052416,0.07635126128787684
115497.81616260612,53785.33392516588,-1.7802533904052416,0.07420980039895812
116751.64314668295,54047.85447943292,-1.7776796772906553,0.07234682842679592
116751.64314668295,54047.85447943292,-1.7776796772906553,0.07067015365184995
118847.7800882744,54231.47746881251,-1.7713628997235464,0.0693190657935763
120968.4680206737,54408.080307053446,-1.7649399903330345,0.06826365945589281
120968.4680206737,54408.080307053446,-1.7649399903330345,0.06731379375197767
123874.96387791558,54623.16594370972,-1.7559790663146781,0.06668293771891295
126172.00041313781,54718.737248300364,-1.7483156954702972,0.06630675156026423
129064.99363298588,54873.85649747953,-1.7390025458488207,0.06620101275801729
129064.99363298588,54873.85649747953,-1.7390025458488207,0.06610584783599505
133001.591569825,54957.102877149024,-1.7252820185612117,0.06636321258836525
136757.04197798076,55076.74430965393,-1.7125973617506665,0.06691195728576206
139253.83585978547,55065.27925903933,-1.7033533872917035,0.06763692687489327
139253.83585978547,55065.27925903933,-1.7033533872917035,0.06828939950511136
143637.69244502002,55122.75269788935,-1.687854063352593,0.0692641079707854
147754.3098532538,55067.54838155059,-1.6722588369759155,0.07053122624930898
152185.45935144994,55078.49620166957,-1.6561495651802016,0.07207436449487305
155317.4915681588,54992.44713388064,-1.6437977688207857,0.0737719838248661
155317.4915681588,54992.44713388064,-1.6437977688207857,0.07529984122185986
159890.3080850529,54945.15859236756,-1.6265319451321452,0.07710655847137024
164518.43294131025,54756.30401609313,-1.607471537531405,0.07920911418594809
169735.5420627448,54650.98660111927,-1.5870618994791081,0.08161165528037559
169735.5420627448,54650.98660111927,-1.5870618994791081,0.08377394226536033
174476.7365966016,54432.357199375736,-1.5669899485112686,0.08622179932604258
178090.65839813283,54327.86803672948,-1.5523385823395817,0.08879115483494879
183481.70715563925,54056.87813411565,-1.5289235110153818,0.09168895157606936
183481.70715563925,54056.87813411565,-1.5289235110153818,0.09429696864307788
188799.1268753247,53854.40599317826,-1.506448642376063,0.09720605571936852
194623.17745578077,53598.52494244786,-1.4811720956687233,0.10045614775571358
198545.7916815741,53454.38353259013,-1.4644065652999003,0.10380036884764472
198545.7916815741,53454.38353259013,-1.4644065652999003,0.10681016783038275
204269.67813704786,53149.23831764576,-1.4383998490068248,0.11016915482217385
210568.37737511363,52860.3431296382,-1.4101470974846506,0.1138985619028402
216893.72220843367,52604.41500347468,-1.3820028431933298,0.11795863463272294
221101.65191497144,52368.7842116051,-1.362066649842951,0.12211110492337687
221101.65191497144,52368.7842116051,-1.362066649842951,0.1258483281849654
227982.1627570192,52087.42388515572,-1.3308428579244473,0.1299924239183577
234725.67924013716,51749.101322347145,-1.2988076449872346,0.13452299040184107
234725.67924013716,51749.101322347145,-1.2988076449872346,0.1386005002369761
241950.73085656186,51528.539970227466,-1.2666307810240438,0.1430746806876774
246829.0842758522,51293.866242925986,-1.243129877285057,0.14768896568678325
254345.09784581154,51065.15808183221,-1.2091172699372243,0.1526921373696743
262114.64483962485,50715.69631350498,-1.1713187427056764,0.15813995506506495
262114.64483962485,50715.69631350498,-1.1713187427056764,0.16304299099091654
270187.1837848338,50533.07964806931,-1.1353532847828136,0.16835485977225456
275584.890317992,50271.96570598281,-1.1081126026139692,0.17381655872967988
284213.6277110563,50103.516252008245,-1.0696832201370399,0.17969282235328593
284213.6277110563,50103.516252008245,-1.0696832201370399,0.18498145961453133
292876.262788432,49788.6191695966,-1.0273802799602634,0.19079880665407162
301873.04387022194,49650.286317938655,-0.9875512293116337,0.19703014525587362
308149.8311155306,49450.417727160115,-0.9570120672628731,0.20340182904871443
317467.8334769032,49352.93564574592,-0.9164735505422021,0.21014980738028793
317467.8334769032,49352.93564574592,-0.9164735505422021,0.2162229878787041
327293.19734712335,49122.91964955065,-0.8700845280403131,0.22284857588982587
337272.10066250537,49033.03488658635,-0.8265998765398378,0.22989872138734735
343946.1883988671,48897.521193628345,-0.7952445115389765,0.2370277364601382
343946.1883988671,48897.521193628345,-0.7952445115389765,0.24344385002564997
354368.62488792907,48863.52060845265,-0.7512632507034299,0.25031788375549924
365018.84782551794,48752.116277249275,-0.7038880333561439,0.2576888945460457
365018.84782551794,48752.116277249275,-0.7038880333561439,0.26432280425753757
375508.5078687366,48703.02780151209,-0.6589522907914603,0.27141671656199734
382983.728665021,48668.92401089557,-0.6269031424574849,0.2786024663443605
393902.86569030955,48682.04931826461,-0.5821192300413929,0.2861892389588896
404747.1716942025,48698.83137354253,-0.537795027078248,0.29412543938604446
404747.1716942025,48698.83137354253,-0.537795027078248,0.30126801977048384
404747.1716942025,48698.83137354253,-0.537795027078248,0.3076963421164793
416183.2233446672,48687.25163881446,-0.49004973206679303,0.31467546460316154
434307.38569611014,48781.5594534779,-0.4184893802439964,0.3227456836367455
434307.38569611014,48781.5594534779,-0.4184893802439964,0.33000888076697105
445706.4796434972,48901.84657815321,-0.3759169873971981,0.337610068005344
456281.41298927803,48917.155639120116,-0.33291602892367395,0.34552616048171775
467126.71503044653,49088.53387655291,-0.29494615742839925,0.353599890497836
474496.9814853472,49084.906541734475,-0.2645376858481705,0.36162645930184817
474496.9814853472,49084.906541734475,-0.2645376858481705,0.3688503712254591
484405.024584003,49268.31330947119,-0.23125456527346352,0.3761839699710766
484405.024584003,49268.31330947119,-0.23125456527346352,0.3827842088421324
494683.7885083388,49313.88151557365,-0.19107112634900345,0.38972900979919406
504661.661685992,49499.36494638942,-0.1580160426767798,0.3968057077523552
510525.7958835563,49526.174323690175,-0.13526141940452793,0.4037436014920065
510525.7958835563,49526.174323690175,-0.13526141940452793,0.4099877058576927
519857.99501411925,49729.851370537544,-0.10594501219218831,0.4163403099671187
528694.2118202619,49818.838305293,-0.07395663304148949,0.42285736314436956
536394.3524141082,49985.44169961431,-0.05003480759260822,0.42932075664011743
541893.5333147687,50051.514782276325,-0.03074348373801142,0.4356200938826554
541893.5333147687,50051.514782276325,-0.03074348373801142,0.44128949740093953
549510.096727294,50243.408315504865,-0.008521573996342754,0.446947508310937
555667.9190392275,50389.638163594944,0.00971369024220794,0.4524955997358985
562752.8203769715,50531.46707745464,0.03173674886884092,0.4580394584840297
562752.8203769715,50531.46707745464,0.03173674886884092,0.4630289313573478
566489.72710533,50655.924826751005,0.041091382093998,0.467753322773963
571382.6376600477,50827.22085556968,0.052898806916530365,0.47230046066947995
577039.27040694,51043.014613559906,0.06565724119039658,0.4767118456322919
577039.27040694,51043.014613559906,0.06565724119039658,0.4806820920988227
580968.4152473133,51167.708286279485,0.07558260523165383,0.4845034480197318
583332.4563548743,51348.20726547304,0.07681767227902969,0.48797354502473433
587879.3788369868,51495.62747478378,0.08806039619509422,0.4913777004271383
587879.3788369868,51495.62747478378,0.08806039619509422,0.49444144028930187
590492.2021780694,51766.98940376866,0.08617160581554759,0.4971515864057604
593274.9718712664,51891.05764273133,0.09148390960020433,0.4997235255051895
596453.6288921189,52171.96535551006,0.09135646746477473,0.5020350846412899
597144.4022898616,52235.591619172985,0.09121511214988816,0.5041119539809081
597144.4022898616,52235.591619172985,0.09121511214988816,0.5059811363865645
599318.3540450045,52531.878024911384,0.08656020008393372,0.5075470277500064
601502.0960351784,52680.114946752714,0.08844489126399557,0.5090034472566056
601502.0960351784,52680.114946752714,0.08844489126399557,0.510314224812545
602210.6080855475,52941.07406049572,0.07979764488472718,0.5112777434534087
603469.318765899,53041.51253758091,0.08023928100594263,0.5121559511332164
605405.657048689,53327.3226794324,0.07526716171053333,0.5128220350626581
605517.2845647077,53522.14264038331,0.06735791567662974,0.5132237794483081
605517.2845647077,53522.14264038331,0.06735791567662974,0.513585349395393
607645.0165542504,53731.52980361939,0.06645325632306563,0.5138881458639304
608311.2694777556,53876.47561353777,0.06281317696977155,0.5140696607017816
608543.1477157262,54109.4292231089,0.0538786263070076,0.5140096602892786
608543.1477157262,54109.4292231089,0.0538786263070076,0.5139556599180259
610537.3679492297,54356.22662460518,0.050980945307663186,0.513834617558915
610537.3679492297,54356.22662460518,0.050980945307663186,0.5137256794357151
611127.2809029402,54502.664652477964,0.04707951202844988,0.5135300992928549
613474.8836329435,54857.829071080014,0.04107259264121047,0.5132039041795996
613474.8836329435,54857.829071080014,0.04107259264121047,0.5129103285776699
614100.8428716229,55130.79355249014,0.0322003304655097,0.5124243039815407
614896.343001061,55221.659901456056,0.031409476718050985,0.5119671105013379
614896.343001061,55221.659901456056,0.031409476718050985,0.5115556363691554
617038.6851257777,55485.2512426961,0.02852945528263934,0.5111133091143059
616905.5498199308,55498.42848390477,0.027513662229986333,0.5106898197586249
618034.2354681792,55737.981927265966,0.0219656184760637,0.510169978244664
618034.2354681792,55737.981927265966,0.0219656184760637,0.5097021208820992
619618.3129498541,55779.946171456446,0.026008514761522595,0.5093821216629274
619555.7309353799,55951.942118877436,0.01890003218359467,0.5089164103012245
620203.1829251336,55950.97349379381,0.021271217993325847,0.5085565497209352
620203.1829251336,55950.97349379381,0.021271217993325847,0.5082326751986749
621616.3728937638,56111.28314155361,0.019964302018646324,0.5079085152292735
620823.7921022028,56129.322365788474,0.01640030151792038,0.5075276712442942
621653.5255295774,56182.09132359915,0.017283185742397223,0.5072069837634248
621685.1694878183,56183.48509498478,0.0173413858087446,0.506919820032301
621685.1694878183,56183.48509498478,0.0173413858087446,0.5066613726742895
620231.53969691,56225.23983791321,0.01047360206443636,0.5062570754584714
620145.6741835332,56222.79266509169,0.010262538239952913,0.5058879313686231
618446.8555117645,56140.0013610791,0.0074417571265864,0.5054851821599254
618446.8555117645,56140.0013610791,0.0074417571265864,0.5051227078720976
616743.0797809142,56135.53568144678,0.001500472648429418,0.5046479489010985
615224.9068897673,56033.53432842564,7.046733004898281e-05,0.50418491569424
615224.9068897673,56033.53432842564,7.046733004898281e-05,0.5037681858080673
612273.4933253678,55988.03818162284,-0.008756976527474116,0.5031724428140737
608201.2018490271,55773.15995324887,-0.014982071642623737,0.5024806467416008
606419.9366182503,55743.26685872894,-0.020244490641368053,0.5017264698014066
606419.9366182503,55743.26685872894,-0.020244490641368053,0.5010477105552318
601356.6316157437,55493.92801609609,-0.028783349924249513,0.5002233557516024
595920.3333851259,55364.599212592846,-0.04347341459247064,0.4991141848116304
595920.3333851259,55364.599212592846,-0.04347341459247064,0.4981159309656556
585846.099717359,54943.69830053019,-0.06381210467774981,0.49670903525214627
578217.258716945,54576.42215371318,-0.0775245494204194,0.49510001799142117
578217.258716945,54576.42215371318,-0.0775245494204194,0.4936519024567686
571086.5545256532,54329.00876896201,-0.09425555040243783,0.49193032345103077
561534.8941756106,53936.044556807006,-0.11451500140967925,0.4898744160706857
555450.3746354671,53743.39588973603,-0.12981321349461153,0.4876416441262518
555450.3746354671,53743.39588973603,-0.12981321349461153,0.48563214937626137
546099.862391768,53290.513108586085,-0.14747702908507582,0.4833820087115084
534586.060920993,52905.678445027195,-0.17631956789894526,0.48063581864288396
523811.2839139108,52457.31171153882,-0.20031366463398467,0.47756439516274596
523811.2839139108,52457.31171153882,-0.20031366463398467,0.4748001140306218
516040.3383210055,52160.77735874334,-0.21890124777114997,0.4718475714332808
502941.1318195753,51662.04401484569,-0.25075938588266444,0.4683938296428861
490298.00915625977,51162.40767250038,-0.2814076607336011,0.4645192551602575
490298.00915625977,51162.40767250038,-0.2814076607336011,0.4610321381258917
476934.0171561051,50686.02376821126,-0.316399087284244,0.4570189471311965
466985.4704081428,50318.09660255414,-0.342383739244338,0.4527574589369684
453398.6681099793,49806.687441206486,-0.37816235001373666,0.4480276542929282
438491.4416536583,49232.50385846792,-0.4177964214216102,0.4427799783280951
438491.4416536583,49232.50385846792,-0.4177964214216102,0.43805706995974536
423242.8210281744,48735.81701319087,-0.4625681739906516,0.43268715861400453
423242.8210281744,48735.81701319087,-0.4625681739906516,0.42785423840283776
398110.6978652449,47807.30654918702,-0.53453497750838,0.4217054401248445
398110.6978652449,47807.30654918702,-0.53453497750838,0.4161715216746506
382223.06672791904,47198.171255684356,-0.5807237236178004,0.41003627641674056
382223.06672791904,47198.171255684356,-0.5807237236178004,0.4045145556846215
367209.112373998,46678.37428019067,-0.6273809842936778,0.39837857550881745
351174.4483189784,46080.201789438725,-0.6769380987697037,0.3916172654886931
340728.7369115874,45738.191144392615,-0.7114864023912525,0.38466837888004246
325855.59944720403,45134.94606510882,-0.7578399101667032,0.37725554323787064
325855.59944720403,45134.94606510882,-0.7578399101667032,0.370583991159916
309990.5913947677,44597.761239598854,-0.8120173866822789,0.3632251573768675
295352.70711685455,44037.98196358414,-0.861208716333782,0.3553724237308362
285669.4019216333,43679.597030398654,-0.894802967292384,0.34746510717544304
270879.0553371164,43122.7719989961,-0.9469159265097231,0.33904569829515563
270879.0553371164,43122.7719989961,-0.9469159265097231,0.33146823030289696
257013.89635497666,42583.51240324911,-0.9965131115773211,0.32340857948317425
243674.31163650338,42085.2587597171,-1.0460010955466692,0.3149176941461901
234486.40136616278,41726.14314621437,-1.0803416678122322,0.30641738303626526
234486.40136616278,41726.14314621437,-1.0803416678122322,0.2987671030373329
222222.62859618643,41240.68391527329,-1.1269490910038682,0.2907166654585029
210140.04791079432,40733.338484205226,-1.17321225006205,0.2823146926611013
210140.04791079432,40733.338484205226,-1.17321225006205,0.2747529171434399
198360.9258296903,40306.39063034633,-1.2211044199694903,0.26675001492985867
191372.13031235104,39983.897981920265,-1.2483361847322334,0.258866608818567
180952.55515754857,39592.20278552994,-1.2918396659517073,0.2506839562879176
180952.55515754857,39592.20278552994,-1.2918396659517073,0.24331956901033316
170985.52211760715,39179.7818770071,-1.3334204243707077,0.23565210150003216
156399.20243419174,38629.46427795974,-1.3970010841726184,0.2271618642457135
156399.20243419174,38629.46427795974,-1.3970010841726184,0.2195206507168267
148223.07221926504,38379.370992640004,-1.43462484733502,0.21170296446176853
148223.07221926504,38379.370992640004,-1.43462484733502,0.20466704683221618
141298.82874454337,38152.18020025027,-1.4665724236847204,0.19753603155687655
134298.86298370597,37997.990407036326,-1.5006765713074564,0.1902655141185025
128530.35242638686,37920.08491525982,-1.5298766089998825,0.1829920474816552
128530.35242638686,37920.08491525982,-1.5298766089998825,0.17644592750849264
125002.20203677195,37889.12526991999,-1.5480882647918561,0.17009912813784697
119853.1046268667,37938.24545396368,-1.5763072697652751,0.1636815335799304
115782.31967120263,38043.78830184398,-1.5996426357455409,0.15732231432829882
115782.31967120263,38043.78830184398,-1.5996426357455409,0.15159901700183043
112121.11709020627,38279.60006714138,-1.622700810923969,0.14587159502854818
109872.3622902091,38457.75054001314,-1.6372223809301303,0.14035387600244012
107465.84967172277,38858.87814416996,-1.6556503017287534,0.1349272308589773
107465.84967172277,38858.87814416996,-1.6556503017287534,0.1300432502298607
105364.53669836429,39311.593679932346,-1.6728445848749371,0.12521781058500123
103803.54774742246,39915.67837259475,-1.688903820645597,0.12047343401036119
103355.4691494198,40336.688178551085,-1.696614278989826,0.11601073363457942
102643.00794285725,41130.45280048573,-1.7100735298779142,0.11165782202417364
102664.31364349688,41988.47662307276,-1.7202505894014322,0.10748577508672047
102664.31364349688,41988.47662307276,-1.7202505894014322,0.10373093284301262
103316.07816782099,42982.35862130729,-1.728590352177499,0.10014308075427387
103316.07816782099,42982.35862130729,-1.728590352177499,0.09691401387440901
104097.346658446,44085.27077311237,-1.737139610800773,0.09379412221694879
105184.33101357632,44879.89723416839,-1.7406848487866047,0.09089758877558879
107057.69813858546,46147.29514693367,-1.745476620187197,0.08817091439335
109164.94226630226,47505.42281524928,-1.7499043054232277,0.0856062153184343
109164.94226630226,47505.42281524928,-1.7499043054232277,0.08329798615101018
112067.02651475828,48996.1338118615,-1.7520579657152933,0.08116673839302684
114052.95379642356,49993.384704454555,-1.7532475889850225,0.07921887482909859
117255.96788497987,51614.29581086068,-1.7551802270639236,0.07741748166959064
117255.96788497987,51614.29581086068,-1.7551802270639236,0.07579622782603349
121290.11681864533,53256.67910142069,-1.7540332965996095,0.0743657726284399
125122.49693040407,55035.32468651709,-1.7548332779675708,0.07305836341640665
128088.88718719245,56188.22741976103,-1.7535946332108205,0.07191266124449548
132881.44950264684,58041.67236641646,-1.7516242005744818,0.07093079010568389
137566.47095713246,59842.36369051703,-1.7497295105292197,0.07009447333188501
137566.47095713246,59842.36369051703,-1.7497295105292197,0.06934178823546602
142828.4044059592,61752.038018636966,-1.7468832869587076,0.06873552723795173
146484.52488271208,62950.4947732547,-1.744052115399277,0.06826067162917464
151654.0810726238,64862.07686828902,-1.741810395349046,0.06788934458253103
151654.0810726238,64862.07686828902,-1.741810395349046,0.06755515024055178
157401.23305487385,66658.67379194187,-1.7371337868594205,0.06737129054501109
157401.23305487385,66658.67379194187,-1.7371337868594205,0.06720581681902447
166723.88653099674,69649.65014175959,-1.730592993014757,0.0672204103117531
166723.88653099674,69649.65014175959,-1.730592993014757,0.06723354445520886
172675.30821337513,71428.25879709453,-1.725812840229834,0.06736486900394213
178313.75252877988,73052.82239482991,-1.7210914126808436,0.06760109678652683
178313.75252877988,73052.82239482991,-1.7210914126808436,0.06781370179085305
183828.3758586912,74652.27520576246,-1.7167427256378358,0.06811376347082185
187658.1725443845,75634.55080805298,-1.7129823524579637,0.06847782831229057
193060.2919267422,77088.46757932838,-1.7082893327547186,0.06892281216219355
193060.2919267422,77088.46757932838,-1.7082893327547186,0.06932329762710623
198043.6459981276,78377.36798686096,-1.7037746863904708,0.06979660070463384
203296.20267389028,79554.98876521211,-1.6980054809671425,0.0703668036099919
206269.40605785884,80257.41740563954,-1.6950463387347843,0.0709539647806231
210618.85238934503,81232.6271790299,-1.690472934611048,0.0715967449372846
210618.85238934503,81232.6271790299,-1.690472934611048,0.07217524707827995
214969.23690842724,82056.48328514418,-1.6850334966538327,0.07283188495410614
218438.15467999765,82692.91659990123,-1.6806419032515827,0.07353264887740596
220693.1289532959,83083.87699844748,-1.6776766198776658,0.07423746849272372
220693.1289532959,83083.87699844748,-1.6776766198776658,0.0748718061465097
223991.99501300586,83483.60043185625,-1.6722751365601223,0.07557774711785568
223991.99501300586,83483.60043185625,-1.6722751365601223,0.07621309399206706
226341.84753496124,83774.87907162163,-1.66850154789342,0.07687924589552486
228555.61894900215,83815.70205174343,-1.6634428072053056,0.07760525112583973
230335.33812497222,83823.58794739259,-1.659214797714297,0.07836435607039832
230934.8742168306,83624.00844738215,-1.6564477095044265,0.07911672772574783
231928.26892597583,83371.72367159958,-1.652361468551793,0.07989601823937824
231928.26892597583,83371.72367159958,-1.652361468551793,0.0805973797016456
232346.84204158987,82837.84505682466,-1.6477290190578038,0.08134441625503595
232034.44364125511,82294.02190013538,-1.6447580336152827,0.08209102378915029
231832.19856255502,81756.73324279118,-1.6415216031158952,0.08284388133233789
231832.19856255502,81756.73324279118,-1.6415216031158952,0.08352145312120672
231046.68050375025,80997.84971545746,-1.638121172488536,0.08421627849687265
229481.5753616891,79980.34106331733,-1.6347507102704288,0.08492588289042466
228001.510463221,78951.19555038784,-1.6309905118296437,0.0856585318056411
228001.510463221,78951.19555038784,-1.6309905118296437,0.08631791582933591
226574.69655993214,78123.19242653427,-1.6285022909504328,0.08697356697264151
223982.25329391388,76941.20181788935,-1.6263131881367867,0.08761838057195769
221511.23005408814,75575.9150505396,-1.6223032936294595,0.08829896017402543
221511.23005408814,75575.9150505396,-1.6223032936294595,0.0889114818158864
218308.74671865848,74174.90027308388,-1.619847038881677,0.08952415766225584
216028.55146654026,73188.46539807165,-1.6181310870321106,0.09011846472022748
212807.87571601852,71719.31397431716,-1.6149951076573228,0.09073174055677168
212807.87571601852,71719.31397431716,-1.6149951076573228,0.09128368880966145
208942.03796209337,70181.72286253568,-1.6129945089821203,0.0918304572041423
205071.04160721626,68568.26631912681,-1.610253161360882,0.09239108244970604
202586.28945028965,67538.40612111689,-1.6084764277184358,0.09294006351177454
202586.28945028965,67538.40612111689,-1.6084764277184358,0.09343414646763619
198343.3894467765,65923.44923343854,-1.6066379168103104,0.0939247839006148
194179.7082177305,64374.939280945386,-1.6050869959729543,0.09440513061122946
190161.0824547899,62711.04296899456,-1.6018716409101001,0.09491782652735402
187171.81094982638,61726.122250813176,-1.6018803238555184,0.09537903577823066
187171.81094982638,61726.122250813176,-1.6018803238555184,0.09579412410401963
183025.90080795853,60132.76871940086,-1.5995820874941067,0.096225159506265
179006.98277081837,58727.82471871983,-1.5986989369153635,0.09663517013275442
179006.98277081837,58727.82471871983,-1.5986989369153635,0.09700417969659489
172157.41966043058,56374.432377212885,-1.5975413032049035,0.09736522914681282
172157.41966043058,56374.432377212885,-1.5975413032049035,0.09769017365200895
168387.60317819694,54950.88852705699,-1.5954231572206237,0.09803557735629248
164469.6137565506,53776.26703706042,-1.5966172399214467,0.09831658862262707
164469.6137565506,53776.26703706042,-1.5966172399214467,0.0985694987623282
160989.58545234942,52514.39050746422,-1.5951613240339946,0.09883351578524553
157561.5817902889,51455.4908886176,-1.5958735526573147,0.09905332539028812
155212.21874469428,50698.18828442519,-1.5959945431688478,0.09924812927203812
155212.21874469428,50698.18828442519,-1.5959945431688478,0.09942345276561312
152294.66175106156,49809.70574037259,-1.5967936837513266,0.09956126539526866
149236.36456327312,48914.538508164005,-1.5981177155230342,0.09965219596766595
146471.5987503047,48142.537151085184,-1.5998319481088612,0.09969117766817782
144826.28717518094,47693.027545594785,-1.6010056232592558,0.09969691931987866
144826.28717518094,47693.027545594785,-1.6010056232592558,0.0997020868064094
142400.8361976599,47098.5888397035,-1.603660623854228,0.09964036252941277
142400.8361976599,47098.5888397035,-1.603660623854228,0.0995848106801158
140099.248716973,46583.311289080084,-1.6068785575717481,0.09945436567281053
136851.97391022043,45854.496291450654,-1.6115178395118108,0.09922098311773421
136851.97391022043,45854.496291450654,-1.6115178395118108,0.09901093881816553
135096.5567186893,45525.950531703806,-1.6149487106130471,0.0987361271710228
133696.36293374925,45349.35356860428,-1.6188430784727694,0.09839143749210127
133696.36293374925,45349.35356860428,-1.6188430784727694,0.09808121678107193
132101.10055842574,45119.14489903106,-1.6229379191445472,0.09769964712435106
131345.57397513476,45137.71613226475,-1.626554697975609,0.09726581496252573
131345.57397513476,45137.71613226475,-1.626554697975609,0.09687536601688294
130258.37343164306,45028.783493832554,-1.6300025943577938,0.0964377645562498
129220.35064216744,45106.94965410908,-1.6356517296474513,0.09590269485943854
128354.06811958985,45084.30948323611,-1.6392348967955734,0.09533155295360536
127981.58910796429,45195.9488283423,-1.6423136666929616,0.0947405559909208
127981.58910796429,45195.9488283423,-1.6423136666929616,0.09420865872450468
127106.68002342318,45245.677032055864,-1.6468387759470302,0.09361682345337846
126734.853744293,45482.89225254471,-1.6514399997542168,0.09296914111418521
126734.853744293,45482.89225254471,-1.6514399997542168,0.09238622700891128
125981.20550234934,45845.20289801831,-1.6591924344876632,0.09166779344582857
125981.20550234934,45845.20289801831,-1.6591924344876632,0.09102120323905413
125765.16463446691,46007.91631054897,-1.6620979552080395,0.09036663403494774
125600.25472552926,46314.67463208025,-1.6664652000675992,0.08966834062976299
125600.25472552926,46314.67463208025,-1.6664652000675992,0.08903987656509671
125494.27541855452,46555.34669940936,-1.6697499706663714,0.08839213964192776
125585.20545060711,46753.96168175487,-1.671666165619079,0.087761271537258
125682.96290493628,46974.807944316446,-1.673792194629215,0.08714033951780183
125682.96290493628,46974.807944316446,-1.673792194629215,0.08658150070029128
125795.38286554228,47257.83300862701,-1.6765426088465407,0.08600978540909864
126364.14400761492,47539.427265456194,-1.6773092749344776,0.08547607499482683
126582.75052053548,47713.86818566014,-1.6783446118672571,0.08496985219866272
126582.75052053548,47713.86818566014,-1.6783446118672571,0.08451425168211502
127184.09113171633,47952.726624298775,-1.6784805553115922,0.08410081263111371
128167.59557820918,48157.54331685603,-1.676637713874502,0.0837747885211398
129166.23545157621,48431.125013604804,-1.675511787016922,0.08350951499360276
130009.32871145799,48512.801349674286,-1.6729138078380197,0.083335718298292
130009.32871145799,48512.801349674286,-1.6729138078380197,0.08317930127251232
131909.1151134748,48728.65314163755,-1.6674479837994094,0.08317517155027586
133664.85108302746,48826.74335128493,-1.661295956483013,0.08332525548317295
136275.6563779478,49032.707652998055,-1.6528809202819694,0.08367070692780643
136275.6563779478,49032.707652998055,-1.6528809202819694,0.08398161322797655
138268.284479092,49044.24982119664,-1.6448230587761417,0.08446287543577535
138268.284479092,49044.24982119664,-1.6448230587761417,0.08489601142279428
141368.11552591098,49193.64129195399,-1.6338472003098667,0.08556023027276818
145408.55459209188,49179.90212176862,-1.6171249664504443,0.08657608308423026
149994.01296891307,49270.042780143056,-1.5994554509543941,0.08793208850194739
153176.43090858075,49207.46668094418,-1.5856387239588337,0.08949791155278182
159128.69121384114,49245.62974465123,-1.5617612183427805,0.09150408993893414
159128.69121384114,49245.62974465123,-1.5617612183427805,0.09330965048647122
165680.42382633904,49132.51839992503,-1.5333824536357628,0.09564412409693003
172734.57709231193,49089.57655732957,-1.5038220397703592,0.09848416069297805
178411.91327934028,48971.163313286124,-1.4787382882147284,0.10166728741831205
187167.77127062887,48898.309189060754,-1.44155014510155,0.10546180504894209
187167.77127062887,48898.309189060754,-1.44155014510155,0.10887687091650913
196671.87822788453,48718.159047331144,-1.3993737253562128,0.1130048406909529
207714.05841859718,48566.37181896955,-1.3510005780826901,0.11792934216979037
215185.73546627778,48436.996737962196,-1.317604294638044,0.12319630058686024
227153.55037594374,48284.297464932366,-1.2648103491292455,0.12925641179994307
227153.55037594374,48284.297464932366,-1.2648103491292455,0.13471051189171762
240834.58725556053,48092.97443036287,-1.2036965484992486,0.14114704699006464
254450.87370689932,47896.396720563374,-1.142249563392592,0.14847610320624338
264397.6080828281,47780.50261383207,-1.0976897796978624,0.15618624839317247
264397.6080828281,47780.50261383207,-1.0976897796978624,0.16312537906140867
280437.1697917851,47618.642967677544,-1.0260021627756906,0.17116278708587554
296354.64210962615,47491.96089347896,-0.9552764847162933,0.18016459625938064
296354.64210962615,47491.96089347896,-0.9552764847162933,0.18826622451553524
313883.20393170876,47335.585864191606,-0.8764782631293527,0.1975276454857479
331933.5331130415,47283.50279421061,-0.79805648831342,0.2078234687293376
343828.9662813304,47204.903222955836,-0.7449050550614823,0.2184184954798668
363295.991427792,47200.104374318886,-0.6616202305040455,0.23003614016927898
363295.991427792,47200.104374318886,-0.6616202305040455,0.24049202038974996
382910.58217232965,47159.87576662758,-0.5764595748663808,0.25203132897911545
402498.2022095626,47247.121873515876,-0.49591447271347705,0.264430334263367
416624.732328261,47263.00808702441,-0.43624343099470625,0.27708121506216266
416624.732328261,47263.00808702441,-0.43624343099470625,0.28846700778107875
437160.1117419446,47428.48311455775,-0.3551670317274136,0.3007411312097856
457625.842007329,47572.99500311531,-0.2740953348400714,0.31381463471780524
457625.842007329,47572.99500311531,-0.2740953348400714,0.325580787875023
479339.6511318845,47837.108461931835,-0.19330498752696887,0.3381900843993465
493019.5858883841,47997.854433516055,-0.14261904252720867,0.35080559989623167
513633.48501351435,48357.87222497723,-0.07210782920041287,0.3639223441765982
513633.48501351435,48357.87222497723,-0.07210782920041287,0.37572741402892806
535296.8506633451,48721.02861391894,0.0015607768525149775,0.38819369204734816
555192.5943876944,49177.67353398214,0.06254593194411653,0.40093797114121627
568832.8255328407,49488.120313177686,0.1038289615326368,0.41343989806541054
589699.0488498737,50040.2209566349,0.1623192025789575,0.42615388832334344
589699.0488498737,50040.2209566349,0.1623192025789575,0.43759647955548303
608510.027358722,50610.60062658215,0.2104686384070916,0.449098547560112
628071.0043102934,51242.50087162299,0.2575289365716101,0.46062691621839114
640861.5079153854,51679.16608536521,0.2865419193044363,0.47172777257916293
640861.5079153854,51679.16608536521,0.2865419193044363,0.48171854330385755
657981.6634662477,52392.44176232624,0.31837867788875507,0.4915061559206907
675812.970944095,53136.68204487458,0.3505647110231908,0.5011196581042014
692352.0115676881,53906.01626247896,0.37582140016564775,0.5104032272979225
702159.37893098,54455.056372615625,0.3860218382376246,0.5190134505240709
702159.37893098,54455.056372615625,0.3860218382376246,0.5267626514276045
717790.0873957349,55277.28128253384,0.4043593018485029,0.5341953688310567
717790.0873957349,55277.28128253384,0.4043593018485029,0.5408848144941636
731829.1255660435,56135.441363320046,0.4147568761724087,0.5471652549490574
744240.6248985401,56978.679436082035,0.4197744794936927,0.552943091441494
753131.9773623474,57565.082395396916,0.42408818088282835,0.5582509868194153
764442.2213307369,58427.866794666006,0.42416516846855856,0.5630300173491878
774272.2495210693,59324.25753219041,0.4177164193908379,0.5671699260990399
774272.2495210693,59324.25753219041,0.4177164193908379,0.5708958439739069
784708.2810921973,60177.488365302874,0.41537189967554594,0.5741905570684049
792314.3389566995,61061.602456094784,0.402422579411518,0.5768320658468524
792314.3389566995,61061.602456094784,0.402422579411518,0.5792094237474552
797353.7784080367,61623.56309222427,0.39505503491728455,0.5811648572456418
805222.5628166489,62485.531931500394,0.384460148263526,0.5826598752276658
810323.9720330246,63284.879823903604,0.36789919557222095,0.5835913675942048
810323.9720330246,63284.879823903604,0.36789919557222095,0.5844297107240899
815883.9158122878,64089.57406506444,0.35297958987999695,0.5848112293986809
819429.8122620741,64572.64123646839,0.34485171482789845,0.5849513993295103
822407.6181232615,65336.44118541794,0.3241354690770373,0.5845596461234853
822407.6181232615,65336.44118541794,0.3241354690770373,0.5842070682380628
826124.35329482,66033.76672565831,0.30868740839599607,0.5835035466241564
829177.8795571708,66700.54724825746,0.292705869141113,0.5824708386902685
829946.6419146438,67140.95348579108,0.2785771714111514,0.5811881841065204
832612.6063364367,67753.03570670773,0.2639987654134789,0.5796693348312053
832612.6063364367,67753.03570670773,0.2639987654134789,0.5783023704834217
834585.2868568556,68337.1880527221,0.24864300541608264,0.5766882085704816
835538.3061418539,68836.15122084293,0.23358957647971124,0.5748591271254263
838237.7385445305,69368.09016539743,0.22267154853568993,0.5729400031262759
838237.7385445305,69368.09016539743,0.22267154853568993,0.5712127915270406
839202.5902969855,69617.88876826072,0.21672527861331642,0.5695096443396694
840379.0960962812,70081.86979590396,0.20402234952503145,0.5676592386438283
843626.0796180813,70417.7408400595,0.20178793330927677,0.5659380131121774
843626.0796180813,70417.7408400595,0.20178793330927677,0.5643889101336916
845553.3234202908,70813.05663929065,0.1937926932147578,0.5627948364506914
847388.278127359,70992.55018452973,0.19291728677877942,0.5613382849750919
851939.5311518607,71338.545042633,0.1941078546040429,0.5600571528426838
851939.5311518607,71338.545042633,0.1941078546040429,0.5589041339235165
855448.1322039558,71558.61728300815,0.19658798496495333,0.5579284201552887
858676.9454524119,71756.05133474473,0.19902795504393642,0.5571112770158583
865278.0012820364,71924.1578165151,0.211890010627707,0.5566973995799651
871214.8253672045,72161.8552812852,0.2204857147607945,0.5565398024909884
871214.8253672045,72161.8552812852,0.2204857147607945,0.5563979651109094
879105.5246922153,72321.16171684279,0.23711787341001495,0.5566861154350689
885391.4669341537,72465.40835609035,0.2497257267522906,0.5572606470603693
893946.5470712624,72586.57411505358,0.2693719706102765,0.5582688816195893
893946.5470712624,72586.57411505358,0.2693719706102765,0.5591762927228874
904968.2174562871,72739.82152285869,0.2946844683590318,0.5606257751595745
904968.2174562871,72739.82152285869,0.2946844683590318,0.5619303093525928
924599.0255201143,72953.72181223266,0.3415717770320084,0.5642765728431337
924599.0255201143,72953.72181223266,0.3415717770320084,0.5663882099846206
938349.7703287395,73063.69846352302,0.3756627134954882,0.5691409568235457
938349.7703287395,73063.69846352302,0.3756627134954882,0.5716184289785784
953018.1257904804,73148.76069603188,0.4130730938006584,0.574783413425737
967824.1518877257,73295.80587622114,0.44852277519258615,0.578518141462978
984845.8689074395,73346.10571722024,0.4934770588295741,0.5830032537874195
996040.4877956938,73470.42633277051,0.5196105315553919,0.5876931916975623
996040.4877956938,73470.42633277051,0.5196105315553919,0.5919141358166908
1013103.7846968516,73529.35197089825,0.564197561492258,0.5968276612723282
1032123.5729072291,73692.95928987129,0.6100563401937054,0.6023963036499381
1044225.3658273153,73714.20158753468,0.642335220153981,0.6082150537887938
1062827.5286275835,73869.91147708011,0.6870767694431986,0.6145704676459944
1062827.5286275835,73869.91147708011,0.6870767694431986,0.620290340117475
1082467.332414801,73915.06463861233,0.7388643403086143,0.6267329146134428
1101337.9733231352,74058.36626152006,0.7845144189641112,0.6336724836262013
1113886.7398210608,74070.20861015705,0.8181849168290057,0.6407598581843064
1113886.7398210608,74070.20861015705,0.8181849168290057,0.6471384952866008
1133591.6499427808,74220.54266298159,0.8655606339115328,0.654063661605729
1151644.4675315106,74283.35254800043,0.9119448008664166,0.6614559154668165
1151644.4675315106,74283.35254800043,0.9119448008664166,0.6681089439417952
1170084.2370673844,74401.72992478967,0.956930387612127,0.6752213092379189
1187839.3798905083,74505.76088943076,1.0005398649207375,0.6827126749371455
1198785.0454855552,74580.46548565265,1.0269042127237475,0.6901140127615247
1215140.3816965714,74665.09649558461,1.067385940495406,0.6977872599977575
1215140.3816965714,74665.09649558461,1.067385940495406,0.7046931825103668
1230460.0436915755,74741.9044493013,1.1053304736982272,0.7118571261017859
1244350.267048732,74859.72541599625,1.1375093037580817,0.7191091460855593
1253262.386528903,74879.52323778464,1.1606144008484902,0.7262135914982156
1253262.386528903,74879.52323778464,1.1606144008484902,0.7326075923696063
1265472.8813065835,74989.84482403606,1.1884728313416717,0.7390586539161874
1275822.6173782977,75038.85160016028,1.2140531314586567,0.7455041168110351
1285591.3738649804,75162.4632338965,1.2346148686099176,0.7518190768451796
1285591.3738649804,75162.4632338965,1.2346148686099176,0.7575025408759096
1290740.6938143116,75190.30725655708,1.2471425495880688,0.7629308505280203
1297601.2235524252,75302.10779074865,1.2603697079100373,0.7681470081729693
1302892.375639357,75326.94559742896,1.2733833042853246,0.7731668899628056
1302892.375639357,75326.94559742896,1.2733833042853246,0.7776847835736582
1306597.6050237487,75415.52957607467,1.2791914358155847,0.7818960911116821
1308028.2162625173,75403.62268437051,1.2835672672545442,0.7857956636818775
1309322.1678220343,75491.78604192304,1.2829386679585277,0.7892895640126529
1309322.1678220343,75491.78604192304,1.2829386679585277,0.7924340743103508
1308567.4611968799,75523.33627555413,1.2794638647286787,0.7951772634975327
1306415.2232699909,75579.30666758717,1.2711373612669092,0.7974379711794521
1304045.987026329,75624.74956164879,1.2627286625385132,0.7992623906249697
1299181.9042332552,75685.91221496569,1.2469654376572712,0.8005102875039045
1299181.9042332552,75685.91221496569,1.2469654376572712,0.8016333946949459
1292863.2067174008,75738.50429741095,1.2277460891277976,0.8021637074536462
1284642.5007675842,75769.89398654556,1.2044509367571679,0.8020586101272108
1278669.2353828792,75795.57817462468,1.187407461172154,0.8015379356437936
1278669.2353828792,75795.57817462468,1.187407461172154,0.8010693286087182
1268099.0651970655,75836.25569315594,1.1574880706788127,0.7998995975148167
1256238.5364167823,75909.8579466936,1.1227253452296295,0.7979777713940758
1242951.6503434924,75938.71614466853,1.0861889101714035,0.7953347170089533
1233478.0201728828,76019.57262317027,1.0575596025657321,0.7922402353722013
1233478.0201728828,76019.57262317027,1.0575596025657321,0.7894552018991245
1217692.513505312,76049.05453428157,1.0144513578396481,0.7858709656552033
1201468.2501947146,76121.27653324691,0.9684266768339762,0.7814945360105324
1183316.8037516312,76144.90856473081,0.9193884799372269,0.77632979440791
1183316.8037516312,76144.90856473081,0.9193884799372269,0.7716815269655497
1164544.058952754,76184.94416175553,0.8680729528848451,0.7662151980911158
1151567.0303776893,76170.08180987756,0.8343325173565096,0.760451991215917
1130827.9930719875,76193.55976051657,0.7785278487229622,0.7538699883123994
1130827.9930719875,76193.55976051657,0.7785278487229622,0.7479461856992335
1109648.3595969402,76190.38900308216,0.7226187649906783,0.7412170362540772
1087538.764906174,76157.49517161548,0.6653675718144042,0.7337295219240296
1072195.4518583831,76158.3310910234,0.6247260810336992,0.7259747217574692
1072195.4518583831,76158.3310910234,0.6247260810336992,0.7189954016075648
1049015.7840898253,76088.56793672465,0.5659209878074866,0.7112438861419955
1025520.4290814471,76013.99403047225,0.5063429810358141,0.7027780720536914
1025520.4290814471,76013.99403047225,0.5063429810358141,0.6951588393742176
984724.8985562754,75768.04663302898,0.40663875666580007,0.685808924353441
984724.8985562754,75768.04663302898,0.40663875666580007,0.677394000834742
959814.5486051078,75556.25870726073,0.3475252134251444,0.6683427310868963
934443.4195155909,75356.87359088489,0.2864351407573006,0.6586693364971392
934443.4195155909,75356.87359088489,0.2864351407573006,0.6499632813663578
909541.2656374535,75058.46775192933,0.22949687874682234,0.6407043751983926
892732.1047803774,74898.51097458077,0.18947545705694416,0.631370824104977
866843.870244669,74528.99405244699,0.13136990833804324,0.6215179894029305
866843.870244669,74528.99405244699,0.13136990833804324,0.6126504381710886
842268.6833461812,74185.1588160388,0.07546175054893416,0.6032719381177031
817156.0295166968,73751.73876463888,0.02027530777404902,0.593451627000284
800440.180474965,73478.58789996484,-0.01727844456276875,0.5836745031861863
776930.6698687838,72986.0036409042,-0.06738707144629626,0.5736223760814103
776930.6698687838,72986.0036409042,-0.06738707144629626,0.5645754616871119
752910.975154166,72529.71048492916,-0.12064277101868415,0.5551018462429337
730050.5221177731,72043.36240535045,-0.170478885041283,0.5453296894926083
730050.5221177731,72043.36240535045,-0.170478885041283,0.5365347484173154
708479.3407259412,71535.8181044316,-0.2167692889100551,0.5274620413528325
693986.8945095306,71239.90524383241,-0.24948310723723796,0.5184787595366183
673344.8546564896,70772.25181877059,-0.2952999593473039,0.5092483845992739
654796.4198009932,70372.1335070978,-0.33752541432204336,0.49988541078129545
654796.4198009932,70372.1335070978,-0.33752541432204336,0.4914587343451148
635993.4188585178,69931.47757158808,-0.37990507572642707,0.48281523401744264
624883.8794983635,69738.16076774024,-0.40693451327568075,0.47436034778380637
609736.1912523921,69398.93527431242,-0.44210292085342623,0.46587173998409004
609736.1912523921,69398.93527431242,-0.44210292085342623,0.45823199296434536
594572.9664578545,69236.37063433461,-0.4820902669201351,0.45035653699490746
582480.9764078704,69026.91256059991,-0.5121485591707533,0.4425171693161479
582480.9764078704,69026.91256059991,-0.5121485591707533,0.43546173840526425
575061.7126346051,69057.09009875105,-0.5345480893311206,0.42855186233145987
564248.5193834533,69009.25463960947,-0.5649692576076505,0.4215724446581226
556375.6366801979,69211.13341565244,-0.5927057830096717,0.41459755561706857
556375.6366801979,69211.13341565244,-0.5927057830096717,0.40832015548011996
545613.6498260287,69680.05494507618,-0.6347429989850523,0.4016195649574817
545613.6498260287,69680.05494507618,-0.6347429989850523,0.3955890334871072
542593.5862330652,70048.65508863803,-0.6517389715949717,0.38973665584852224
540341.5014389587,70675.70510726198,-0.6720148558840899,0.3839626188665678
540341.5014389587,70675.70510726198,-0.6720148558840899,0.3787659855828088
539246.2437896711,71345.18076206405,-0.6895702990207495,0.37365012954900917
540454.1498274113,71924.29006967688,-0.6984520510261961,0.3688238153184534
542568.1406777027,72784.27121481215,-0.710493835931933,0.3641790878883097
545602.2130770407,73836.6540430515,-0.7236274116527613,0.35967049380815974
545602.2130770407,73836.6540430515,-0.7236274116527613,0.35561275913602475
551505.4104301299,74994.21672829635,-0.730751236919377,0.35178270229943787
551505.4104301299,74994.21672829635,-0.730751236919377,0.34833565114650966
561774.9950864546,77111.87270960357,-0.7446149514436428,0.3448867122457676
561774.9950864546,77111.87270960357,-0.7446149514436428,0.34178266723509976
571188.3281676958,78494.13167844719,-0.74630132962737,0.3389468672709055
571188.3281676958,78494.13167844719,-0.74630132962737,0.3363946473031307
579446.0768459887,80028.17558457455,-0.7536189032870012,0.3339147099906426
597449.9354691773,82638.59342101579,-0.7558067167351415,0.3316280710731998
597449.9354691773,82638.59342101579,-0.7558067167351415,0.3295700960475013
607818.4544007262,84210.65040553427,-0.758193050149902,0.3276582601890036
619415.935104413,85950.93272149375,-0.7604528534267327,0.32588111283443494
627905.8189062102,86984.31388704218,-0.7580365759418369,0.32434208715244556
627905.8189062102,86984.31388704218,-0.7580365759418369,0.3229569640386551
638597.0809974978,88709.45539918853,-0.7620400033454936,0.3216102675511523
650421.9081998087,90252.61445068753,-0.7604408459262078,0.3204382196478819
650421.9081998087,90252.61445068753,-0.7604408459262078,0.31938337653493853
662301.4427607923,91935.2771750184,-0.760982142740669,0.31842048531292794
671929.1101556477,93390.63608497343,-0.762831294646903,0.3175076544154626
679414.7633285122,94459.85290427273,-0.7632733895565236,0.31667505423500325
689452.9912128651,95771.43784939514,-0.7620011230943482,0.31595752073414424
689452.9912128651,95771.43784939514,-0.7620011230943482,0.31531174058337114
697297.392200044,97144.73052269011,-0.7662378974960998,0.3146246190876315
697297.392200044,97144.73052269011,-0.7662378974960998,0.31400620974146587
710350.5281974134,99051.2892329578,-0.7675240250575405,0.3134174881408808
710350.5281974134,99051.2892329578,-0.7675240250575405,0.3128876387003542
714593.3454981133,99939.70809992302,-0.7718171059001602,0.3123034471828148
719780.5365193213,100764.9987646725,-0.7732450812747338,0.31174197543266496
719780.5365193213,100764.9987646725,-0.7732450812747338,0.3112366508575301
721986.4691483477,101742.4409424124,-0.7827074708153874,0.31054529900139244
721986.4691483477,101742.4409424124,-0.7827074708153874,0.3099230823308685
722566.2738255606,102068.35842970865,-0.7861298784132604,0.30927752713745016
722566.2738255606,102068.35842970865,-0.7861298784132604,0.30869652746337367
720116.176150328,102189.76642631681,-0.7926580990846781,0.30801042223991937
715885.3664496968,102224.03659100497,-0.8014768826920584,0.30717245794862597
711125.7068152846,101888.02244104167,-0.8062378607253055,0.30629926563563076
705835.3157945282,101715.35865943087,-0.8143337806512488,0.3053109945557865
705835.3157945282,101715.35865943087,-0.8143337806512488,0.3044215505839266
696727.8234835281,101073.22137527999,-0.8236103368843931,0.30338913710342413
687501.0533849584,100450.95421556951,-0.8335178660228177,0.3022122767425113
687501.0533849584,100450.95421556951,-0.8335178660228177,0.3011531024176897
674188.5014722113,99422.95546311005,-0.8462435237766899,0.29988170408150355
665483.7549816117,98837.39254341584,-0.8558982600944373,0.2984960771709923
651578.8022304849,97533.51790816912,-0.8664917469606612,0.29698417577987657
634568.3218231829,96319.60406119852,-0.88511892537046,0.2951577850676274
634568.3218231829,96319.60406119852,-0.88511892537046,0.29351403342660315
617591.1368395244,94765.98165460658,-0.8994588204319238,0.29167615957314474
605991.3020940052,93816.96045992187,-0.9110934180595284,0.28973120816434206
585593.3639231396,92043.57799103342,-0.930678558456982,0.2874911233864833
585593.3639231396,92043.57799103342,-0.930678558456982,0.28547504708641047
566269.372985811,90359.75376365102,-0.9498883565299977,0.2831803334645195
545751.0396819583,88518.47967138617,-0.9703359631242389,0.2806039010399616
530929.4044721735,87298.28719532215,-0.98718861491387,0.2778637955631187
530929.4044721735,87298.28719532215,-0.98718861491387,0.2753977006339601
510063.360253984,85353.3919025655,-1.008531982186642,0.27264463101589803
488521.0332585082,83435.02478039893,-1.032880440318176,0.2695581569063538
466141.1275877108,81583.42657049697,-1.0613893955568205,0.26606760632679793
452312.88970659283,80285.37907363802,-1.0774870011151827,0.2625236706662386
452312.88970659283,80285.37907363802,-1.0774870011151827,0.2593341285717352
431040.9293157419,78438.06666149937,-1.105406965120156,0.2557655415865578
409122.68892584805,76534.0376824832,-1.1355767041440326,0.2517995698243012
389728.93215945596,74881.29003542356,-1.1639997434226255,0.24751961925630545
389728.93215945596,74881.29003542356,-1.1639997434226255,0.2436676637451093
375991.0860713259,73642.02304553291,-1.1839481635658964,0.23970219328145095
356134.76629641687,72117.18113803242,-1.2176873441834903,0.2352897903487186
338416.88517376315,70490.11508885126,-1.2453765654109676,0.23062639717857256
338416.88517376315,70490.11508885126,-1.2453765654109676,0.22642934332544112
320397.74974329333,69206.06576335919,-1.2799044694163406,0.2217887972574885
303892.1139902783,67840.4349520762,-1.3101617170019906,0.21685587460668992
294235.7304957103,67166.05664283126,-1.3300754997075104,0.21191839965333317
294235.7304957103,67166.05664283126,-1.3300754997075104,0.2074746721953121
278814.6116090331,65997.60258212111,-1.361541564230769,0.20268866587001166
265503.31914814544,65139.775802825134,-1.3915184672241316,0.1976318376024072
265503.31914814544,65139.775802825134,-1.3915184672241316,0.1930806921615632
245560.19809249768,63881.10965583142,-1.4382595133754557,0.1878161351110205
245560.19809249768,63881.10965583142,-1.4382595133754557,0.18307803376553206
235321.5263730984,63243.55952729285,-1.4630814212466385,0.1781931948578129
235321.5263730984,63243.55952729285,-1.4630814212466385,0.17379683984086566
226495.49412557422,62794.86961131201,-1.4860538758695208,0.16926580896004106
217737.56462782182,62503.893371468745,-1.5109130994756834,0.1645664005771449
213160.50603913033,62328.53234958129,-1.5237398009717293,0.16001626549513717
207259.18644111094,62191.21822121143,-1.5413448739416458,0.1554810170970823
207259.18644111094,62191.21822121143,-1.5413448739416458,0.15139929353883294
200959.9384617521,62078.350062882906,-1.560577527871535,0.14724492598816127
197170.92908976678,62203.17320141301,-1.5741653999868956,0.14316629838967276
194472.66873473165,62176.041813440825,-1.5826342299744076,0.1392838128013453
190645.13383612578,62400.48647569438,-1.5972660037653552,0.1354237814270769
190645.13383612578,62400.48647569438,-1.5972660037653552,0.13194975319023533
188436.2852017286,62510.22249171194,-1.6054698109905692,0.12861803259644758
186204.086223947,62859.69343646763,-1.6160059737235357,0.12535607999371443
186204.086223947,62859.69343646763,-1.6160059737235357,0.1224203226512546
184218.83095120668,63055.12634894741,-1.6242030047975977,0.11957321526618919
183835.26580855204,63345.4708085335,-1.628122791134781,0.11691282396120074
182439.45006776895,63545.64705090693,-1.6343931983224764,0.11436171160701876
181322.91410496208,63898.20953173991,-1.6411084848919475,0.11189782832401819
181202.6123984188,63993.24302974439,-1.6423368705065817,0.10964962372895183
181202.6123984188,63993.24302974439,-1.6423368705065817,0.10762623959339211
180365.30806904595,64319.55177647366,-1.6478565615490777,0.10566720159532597
179505.2644128898,64468.47618620555,-1.6518513843926808,0.10380419682597636
179505.2644128898,64468.47618620555,-1.6518513843926808,0.10212749253356171
179249.93987299938,64633.22523183439,-1.6540782953484865,0.10056278589649338
178182.7519986361,64764.562082286604,-1.658533449530873,0.09904317106857223
177567.48986695328,64785.14055127096,-1.6606239267184673,0.09762325579375332
177567.48986695328,64785.14055127096,-1.6606239267184673,0.09634533204641631
177222.32801214716,64781.23556785933,-1.6616646219651117,0.0951691832926469
175784.71337516105,64657.70315154366,-1.66509285905245,0.09402494348707097
174985.71640769843,64588.09720195109,-1.6669958477930096,0.09294755294353864
174453.32276203495,64380.41555447584,-1.6669010764213228,0.09198027073865171
174453.32276203495,64380.41555447584,-1.6669010764213228,0.09110971675425347
173053.5887595432,64175.8374443243,-1.669556368222272,0.09025983587327133
172023.50638449597,63758.77376890467,-1.669257443493395,0.08950241619860931
171202.25677965666,63447.860604285444,-1.6692015113453464,0.08882213679511472
171202.25677965666,63447.860604285444,-1.6692015113453464,0.08820988533196958
170148.33553464912,63061.03943608227,-1.6692339753205583,0.08765804741575867
169449.10464241772,62638.764902744035,-1.6678176325818905,0.08719680185963555
168776.80116257636,61976.106695135575,-1.6641739335076462,0.08687277333598084
168776.80116257636,61976.106695135575,-1.6641739335076462,0.0865811476646916
167720.13258936914,61437.81486589416,-1.6628312607095754,0.08635225138048305
167642.99636945708,60907.44451318845,-1.6582948543828724,0.08625965488286294
167446.7767168625,60304.45670540381,-1.6534031432226468,0.08629861081401048
167446.7767168625,60304.45670540381,-1.6534031432226468,0.08633367115204327
167037.98493599848,59499.91056003577,-1.6472198427865066,0.08651980796717629
167580.04983194108,58791.82993371898,-1.638545880260357,0.08690418016394974
167969.2531661261,58014.574065592744,-1.6294958659794314,0.08747636549806898
168266.05582237965,57517.743232617664,-1.6234145666056927,0.08814336478311977
168266.05582237965,57517.743232617664,-1.6234145666056927,0.08874366413966547
169825.83934238306,56701.09760300346,-1.609376432826362,0.08963488690503987
171129.1606119566,55908.75819195149,-1.596121411392155,0.09076836292973202
171129.1606119566,55908.75819195149,-1.596121411392155,0.09178849135195494
172996.72448302258,55174.82296168573,-1.581091453241954,0.0930823558857106
174828.201113073,54626.13947007307,-1.56798508458076,0.09457449318262054
177381.9812257439,53888.54427799415,-1.549602539328912,0.0963769803811357
177381.9812257439,53888.54427799415,-1.549602539328912,0.09799921885979933
180491.89547295152,53099.96888529375,-1.5279435044539078,0.1000007093624717
184512.13460629756,52472.3797298989,-1.5043050089638645,0.10239301320212793
187066.0790306187,51956.929504494474,-1.487364915045569,0.10496958900577591
191511.41037047943,51374.38366682695,-1.4616939173739878,0.10793028217084863
191511.41037047943,51374.38366682695,-1.4616939173739878,0.11059490601941407
196931.08836144808,50694.55693823661,-1.4300675390779058,0.11378372694052502
196931.08836144808,50694.55693823661,-1.4300675390779058,0.11665366576952488
206197.11199624726,49807.1921555252,-1.378616907993824,0.1205228764927268
206197.11199624726,49807.1921555252,-1.378616907993824,0.12400516614360854
212894.90457380496,49424.84527402698,-1.3448453991838858,0.12798351454965054
219400.43989312163,48948.433978090834,-1.3096045826840705,0.13244504852758374
219400.43989312163,48948.433978090834,-1.3096045826840705,0.1364604291077236
232128.9543070658,48418.91125154477,-1.2467337688945734,0.1416460419745869
232128.9543070658,48418.91125154477,-1.2467337688945734,0.1463130935547639
239803.84640299086,48254.85425102403,-1.2113884481152812,0.1513970729964055
239803.84640299086,48254.85425102403,-1.2113884481152812,0.15597265449388295
248221.29366227885,48054.267515446176,-1.1718986621392748,0.16107792249101277
257026.17780038674,47970.7265019191,-1.1330874630354708,0.16664294366602472
262592.1369960016,47932.49003396601,-1.1088192163642356,0.17225816889031637
271901.06853919965,47975.707322492635,-1.0707021035138093,0.1782647994134395
271901.06853919965,47975.707322492635,-1.0707021035138093,0.18367076688425032
281193.7196933455,48068.220023057445,-1.0339324625927693,0.1894553786310061
281193.7196933455,48068.220023057445,-1.0339324625927693,0.19466152920308627
296836.23296958045,48339.31325735706,-0.9753171005481186,0.20081244876907467
296836.23296958045,48339.31325735706,-0.9753171005481186,0.20634827637846426
306515.5064009643,48568.91304178913,-0.940997324689786,0.2121885156233732
315766.8132409927,48914.57527795614,-0.9118631808786918,0.21817308453906858
325526.31008627254,49211.620065595955,-0.8797424405799673,0.22436221507066254
325526.31008627254,49211.620065595955,-0.8797424405799673,0.2299324325490971
334829.82519139966,49666.91155123022,-0.8542071534895632,0.23558401045694832
340763.9844030388,49904.35247568378,-0.8367036301295997,0.2411080186580135
350256.2068328734,50421.861767894625,-0.812883307550948,0.24667513410343847
350256.2068328734,50421.861767894625,-0.812883307550948,0.2516855380043209
358797.0070598076,50864.319118409134,-0.7912168983211807,0.2567365617458593
367451.7439837983,51414.56064431218,-0.7725029391208754,0.2617503320932515
373077.34879684943,51725.215121937006,-0.759232148783873,0.26659449516432954
373077.34879684943,51725.215121937006,-0.759232148783873,0.27095424192829975
381110.60564095195,52312.866218555246,-0.7446103369303944,0.2752435593122099
388610.24919983366,52839.40792422631,-0.730634144073362,0.27945334977915487
396286.8692377557,53394.39097210853,-0.7170625927774082,0.2835814499818042
400699.6416679495,53765.615144543895,-0.7108481418147575,0.28745210143825484
400699.6416679495,53765.615144543895,-0.7108481418147575,0.2909356877490604
407529.6101305363,54327.30566741281,-0.7010385953089645,0.29431615409143025
414178.12547550705,54877.7075777196,-0.6917832964944002,0.29758995626992724
414178.12547550705,54877.7075777196,-0.6917832964944002,0.30053637823057455
419936.30889761157,55372.85491411334,-0.6844257289357699,0.3033720971841229
423985.38974821276,55731.15429341325,-0.679608745771704,0.306044668821418
429809.4896831502,56212.33019556773,-0.6718507787715804,0.30864393246998667
435031.0547139653,56729.79617698544,-0.6673562442116734,0.3110956331176962
435031.0547139653,56729.79617698544,-0.6673562442116734,0.3133021637006348
440285.7263753059,57133.09243592649,-0.6597284503397174,0.31547873607207844
440285.7263753059,57133.09243592649,-0.6597284503397174,0.3174376512063777
445451.9496976452,57612.72446540435,-0.6545852078646346,0.3193292558891241
448381.8195864547,57840.14356322527,-0.6505025370122309,0.3211337668749059
453607.27190091816,58266.7824037453,-0.6438668966245819,0.3229237177718008
458234.1961637983,58556.11027515258,-0.6356929647758021,0.32473902187522563
458234.1961637983,58556.11027515258,-0.6356929647758021,0.326372795568308
466297.2874356031,59027.49096286987,-0.6207553284091583,0.3282166328012483
466297.2874356031,59027.49096286987,-0.6207553284091583,0.32987608631089455
471294.46487956995,59320.25460123524,-0.611633510622,0.33159763991425506
471294.46487956995,59320.25460123524,-0.611633510622,0.33314703815727953
476171.8235249101,59485.12153964632,-0.5995446229299033,0.334843718768304
481582.4583653912,59667.44349541757,-0.5861965616813157,0.3367044328494407
485137.9757781746,59742.742656342576,-0.5762507886978596,0.33862771984705015
490577.83957095037,59876.460562528795,-0.5615931547117148,0.34072511899455227
490577.83957095037,59876.460562528795,-0.5615931547117148,0.3426127782273042
496796.78000311746,59928.376249248795,-0.5421061476528313,0.344798846713253
502633.04998023884,59947.19088082711,-0.5230061829732354,0.3472438074675968
507040.27956902696,59939.9882825217,-0.5079820377298422,0.3498198757775911
507040.27956902696,59939.9882825217,-0.5079820377298422,0.35213833725658594
513804.5898821572,59924.71826137428,-0.48479406589034857,0.35480465188366866
520804.7331470035,59899.93474059246,-0.4605224806874168,0.3578111246781164
520804.7331470035,59899.93474059246,-0.4605224806874168,0.36051695019311936
533417.7603655827,59784.385752384216,-0.41460845066868623,0.3641000439070903
533417.7603655827,59784.385752384216,-0.41460845066868623,0.3673248282496641
540979.1633819044,59664.296615297746,-0.3854428177587515,0.3709562749807289
549306.0378835569,59604.911256955864,-0.3554620502556645,0.37497409622626443
549306.0378835569,59604.911256955864,-0.3554620502556645,0.3785901353472464
557812.0628674247,59435.38282982946,-0.3213157281066955,0.38269822860985436
563467.6549133054,59401.1589238867,-0.3010340813776622,0.3869025537144274
572419.8260443403,59243.53629403531,-0.26548771178628655,0.39157510554832753
572419.8260443403,59243.53629403531,-0.26548771178628655,0.39578040219883764
581460.916054299,59207.481652086855,-0.23352129450279321,0.4003643296163841
590768.2600721454,59070.947510969396,-0.19718565539138125,0.40539825526996115
597017.2500632984,59100.8346653471,-0.17689201405591234,0.41043612939156726
606654.709428809,59013.33007030863,-0.1409540350740028,0.41586866557556046
606654.709428809,59013.33007030863,-0.1409540350740028,0.4207579481411543
616063.3847961437,59081.76622215076,-0.11125425973441312,0.42590079683367854
625987.8654554094,59087.334158701764,-0.0775957060947469,0.431370824497942
625987.8654554094,59087.334158701764,-0.0775957060947469,0.43629384939577914
635521.5102667555,59218.09352791535,-0.049859628320394644,0.44141797374819136
642096.5235704845,59272.00601847665,-0.029466992595838976,0.44653950155847627
651698.7282423766,59512.26076098948,-0.005759176326011227,0.4517415719944784
661219.8508867391,59746.41230352888,0.017712322450046846,0.45701022285628173
661219.8508867391,59746.41230352888,0.017712322450046846,0.46175200863190474
670746.8546945148,60073.68396436463,0.037526212444203455,0.4665149630798193
676874.5691900591,60328.65976760507,0.048488146041088316,0.4710756704228646
685879.8339801851,60801.70382690283,0.06074726532779337,0.47548678501377295
685879.8339801851,60801.70382690283,0.06074726532779337,0.4794567881455905
694711.7803341137,61343.00136702535,0.06970414195647336,0.48325371287994334
703262.6377416492,61920.553353334544,0.07624755388401866,0.4868345304390495
708624.0608957644,62399.075414721345,0.07601047460779749,0.4900513392603395
708624.0608957644,62399.075414721345,0.07601047460779749,0.4929464671995005
716869.9875042826,63126.84186717848,0.0759503660517917,0.49555057963084526
724118.7538870006,63998.31620612253,0.06761099460205192,0.49768579653281203
731573.884296543,64842.102706064994,0.061107614314469684,0.4994449072373926
736039.22506571,65546.15026473443,0.05041183755947401,0.5007607124526402
736039.22506571,65546.15026473443,0.05041183755947401,0.501944937146363
742449.0813259188,66530.56178924066,0.0363403245399993,0.5026589515452267
748491.3203986189,67715.67535115582,0.014958225249487733,0.5027670120219412
748491.3203986189,67715.67535115582,0.014958225249487733,0.5028642664509843
754013.9560882517,68820.72077592814,-0.004642028721111511,0.5024617890878581
757196.8658721898,69719.87235960939,-0.023921445494888314,0.5016175740417002
762130.3852870034,70914.2113736248,-0.04676833685749686,0.5002866082160927
766316.293845971,72311.1585253818,-0.07695036457373822,0.49833418828014
766316.293845971,72311.1585253818,-0.07695036457373822,0.4965770103377825
769617.7981852789,73609.73282362218,-0.10559421358406058,0.49427945396440276
772135.8560202623,74594.28077391979,-0.12660623375051905,0.4916863527241995
774751.441026346,75930.81027754329,-0.15638913574494007,0.4886079890581561
774751.441026346,75930.81027754329,-0.15638913574494007,0.485837461758717
777053.0611567289,77418.1524072848,-0.1899096921993898,0.4825059732778606
779103.8222284121,78833.5665048842,-0.22099143500464455,0.47873059007495844
779103.8222284121,78833.5665048842,-0.22099143500464455,0.4753327451923465
780892.672144601,81217.98369867698,-0.2750367344518929,0.47092355231181454
780892.672144601,81217.98369867698,-0.2750367344518929,0.4669552787193358
782368.6513018018,82645.47136538103,-0.30491198257006713,0.4626369512831505
782368.6513018018,82645.47136538103,-0.30491198257006713,0.45875045659058383
782319.7757046429,84049.61949784042,-0.3369078328498421,0.4544527151102794
782893.9787928003,85336.55676872194,-0.36384594949323007,0.4499112948619207
783201.4070458793,86240.60541869233,-0.38251293518573193,0.44535734199608534
782764.6957815967,87463.22954667642,-0.4091087519193809,0.4405938889984923
782764.6957815967,87463.22954667642,-0.4091087519193809,0.43630678130065853
783124.8158228445,88715.17869655612,-0.43374853472610875,0.43183238980244
782983.0943210846,89743.66199384636,-0.4544587051503273,0.4272876831934378
782709.2326232593,90522.08601972491,-0.470191618823752,0.42280412440350024
782709.2326232593,90522.08601972491,-0.470191618823752,0.4187689214925564
783067.8137976634,91425.80086808042,-0.48662918558612556,0.41472629970364766
783520.370050527,92397.29551393444,-0.5037946267534765,0.410658804064446
783520.370050527,92397.29551393444,-0.5037946267534765,0.4069980579891645
784441.579527457,93646.64821877285,-0.5246159036665249,0.4031828545985849
784441.579527457,93646.64821877285,-0.5246159036665249,0.39974917154706324
785031.1294855961,94171.67743172742,-0.5327677164642673,0.39645506148075027
786037.7607901976,94757.4153006609,-0.5410132887118398,0.39328422311487926
786037.7607901976,94757.4153006609,-0.5410132887118398,0.3904304685855953
788063.3233525702,95081.6856835089,-0.5424216934845871,0.3878268793899211
789370.8682658818,95389.018471836,-0.5450414044647462,0.38541815633931037
790699.7181181799,95459.699819031,-0.543470502423634,0.3832895781447885
790699.7181181799,95459.699819031,-0.543470502423634,0.3813738577697188
793818.4540602108,95600.34017977714,-0.5393509393920254,0.3797526985079463
796095.0829288514,95537.18891014502,-0.533441153414697,0.37844139982178426
799278.7417747348,95392.53025113553,-0.5241666906136997,0.3774930925742634
799278.7417747348,95392.53025113553,-0.5241666906136997,0.3766396160514946
802089.2202486866,95234.58302526403,-0.5154169596214926,0.3760902304558078
804972.9931595811,94951.6854107296,-0.5042369580666275,0.37587528345856136
809471.8145717469,94558.66788183508,-0.4875441275213341,0.3760991519246719
809471.8145717469,94558.66788183508,-0.4875441275213341,0.37630063354417137
813671.027253759,94032.37820905294,-0.4688847142794924,0.3769484523327669
816357.4851738065,93683.25566553611,-0.45660438090733724,0.37783849757680676
821078.1034754231,93062.14418972716,-0.4346563836458648,0.3791882382279795
826165.2533145333,92432.5096707448,-0.4114480975574085,0.38098321196624635
826165.2533145333,92432.5096707448,-0.4114480975574085,0.3825986883306865
830408.1117579828,91646.4681380937,-0.38666351652574604,0.3846722315844742
834217.4365248367,91199.4068209064,-0.3692907619386221,0.38697273937756127
839030.3953517674,90366.02493986941,-0.34155069201806654,0.38973669813935347
839030.3953517674,90366.02493986941,-0.34155069201806654,0.39222426102496644
843408.0819553385,89609.00468918096,-0.31589228601844005,0.3951045277720088
848797.9086482762,88701.14064916933,-0.2842258370551321,0.3984884290684296
851572.5483152276,88186.77738326734,-0.2666332369242992,0.40197375523847917
851572.5483152276,88186.77738326734,-0.2666332369242992,0.4051105487915238
855530.0613851001,87273.89922847686,-0.2371328223074989,0.408671173354684
860000.1997553887,86489.0082667809,-0.20878265183120498,0.4125844897234355
863451.7476217368,85595.53505222869,-0.17973271873584076,0.4168327227826959
865353.3099994699,85115.4767029459,-0.1637610110137539,0.42105542522908246
865353.3099994699,85115.4767029459,-0.1637610110137539,0.42485585743083043
869128.375889039,84261.80484075179,-0.13396796698724353,0.4290210725130663
870920.0158984199,83549.63543715746,-0.1119230721889049,0.4333208884570371
873272.04636071,82791.50527129286,-0.0869558536611471,0.4378149032698047
873272.04636071,82791.50527129286,-0.0869558536611471,0.4418595166012956
874465.4334648022,82363.53495555025,-0.07298750522773592,0.4458488773104726
875248.5671687869,81673.12058806575,-0.05296345856433008,0.4499399031153171
875967.1358084109,81114.96745437481,-0.03631383541817574,0.454038066918331
875967.1358084109,81114.96745437481,-0.03631383541817574,0.4577264143410435
876089.116966348,80575.61346023368,-0.021437752077697842,0.4614178291049967
875391.3423883778,80286.71694784981,-0.015303318686399602,0.46489346322733704
874817.1593229108,79851.24176719176,-0.004766859974743599,0.46828494540523474
874817.1593229108,79851.24176719176,-0.004766859974743599,0.4713372793653427
873477.7985959097,79524.35222069721,0.0009157439573117544,0.47422644502774125
871079.196918769,79275.14447126804,0.0017768019809233308,0.4768482205744902
870024.3126129963,79138.88211625333,0.002903555759657649,0.4792359874110327
867259.7491495083,78998.54993455506,-0.00021398328287019987,0.48130703908785766
867259.7491495083,78998.54993455506,-0.00021398328287019987,0.4831709855970001
864239.3666298982,78929.22141126389,-0.005983810091500037,0.4847042917850126
861325.4191840247,78971.84631874519,-0.014612815972730935,0.4858685422071931
859095.5491775415,79005.18983564139,-0.021229910382884718,0.4867509402269017
859095.5491775415,79005.18983564139,-0.021229910382884718,0.4875450984446394
855275.6706801398,79158.14419575858,-0.03519230778186941,0.4879107809056287
852475.3609373122,79338.08345779325,-0.0472464955574252,0.4879385404261302
852475.3609373122,79338.08345779325,-0.0472464955574252,0.4879635239945816
848672.498981413,79645.18999227573,-0.06522247142527611,0.48753660980949154
845774.2742886287,79930.84548149424,-0.0802073699084458,0.4867777645808313
844143.2910263493,80215.26210040899,-0.09186839696756707,0.48580327819855895
841204.4576017809,80576.6112461201,-0.10873301615965013,0.4845046249747118
841204.4576017809,80576.6112461201,-0.10873301615965013,0.4833358370732494
839656.2467217701,81057.55142136758,-0.12506898269501177,0.48187552879854917
839656.2467217701,81057.55142136758,-0.12506898269501177,0.48056125135131894
837526.1995844864,81844.96828444014,-0.15040362973936428,0.4787450354727029
837526.1995844864,81844.96828444014,-0.15040362973936428,0.4771104411819485
837708.2723848189,82302.86224165834,-0.16143360075141588,0.4753635570449683
838672.2454305805,82853.07995645836,-0.1727132847054484,0.47350936922283526
838672.2454305805,82853.07995645836,-0.1727132847054484,0.4718406001829155
842410.6537835773,83715.51229197868,-0.18473187339248082,0.4700382433298119
842410.6537835773,83715.51229197868,-0.18473187339248082,0.4684161221620187
845712.594839203,84165.75986902374,-0.18767477747757627,0.46688264050887746
850391.0486183267,84652.06075745745,-0.18817002632815658,0.4654901257997858
850391.0486183267,84652.06075745745,-0.18817002632815658,0.46423686256160335
856801.4692926346,85079.63000590808,-0.1831587115601333,0.4632342085164397
861207.963676025,85341.52364988849,-0.1789802592606058,0.46243628118328056
861207.963676025,85341.52364988849,-0.1789802592606058,0.46171814658343735
868970.5205166163,85681.25470203304,-0.1687836503882572,0.46132674066538715
878728.144344284,85980.39281790068,-0.15302041953442316,0.4613685561104879
888716.1892050108,86250.16080504967,-0.1361211490126291,0.46182867177412334
896430.7994530356,86370.29659303947,-0.12100566285341882,0.4626206630253755
909482.6246747389,86512.03406490192,-0.09402267466553284,0.46400802985619966
909482.6246747389,86512.03406490192,-0.09402267466553284,0.4652566600039414
922336.7564062955,86533.01557541627,-0.06459377802404875,0.467116149552946
937688.2935830456,86559.29835839073,-0.029496788219330872,0.46966711489216817
937688.2935830456,86559.29835839073,-0.029496788219330872,0.4719629836974681
948053.9632414755,86441.03854459616,-0.0023376774258378405,0.47470824339207535
963818.4870284143,86330.2040689403,0.037309113716842375,0.4781701468957889
981332.2541134822,86037.94051691875,0.08598530173460446,0.48250276474957515
981332.2541134822,86037.94051691875,0.08598530173460446,0.4864021208179828
999094.4083363885,85767.03885057334,0.13499224264824905,0.49113671480239074
1017051.0556389696,85318.55832923611,0.18975914581371553,0.49676702196749456
1030166.961155555,85053.54528274233,0.22833002027349616,0.5027985702775825
1048738.1918139164,84446.69141930564,0.29020378319144924,0.5097738078296105
1048738.1918139164,84446.69141930564,0.29020378319144924,0.5160515216264356
1067611.4771222956,83837.64561989244,0.353766586087672,0.5232905341159839
1087373.573152914,83109.04902510134,0.4242005456399756,0.5315664943453849
1099467.9716137159,82584.87447163735,0.47045963144017544,0.5401713356968508
1117972.0647387558,81717.15499534312,0.5445993736623188,0.5497691864687237
1117972.0647387558,81717.15499534312,0.5445993736623188,0.5584072521634094
1136569.826568459,80796.38615203595,0.6224245972349368,0.5681271418779419
1136569.826568459,80796.38615203595,0.6224245972349368,0.5768750426210211
1164561.2483311961,79155.09627132455,0.7525010471784378,0.5880000645383799
1164561.2483311961,79155.09627132455,0.7525010471784378,0.5980125842640029
1181148.586732298,78099.38088828881,0.8354002905936632,0.6090963331024443
1195019.11604238,76950.60531063577,0.9172444759602257,0.6211178116912055
1195019.11604238,76950.60531063577,0.9172444759602257,0.6319371424210907
1209166.377762921,75856.11895923711,1.0000040144830726,0.6437435285410584
1217490.9928061361,75021.25261632285,1.0581278977662143,0.6558223731311079
1227883.2880413851,73886.16862414134,1.1367342303516557,0.6686584915767886
1227883.2880413851,73886.16862414134,1.1367342303516557,0.6802109981779012
1237829.9898429988,72651.12456865124,1.2212776791239088,0.6927218403382088
1245566.0342096468,71505.08092436682,1.2981298872601472,0.7059029034858917
1249115.835862052,70687.20733206543,1.3488786407346736,0.7190345791556694
1254593.0456900757,69558.61352685504,1.4225443676858334,0.7326947304322482
1254593.0456900757,69558.61352685504,1.4225443676858334,0.7449888665811693
1257368.025625284,68371.64998989021,1.4938420858475445,0.757836032069241
1257923.4227059684,67250.5590950314,1.5573029449302682,0.7709850024855736
1258250.945855927,66486.8186580929,1.6016069639333448,0.7839266763353498
1258250.945855927,66486.8186580929,1.6016069639333448,0.7955741828001486
1256076.825543481,65432.595762728415,1.6563704345540387,0.8074260253839847
1256076.825543481,65432.595762728415,1.6563704345540387,0.8180926837094371
1251926.9281473253,64407.81784729827,1.7049491800573167,0.8289071448399263
1247117.2623065885,63388.73984601185,1.7526439286324793,0.8398325285717456
1242134.3066167582,62801.059399498205,1.773760920671856,0.8501932987313675
1233411.0498950793,61888.11593779509,1.8041612645115164,0.8602780004710187
1224355.431851025,61110.0051591605,1.8254428883779303,0.869886272633365
1224355.431851025,61110.0051591605,1.8254428883779303,0.8785337175794768
1212251.1100028935,60307.93434051864,1.8386967024136522,0.8866477633818705
1203975.1338458762,59900.947573957084,1.8383765942113992,0.8939424018989685
1191226.0140200092,59248.47566847237,1.8396190446797414,0.9005386378260651
1191226.0140200092,59248.47566847237,1.8396190446797414,0.9064752501604522
1175998.3165716392,58815.04247407467,1.817296668480769,0.9112601418564261
1160722.383909212,58373.1302564084,1.795058427244301,0.9150105883518911
1150464.4412685465,58248.96059238873,1.7681047902056108,0.9177121492718423
1132890.3966220256,58002.15354430297,1.7239711870045082,0.9190402140197709
1132890.3966220256,58002.15354430297,1.7239711870045082,0.9202354722929065
1116006.8887479056,57999.82065115436,1.665452777189512,0.9198482444933537
1098600.5037239592,58074.08224847752,1.600076498141424,0.917865332497554
1098600.5037239592,58074.08224847752,1.600076498141424,0.9160807117013342
1079957.1435943819,58309.356799067566,1.5202415623700416,0.9124786795904519
1068403.2537523373,58551.93800626174,1.4649986364119834,0.9078557775417063
1068403.2537523373,58551.93800626174,1.4649986364119834,0.9036951656978353
1050698.3904132538,59071.674043531675,1.372222395931105,0.8976312090263293
1032060.325711116,59778.187778083695,1.2670001477613215,0.8895430918177294
1015139.6041548131,60575.09722253548,1.1649107901792122,0.8797115523904367
1003471.3200769253,61293.72520668309,1.086933207999127,0.8689137273513713
985736.1569327547,62399.20006765764,0.9711781616669716,0.8563018086579084
985736.1569327547,62399.20006765764,0.9711781616669716,0.8449510818337919
969975.8256827655,63781.96194417804,0.8523366011620704,0.8317643886794645
969975.8256827655,63781.96194417804,0.8523366011620704,0.8198963648405697
953582.8211620273,65200.16839799947,0.7349779958407451,0.8062811782525313
943035.8767792222,66353.93276954892,0.6516767882858474,0.7919449801344244
928931.3186189194,68055.736268322,0.5382641431008818,0.7762070856985039
914636.395565776,70064.65563791723,0.4182501841671162,0.7590426317328315
914636.395565776,70064.65563791723,0.4182501841671162,0.7435946231637263
901237.6956953756,72079.99224449336,0.3072086781073841,0.7269153778000383
893585.9595618313,73621.67868606916,0.23348160927481695,0.710060880251905
881416.2904794078,75866.33474812999,0.12876043055431033,0.6922738029905722
870591.2762755207,78372.60722565166,0.026028427366700847,0.6736971333756825
870591.2762755207,78372.60722565166,0.026028427366700847,0.6569781307222817
861183.2047705457,80892.52716858475,-0.0671673643382202,0.6396011335415981
854689.278720749,82695.7635946207,-0.129790019146259,0.6223962697087819
846063.0145970073,85348.12469749943,-0.21490635246465248,0.6047839839262875
838910.2653421654,88143.2758001411,-0.2946295501716626,0.5869398467793673
838910.2653421654,88143.2758001411,-0.2946295501716626,0.570880123347139
831422.557316094,90969.02507164086,-0.37081422492475125,0.5545217553893064
831422.557316094,90969.02507164086,-0.37081422492475125,0.539799224227257
821969.967198509,95705.91604865082,-0.48190571313543795,0.5237716589761454
821969.967198509,95705.91604865082,-0.48190571313543795,0.5093468502501449
816270.1121836313,98539.92701062333,-0.5433546289810789,0.4948282995006035
812024.2260389886,101416.87925928413,-0.5991603954028123,0.48036645966547287
812024.2260389886,101416.87925928413,-0.5991603954028123,0.4673508038138553
807837.5871059982,104143.16435740936,-0.6495140121450473,0.4543778731288436
805095.0761147783,106027.28115518436,-0.6825130977182983,0.4418772583730018
801754.3619872227,108637.2381649305,-0.7254834101953643,0.4295524472808175
798836.7288303802,111256.89917734862,-0.7657971351123494,0.417452274174927
798836.7288303802,111256.89917734862,-0.7657971351123494,0.4065621183796255
795529.0096120719,113640.62533451336,-0.8020230141036533,0.3958553311890717
794134.9649860814,115235.77406365654,-0.8239943820337436,0.3856699385193209
794134.9649860814,115235.77406365654,-0.8239943820337436,0.37650308511654523
789177.9853653832,119465.12958208908,-0.8815361531454247,0.3668143727762551
789177.9853653832,119465.12958208908,-0.8815361531454247,0.358094531669994
787408.6145473912,121291.03885897904,-0.9045220337834612,0.34967202765840805
786087.638901606,122455.56992742016,-0.9191408737266821,0.34172630304940016
783769.6757362516,123929.05192684173,-0.938295952601176,0.33409627392943075
783769.6757362516,123929.05192684173,-0.938295952601176,0.3272292477214583
782263.5740018999,125232.21998074082,-0.9539858417967371,0.32065667690439403
780305.6230833265,126298.3518060258,-0.9677394348035686,0.31439752334386545
780305.6230833265,126298.3518060258,-0.9677394348035686,0.3087642851393897
778340.8031992273,127098.76035866776,-0.9786982725446884,0.30342039981183355
777445.9418359229,127526.95105817296,-0.9842574181511168,0.2984719243768723
777445.9418359229,127526.95105817296,-0.9842574181511168,0.29401829648540717
775479.6569113958,127933.5218728103,-0.991260757869332,0.28983494789013314
773796.2556898377,128148.66719466337,-0.9959599936596124,0.28595245325962954
772192.2590298543,128046.6195338239,-0.99751500443084,0.28241933282289555
771154.499687666,127914.52393117278,-0.9978950158079205,0.27923002414540804
769359.9417385365,127402.31226651168,-0.995848642766594,0.2764108056617024
769359.9417385365,127402.31226651168,-0.995848642766594,0.2738735090263673
768386.2082044645,126725.59280992649,-0.9908972802027263,0.27171372611866246
766881.7031226682,125756.01453416204,-0.9838855998436015,0.26994521351070616
766314.6812053316,125019.23911276682,-0.9775556648007712,0.26851180053961626
766314.6812053316,125019.23911276682,-0.9775556648007712,0.2672217288656354
765705.0571467151,123678.03652573176,-0.9651505503089268,0.2663707922213487
765152.1804812849,122176.95881535175,-0.9507302069770015,0.26596545782478875
765152.1804812849,122176.95881535175,-0.9507302069770015,0.26560065686788487
765192.2822450243,120479.77262622386,-0.9328801551687019,0.26571858730187886
765594.9601729932,119248.6025180628,-0.918981926052984,0.2661721804203664
766086.5429031327,117261.46327299268,-0.8962063781573278,0.26714980292439655
766086.5429031327,117261.46327299268,-0.8962063781573278,0.2680296631780237
767397.4914204972,115110.15726455177,-0.8692990689801119,0.26949422013571855
769478.0767566595,112888.38915324291,-0.839136399898721,0.2715663881246787
770832.7018094036,111285.0858832284,-0.8168877363789608,0.2739875559027368
773903.7855603612,108886.07418282652,-0.7804405741037272,0.27707778595987
773903.7855603612,108886.07418282652,-0.7804405741037272,0.2798589930112898
777581.2715722586,106333.95055366583,-0.7390839101896888,0.2833959959554186
781956.6110773778,103818.2026683304,-0.6948699504565551,0.2876846475984629
785277.9793692278,102039.6709900536,-0.6618462678076797,0.2923700261434246
785277.9793692278,102039.6709900536,-0.6618462678076797,0.29658686683389013
791305.5969081006,99478.89195171368,-0.609700208172312,0.3016856749461933
797500.1677742428,96823.47847946518,-0.5528301455760788,0.30769635381217203
805190.6920729007,94258.0336209656,-0.49119571336067536,0.31464682559693796
805190.6920729007,94258.0336209656,-0.49119571336067536,0.32090225020322727
810492.7980348323,92521.99641159191,-0.44733526399803397,0.32762864358295374
819218.2135088054,90033.87002607508,-0.3790025349349354,0.335390715851285
828873.8668738292,87554.57509526075,-0.30483630667438977,0.34423073659929676
828873.8668738292,87554.57509526075,-0.30483630667438977,0.3521867552725073
839218.7678334215,85160.462234269,-0.22670315641641908,0.3613005008348461
846371.6868255173,83615.72025544665,-0.17276224802323178,0.37085139455078076
858154.0097193328,81394.37097370611,-0.08790008618640625,0.38156875294104253
870267.1821761845,79304.21473398928,-0.0010990431798758636,0.3933844015674414
870267.1821761845,79304.21473398928,-0.0010990431798758636,0.4040184853312004
882837.8510949842,77266.81530004628,0.09002204563224758,0.41586718793888655
891765.2264676724,76056.47442558459,0.15033352823424764,0.4280388073508541
905043.1796457261,74239.50049883552,0.24422924753681968,0.4413406578041892
905043.1796457261,74239.50049883552,0.24422924753681968,0.4533123232121908
918811.0706560716,72645.36146878291,0.3363556397220009,0.46638998188402175
932561.9484998218,71071.28781577984,0.43182080237848103,0.4805465037550816
941881.9099536408,70184.73273632438,0.4919979405501264,0.4947918018933266
941881.9099536408,70184.73273632438,0.4919979405501264,0.5076125702177471
955448.8589143141,68834.74517263549,0.5847791864868379,0.5214707928581434
969251.845004741,67733.20397641616,0.6713583036695544,0.5361076711640679
982216.0212957412,66653.79402462894,0.7572759054822262,0.5514288016847168
982216.0212957412,66653.79402462894,0.7572759054822262,0.5652178191533007
994968.7440371485,65761.96946783675,0.8366477843155351,0.579612231845859
1003017.1354261024,65193.42287159186,0.8881293166018347,0.5938542415763189
1014535.8897112631,64498.41315129333,0.9575457030368256,0.6084074599946077
1014535.8897112631,64498.41315129333,0.9575457030368256,0.6215053565710675
1025026.6537526357,63852.712526412695,1.0227259542239553,0.6349229697695598
1034529.6483818315,63285.98841370698,1.0819706860890395,0.6484799399448298
1040147.9388244868,62973.56318662537,1.116301838524976,0.6615394919134713
1047518.0821748087,62548.77347491152,1.1626642594875125,0.6744521492093121
1047518.0821748087,62548.77347491152,1.1626642594875125,0.6860735407755687
1053615.5483825663,62226.69356163272,1.1998885756359174,0.6974634010889098
1053615.5483825663,62226.69356163272,1.1998885756359174,0.7077142753709168
1059962.8537250585,61728.83812335221,1.2481418215057072,0.7181463933714678
1059962.8537250585,61728.83812335221,1.2481418215057072,0.7275352995719637
1061445.7583401771,61428.069725721274,1.2699550737663643,0.7365306464589265
1061445.7583401771,61428.069725721274,1.2699550737663643,0.744626458657193
1061278.1527298533,61266.94245297491,1.278563819677192,0.7521279082834036
1056688.8757584079,60910.32575159542,1.2838193842364372,0.7590106020609741
1056688.8757584079,60910.32575159542,1.2838193842364372,0.7652050264607877
1051077.1709831513,60634.8040018879,1.2810539193983965,0.7707108717996688
1051077.1709831513,60634.8040018879,1.2810539193983965,0.7756661326046618
1043880.5123241482,60492.15266394139,1.2653130657668221,0.7797323459883662
1034268.9170524802,60230.53205869451,1.2482552361849855,0.7829654922941541
1026952.6968027799,60128.512810047156,1.2296015318058684,0.7854089813598855
1026952.6968027799,60128.512810047156,1.2296015318058684,0.7876081215190437
1014114.7412997786,59836.06111846431,1.2031802335035706,0.7889268152047286
999292.7970492045,59615.20631670761,1.165720237720789,0.7891771396272755
999292.7970492045,59615.20631670761,1.165720237720789,0.7894024316075677
970551.3104609882,59167.32614729472,1.0933801597478978,0.7877966924405084
970551.3104609882,59167.32614729472,1.0933801597478978,0.7863515271901551
950681.4034736396,58857.979147269376,1.042709632313523,0.7837841152789777
929265.970275318,58536.12093125991,0.9868665027855406,0.7800773663207186
929265.970275318,58536.12093125991,0.9868665027855406,0.7767412922582853
906355.583676796,58256.362339371524,0.9229615153142173,0.7721412009153121
881591.9806242804,57864.051317881116,0.8579585562650529,0.7663760447304073
864778.3767296392,57689.30717250449,0.8085126371404544,0.759951256185878
837951.7156987286,57287.14346077691,0.7353318593385431,0.7523394270507537
837951.7156987286,57287.14346077691,0.7353318593385431,0.7454887808291419
810284.1606810243,56989.519500454844,0.6528697147779579,0.7372616456156766
781691.2942030728,56567.64285490462,0.572356683738615,0.7278443981475744
762169.9269970228,56375.657599073966,0.5120435459491945,0.7178610469815468
762169.9269970228,56375.657599073966,0.5120435459491945,0.708876030932122
732128.030823653,55943.54009451136,0.4248481422280522,0.6986096313946112
702117.2024240182,55617.37102037407,0.33155133873993803,0.6870374517236485
671223.2272909494,55212.13657875936,0.23743839270443742,0.6742696663688945
671223.2272909494,55212.13657875936,0.23743839270443742,0.662778659549616
650809.8354108061,54996.30396111232,0.17223655043855238,0.6508067073556183
620153.4014133665,54576.370157001766,0.07736413581293665,0.63766014001538
589273.3234922003,54207.572174628214,-0.021880994667598887,0.623347101147152
589273.3234922003,54207.572174628214,-0.021880994667598887,0.6104653661657469
559132.4410605936,53842.58415012735,-0.11986638002284539,0.5964221700486011
539165.9288745663,53571.651781325556,-0.18440728625044653,0.5821697708874799
509385.73117526626,53193.2508856056,-0.2828256346339597,0.5668821529328829
480567.46813221974,52784.24996386719,-0.3779196786327654,0.5507459456737755
480567.46813221974,52784.24996386719,-0.3779196786327654,0.5362233591405788
452591.30526074435,52456.04004781142,-0.4739407295816252,0.5207525049869803
434020.9794537737,52169.892726647886,-0.5361528527342092,0.505273433169927
434020.9794537737,52169.892726647886,-0.5361528527342092,0.4913422685345791
407788.1065157817,51831.91155736295,-0.6272363824980121,0.47652713211867087
382146.37165807385,51398.66979034221,-0.714429110141412,0.46101369115326846
357713.76697347,51084.85829039346,-0.8016296333703123,0.4448715812036838
357713.76697347,51084.85829039346,-0.8016296333703123,0.43034368224905767
342268.2683383094,50764.5888130578,-0.854054501731191,0.41595795148087217
320022.63675469,50452.70641824641,-0.9345304955139744,0.4009988939449356
298704.9974342564,50023.24990166239,-1.0094545780586304,0.3856626400989763
285769.3381365761,49847.066002657564,-1.0575096112221436,0.3706586358085251
285769.3381365761,49847.066002657564,-1.0575096112221436,0.357155031947119
266728.3280150467,49417.99970236639,-1.1251429956659962,0.3433109538607572
249097.53531088063,49104.66140039951,-1.1905741208836929,0.3292155054525892
233217.47106158707,48704.23753487557,-1.2478900733789693,0.3150967030728561
233217.47106158707,48704.23753487557,-1.2478900733789693,0.30238978093109625
222982.84822088774,48489.533070362915,-1.2861617758682795,0.28999675844127965
208703.49488238042,48079.37671954559,-1.3381201326551424,0.2775440792807731
196189.83711907652,47742.070613838514,-1.3847721655487466,0.26517036721397713
196189.83711907652,47742.070613838514,-1.3847721655487466,0.25403402635386074
184266.61272254295,47383.46739588388,-1.4292253227395206,0.24289999064998666
177024.09966890572,47160.725386540864,-1.4564786039457813,0.23219802648634347
167604.8682338262,46790.137723449465,-1.4910640185709403,0.2217016233734356
167604.8682338262,46790.137723449465,-1.4910640185709403,0.21225486057181853
158348.39359545472,46425.95836032038,-1.525589812989036,0.20288962918991077
150680.26403741044,46112.42723275921,-1.5544350154854043,0.1937397908837846
146064.5283234064,45845.995508369146,-1.5709012763254038,0.18509327988727103
139276.88786134074,45521.84646881449,-1.596384162992092,0.17667434782374164
139276.88786134074,45521.84646881449,-1.596384162992092,0.1690973089665652
133580.99980273304,45134.18017189174,-1.6165251987544023,0.16177444810104863
133580.99980273304,45134.18017189174,-1.6165251987544023,0.15518387332208372
125235.75832892841,44581.71565513057,-1.646864477212797,0.14849387405955544
125235.75832892841,44581.71565513057,-1.646864477212797,0.14247287472328
121300.89377634715,44308.52110332696,-1.661273992715432,0.13669373743306618
117710.7511256668,43924.351106141345,-1.6729229944668882,0.13120128882808735
117710.7511256668,43924.351106141345,-1.6729229944668882,0.12625808508360642
115118.44453222671,43777.210214165585,-1.6830436337221872,0.12155618573219111
112211.83036829652,43400.88462312203,-1.6919470449248801,0.11710189103585
109540.50872976334,43155.8856706291,-1.7014655653787278,0.1128550627977968
109540.50872976334,43155.8856706291,-1.7014655653787278,0.10903291738354894
105283.60109266656,42644.29532274054,-1.7154492170066076,0.10524339522002886
105283.60109266656,42644.29532274054,-1.7154492170066076,0.10183282527286079
103163.25005824317,42284.031081531306,-1.72131704448451,0.09861661663346197
100639.7959015023,42051.21012261644,-1.7306903505275921,0.09548769620692597
100639.7959015023,42051.21012261644,-1.7306903505275921,0.09267166782304358
99159.25302006827,41738.435133580926,-1.734225423167513,0.0900488654615514
96994.98268401304,41464.82591993194,-1.7415866046004325,0.08750431380038545
95660.55302618333,41282.263665677645,-1.7460171265866482,0.08510345425568071
95660.55302618333,41282.263665677645,-1.7460171265866482,0.08294268066544644
94399.78503768473,41042.24427877353,-1.749477588087338,0.08091147289671835
92480.10872086938,40801.882726811455,-1.7562300828833266,0.07891457353496335
92480.10872086938,40801.882726811455,-1.7562300828833266,0.07711736410938386
90956.73477613376,40527.458942380305,-1.7607132624082293,0.07538779613823975
90276.13221157281,40396.96926231933,-1.7626480070130803,0.07378281634908876
88530.32295995974,40169.05867368431,-1.768852834298335,0.07218321385672151
88530.32295995974,40169.05867368431,-1.768852834298335,0.07074357161359099
86648.00999527393,39879.56829861685,-1.7751421331780737,0.06929066112278005
85046.28192670927,39736.15912464549,-1.781686687548994,0.0678194278217772
85046.28192670927,39736.15912464549,-1.781686687548994,0.06649531785087463
83999.12940709798,39529.931710610574,-1.7847756407825817,0.06522639504622263
83999.12940709798,39529.931710610574,-1.7847756407825817,0.06408436452203582
82085.8130478653,39300.93452214561,-1.7920931387475043,0.06287359960114464
82085.8130478653,39300.93452214561,-1.7920931387475043,0.06178391117234257
81190.51700213284,39249.28928077509,-1.7961371172438028,0.06070209212401324
81190.51700213284,39249.28928077509,-1.7961371172438028,0.05972845498051685
80391.23978662149,39099.40710711714,-1.798659295720351,0.05878912708945639
79264.81181281661,39095.33595544844,-1.804423897359663,0.05779961694651918
78918.81860324265,39017.03674881601,-1.8053912452801901,0.05688487411986251
78275.98827269093,39049.54037367397,-1.809048875741568,0.055970164814337066
78275.98827269093,39049.54037367397,-1.809048875741568,0.05514692643936416
77362.85065185753,38980.596507169925,-1.8130561436517774,0.054305830204133314
77125.21069993728,39027.73657150185,-1.8147667202185012,0.05350607917825745
76682.9663012129,38984.96232850518,-1.8166162901908316,0.05274006400566091
76682.9663012129,38984.96232850518,-1.8166162901908316,0.05205065035032403
76116.92097470131,39078.66855631849,-1.8204867504097122,0.051333416555048826
75972.42999356666,39099.46264955717,-1.8214404590234825,0.050664063423956886
75576.57611190548,39184.449206690035,-1.824326281308818,0.04998950004884075
75576.57611190548,39184.449206690035,-1.824326281308818,0.04938239301123623
75356.67007019512,39235.57502534277,-1.8259626426404856,0.04879508764410047
75516.03371025898,39372.57736268528,-1.8264938830301543,0.048253231803936564
75234.5845109893,39491.15701338281,-1.8290913405638798,0.047700625109445914
75234.5845109893,39491.15701338281,-1.8290913405638798,0.04720327908440433
75346.41840698739,39605.17370490069,-1.8296276720964697,0.046742259373552156
75513.91746957718,39708.8921502445,-1.8297790402252425,0.04632355743056588
75469.34515819381,39871.0507931859,-1.8315634003051215,0.045902116679881255
75469.34515819381,39871.0507931859,-1.8315634003051215,0.04552282000426509
75789.4876037958,40078.867844283515,-1.8319316571159614,0.04517224657593954
76071.67897905016,40221.0540443246,-1.831864922429987,0.04485839885759591
76148.67972104397,40406.886851819334,-1.8332341422737266,0.04454170541499316
76148.67972104397,40406.886851819334,-1.8332341422737266,0.04425668131665068
76620.12589267263,40591.87650515674,-1.8326242180162162,0.0440154077345802
77096.89332539985,40878.09784971023,-1.8329373210996027,0.04379043393363211
77350.26892090123,41057.97516637842,-1.8333589275071889,0.04357741735258918
77350.26892090123,41057.97516637842,-1.8333589275071889,0.04338570242965054
77899.81670443052,41280.46984732247,-1.8327222650515627,0.04322907556039642
78359.15869477493,41485.24565182248,-1.8323679924965615,0.043096968191942746
78860.53646892427,41820.62643504902,-1.8330047239469731,0.04296215327407414
78860.53646892427,41820.62643504902,-1.8330047239469731,0.0428408198479924
79642.41780711355,42037.70718926893,-1.8312184064640353,0.04277627770159228
80020.77080727564,42291.83691689941,-1.8317098401316265,0.042705903928142386
80020.77080727564,42291.83691689941,-1.8317098401316265,0.04264256753203748
80525.20682823342,42516.68690564228,-1.8313353227185842,0.042594927710869125
81469.19575775405,42871.357977039566,-1.830055244465755,0.04258405382813834
81996.6567939917,43126.10591244623,-1.8298525836911887,0.042579333853044785
82471.32709224767,43370.80146623233,-1.8298087795897238,0.042576180977997216
82471.32709224767,43370.80146623233,-1.8298087795897238,0.042573343390454405
83461.64073913463,43611.06235239353,-1.8273431633128634,0.04263242996858738
83995.55674436002,43945.026333695845,-1.8278257752472635,0.04267354259054706
84895.71748173276,44229.06130364127,-1.8261975671211685,0.04275124915346314
84895.71748173276,44229.06130364127,-1.8261975671211685,0.04282118506008762
85551.75254858629,44443.30937000784,-1.825087301066253,0.042911884027422534
86124.91282462396,44699.10564337337,-1.8247231034426787,0.04300261803861331
86985.75342101653,44974.83426992259,-1.8232459873148177,0.04312120655188154
86985.75342101653,44974.83426992259,-1.8232459873148177,0.04322793621382295
87937.00839609721,45269.65780115254,-1.8215493446078563,0.043366408977244246
88199.06788424024,45417.53882032587,-1.8216611945890604,0.043488238214793314
89127.12915058224,45667.134714924214,-1.8197042484475852,0.04364680818212435
89127.12915058224,45667.134714924214,-1.8197042484475852,0.04378952115272229
89991.69493660507,45851.28092186064,-1.817483399024164,0.043973484061845966
90453.98926816696,46111.95824993968,-1.817699053820605,0.04413365931014625
91122.3250741852,46186.914647081925,-1.8154239616467316,0.04433469433796334
91955.37240982935,46399.192242259945,-1.8136243611897869,0.04456061587442233
91955.37240982935,46399.192242259945,-1.8136243611897869,0.04476394525723543
92331.82516092621,46483.066328823086,-1.8127127137996366,0.044969732886520966
92983.41049728458,46620.827943992976,-1.8110786262190677,0.045195793942392176
92983.41049728458,46620.827943992976,-1.8110786262190677,0.04539924889267627
93699.41099478253,46674.814934057234,-1.8084514837884713,0.045648036908696864
93998.67998749926,46816.05850971281,-1.8083837850280546,0.045873638592125815
94904.82381394894,46805.538047920214,-1.8043904313613321,0.046176513948879935
94904.82381394894,46805.538047920214,-1.8043904313613321,0.046449101769958645
95202.141343428,46884.283663035545,-1.8037986270362958,0.04670922591705538
95396.38659431672,46828.014342956776,-1.8024706645202804,0.04697653671234284
96224.66529252967,46865.20907863801,-1.7992340567263163,0.047298031622950654
96224.66529252967,46865.20907863801,-1.7992340567263163,0.047587377042497686
96374.67912191029,46772.191442676754,-1.7977644660702214,0.04788452768649238
96504.32909483534,46771.65089575658,-1.7972009128835538,0.048166052095754294
97195.38745005679,46622.26270242689,-1.7928804595388987,0.048527435397706396
97224.46364444145,46538.32765333716,-1.7919966160296494,0.04887477645719453
97224.46364444145,46538.32765333716,-1.7919966160296494,0.04918738341073384
97435.27223068962,46379.82617292859,-1.7896412909667603,0.04952761279549145
97858.34267883426,46290.06073059608,-1.786977832698522,0.04990040569847926
97682.41769828898,46076.43399547428,-1.7857717752409306,0.05026607074760807
97682.41769828898,46076.43399547428,-1.7857717752409306,0.050595169291824005
97828.02635766569,45875.852859534694,-1.783263575264478,0.050954062981029655
98126.48062211867,45670.86652917502,-1.7800170452072943,0.051358230552744334
97829.67525499813,45499.466213754036,-1.7797004713402431,0.051729895713963824
97829.67525499813,45499.466213754036,-1.7797004713402431,0.052064394359061364
97835.74281259562,45249.63698346817,-1.777280553061855,0.05242594109660885
97994.78302791552,44959.547895720076,-1.77375546730285,0.05283946030437672
97444.19039792215,44725.30411999643,-1.7739358777686653,0.05320711732972242
97492.42447380979,44504.124762267085,-1.7715347967886035,0.05359803567703509
97492.42447380979,44504.124762267085,-1.7715347967886035,0.0539498621896165
97535.72286088165,44242.004353562144,-1.7687213489762172,0.05433684224624941
96767.63634760938,43904.93171524305,-1.7688360241114491,0.05468225741883825
96767.63634760938,43904.93171524305,-1.7688360241114491,0.05499313107416819
96906.527819154,43656.15747368847,-1.7656630568332603,0.05535224154591987
96663.33712133026,43411.27451984911,-1.7642682412019552,0.055710311361279005
95836.48612720164,43158.50538807414,-1.76550131574211,0.05600174733159836
95786.07144591137,42820.27076538266,-1.7622030362590853,0.05634649669196139
95786.07144591137,42820.27076538266,-1.7622030362590853,0.05665677111628812
95179.48240186363,42576.71527781676,-1.762495483833657,0.056928706908817885
94480.38476670689,42352.13761404279,-1.7634333687537687,0.057150001999091884
94460.8168731528,42127.03018902462,-1.7611241551043197,0.057406897921574704
94460.8168731528,42127.03018902462,-1.7611241551043197,0.057638104251809236
93644.16008154133,41828.4367930774,-1.7618331542140562,0.057828464971276916
92822.89285159878,41608.56283838002,-1.7634270883758711,0.05795994126475245
92824.21575869729,41421.17768115554,-1.7613863492515218,0.05812928840698916
91954.95247447988,41242.62368584832,-1.763679189968072,0.058224379817088445
91954.95247447988,41242.62368584832,-1.763679189968072,0.0583099620861778
91107.40196220382,41033.30395800021,-1.7655500734547287,0.0583402140411918
91107.40196220382,41033.30395800021,-1.7655500734547287,0.058367440800704405
90136.51796297729,40764.7140796171,-1.7674020184975137,0.058345646258196125
90136.51796297729,40764.7140796171,-1.7674020184975137,0.058326031169938675
89293.37116846621,40647.34503078952,-1.7702962520918086,0.0582360217506496
89293.37116846621,40647.34503078952,-1.7702962520918086,0.058155013273289424
89146.86820282333,40569.128282029604,-1.7701704360332555,0.05808525104512909
87891.80057802195,40463.7565453266,-1.775269161115947,0.05789499691271751
87552.8597882928,40467.663883203204,-1.776999721636542,0.05768050418053221
87434.5597436283,40428.125618702004,-1.7771630506964986,0.057483377495066525
87434.5597436283,40428.125618702004,-1.7771630506964986,0.05730596347814741
86258.25285950623,40507.1853473223,-1.7838674423762209,0.05697868107092715
86064.15512043065,40508.8171751298,-1.7848505643517252,0.056659548855041306
85975.87980499027,40638.59891416016,-1.7866560785491985,0.056327192005807214
85975.87980499027,40638.59891416016,-1.7866560785491985,0.05602807084149653
84910.88927248999,40706.41713240633,-1.7926402289344228,0.05560925803398631
84916.52847155959,40944.26986621826,-1.7950550291775869,0.05517195650114801
84624.87502110431,41098.67861046536,-1.798056096239494,0.05470335844504587
84020.5278180735,41319.1596842776,-1.8032190790852256,0.054152545623410646
84020.5278180735,41319.1596842776,-1.8032190790852256,0.05365681408393894
84232.77486241561,41528.05626615044,-1.8042506930836293,0.05318486534845432
84208.40220236867,41896.44801104925,-1.8079629832440403,0.052667304232507886
84208.40220236867,41896.44801104925,-1.8079629832440403,0.0522014992281561
83710.29362312389,42229.47697491518,-1.8135356095877821,0.051642959065645935
84302.92090703126,42522.6284731984,-1.8134809942149073,0.05114163830370866
84415.73600582115,42899.24935299766,-1.8164592926095326,0.050615992158099476
84415.73600582115,42899.24935299766,-1.8164592926095326,0.050142910627051215
84425.1028757812,43364.1357510138,-1.8206680140716012,0.04961191921255606
85491.49374653556,43877.37976924128,-1.8203594710853623,0.0491417405141664
85702.17421283126,44203.10675341536,-1.8222928390412234,0.04867024548671917
85981.83952508036,44735.16360249085,-1.8256808257261095,0.04816120029489452
85981.83952508036,44735.16360249085,-1.8256808257261095,0.04770305962225233
87551.63202110518,45245.64252977484,-1.8230583902102373,0.04735629390477117
87959.22519337495,45891.546346334886,-1.82675784911629,0.04695171828638681
88729.06889845194,46216.419442367434,-1.826115982177958,0.04660364690329918
88729.06889845194,46216.419442367434,-1.826115982177958,0.046290382658520306
90525.82378688802,46868.30441712754,-1.8237710617419511,0.0460670678491195
91351.16454149791,47385.29328829749,-1.8245079205787582,0.04584766304973859
93222.2758545696,48092.74698176641,-1.8223818526539814,0.0457033504284152
94607.19589759747,48408.031112222256,-1.819159826508148,0.04565401972286999
94607.19589759747,48408.031112222256,-1.819159826508148,0.0456096220878793
95811.109737224,49114.019932365896,-1.8198815412941112,0.04555162134673859
97986.52577806232,49618.22506596161,-1.8150398301819495,0.045620463457516
99632.75067638876,50115.71129849157,-1.812370001592723,0.04574916707194632
99632.75067638876,50115.71129849157,-1.812370001592723,0.04586500032493361
101118.54385964538,50607.09244620642,-1.8103430101115559,0.046019925039651355
103840.76507746415,51299.729041141196,-1.8050845980579568,0.0462908175842373
106085.70726343142,51796.5420834192,-1.8002617457791654,0.04665519218133444
107458.00481211476,52265.8764795137,-1.7986764913466464,0.047022760679534835
107458.00481211476,52265.8764795137,-1.7986764913466464,0.04735357232791519
110301.46417323675,52707.59282049149,-1.7912752535170202,0.04783633375719817
113110.27713485884,53297.40061491461,-1.785320386969473,0.048419690707241524
113110.27713485884,53297.40061491461,-1.785320386969473,0.04894471196228055
115435.45668934542,53771.836767296685,-1.780378505008834,0.049540778140831646
117944.44996929959,54112.340441054715,-1.7737552944058037,0.05024281796660339
120697.25821680443,54493.00519012485,-1.7666416535720555,0.05105249483064166
120697.25821680443,54493.00519012485,-1.7666416535720555,0.05178120400827611
123693.14413969252,54896.766415165555,-1.7589249577395663,0.05262995966395935
127446.16082494051,55318.72178413464,-1.7487139688268023,0.053649114476893356
129525.87440108953,55513.814807934716,-1.7427944994398523,0.054714340543207715
132750.98197440774,55835.50652760687,-1.7338611876764014,0.05589637679697691
132750.98197440774,55835.50652760687,-1.7338611876764014,0.05696020942536919
136960.71984887967,56025.17654037014,-1.7203375031799497,0.05825575090333353
140403.97597081686,56378.03011918554,-1.7111107031740127,0.05965240823364986
143101.2502415189,56399.31805113506,-1.7016600842204501,0.061145665304773625
143101.2502415189,56399.31805113506,-1.7016600842204501,0.062489596668785015
147752.94701559178,56667.19193592349,-1.687531120405895,0.06405235899175914
151535.20427068145,56666.52018412934,-1.6740707892544053,0.0657953533612231
156623.42197420335,56922.35845261655,-1.658475225672457,0.06775393738328936
156623.42197420335,56922.35845261655,-1.658475225672457,0.06951666300314899
159819.2454898096,56835.74279113244,-1.6462957741176476,0.0714076023498929
164450.9990625533,57042.934908537,-1.6319873744944926,0.0734671577525413
169811.26435358461,56925.43032566251,-1.61180723062682,0.07582526121161667
169811.26435358461,56925.43032566251,-1.61180723062682,0.07794755432478451
175368.12927518282,57058.21797532647,-1.5935756203470202,0.08031340838363056
178624.276028836,56926.01653352236,-1.5806070201527413,0.08276689204144896
185020.37703466942,57049.592933284664,-1.5593778980647879,0.08550575538568436
190792.3880347448,56911.86515760332,-1.5373523998191305,0.08852136985163767
190792.3880347448,56911.86515760332,-1.5373523998191305,0.09123542287099563
196976.0996974056,56914.73428782488,-1.5154859328462544,0.09422473226273971
201521.78935526166,56819.73445456807,-1.498193394424294,0.09734742417585839
208182.00358556214,56864.400716867494,-1.475145933168178,0.1007340334290681
214863.36954838084,56813.65584110741,-1.4507816528561337,0.10439108876475794
214863.36954838084,56813.65584110741,-1.4507816528561337,0.10768243856687881
222332.81518647436,56739.046645896735,-1.4232431688445522,0.11133311548907712
226950.90880265538,56769.00344568213,-1.4072623264807198,0.11501824577815142
226950.90880265538,56769.00344568213,-1.4072623264807198,0.11833486303831829
234323.80611001878,56757.580232278815,-1.3809156287883608,0.12197848601477745
242445.08142484628,56849.262608656536,-1.3534618984525817,0.12594408995198517
249700.94152190312,56747.82421196827,-1.3261519706349896,0.13019588169091192
255286.3144267435,56878.488135377265,-1.3083954902144475,0.13446640626645956
263624.45242533623,56841.27166626131,-1.2782342176237655,0.13906391019921946
263624.45242533623,56841.27166626131,-1.2782342176237655,0.14320166373870338
271713.10011881235,57068.573882772755,-1.253387858673686,0.14754680089799088
271713.10011881235,57068.573882772755,-1.253387858673686,0.15145742434134965
286329.9724042021,57266.259172615646,-1.2052507930439675,0.1561804120811155
286329.9724042021,57266.259172615646,-1.2052507930439675,0.16043110104690475
294442.93930072937,57265.19095402753,-1.176674561025472,0.16497112691657748
303890.49568120315,57592.23655193693,-1.149493774826854,0.1697366698542484
303890.49568120315,57592.23655193693,-1.149493774826854,0.1740256584981522
312651.85553366225,57678.82972237699,-1.1204719816458306,0.17861129310719123
318686.65882576676,57939.012042559894,-1.104383285331548,0.18314058166318342
328164.97875388776,58044.81699388381,-1.0734889622703747,0.18798929944010573
328164.97875388776,58044.81699388381,-1.0734889622703747,0.1923531454393358
337493.6578614627,58403.04403274334,-1.0482820801948565,0.19691077889053082
346934.9360867556,58639.56777117087,-1.0205262719025445,0.20170654420391412
353742.2963982001,58895.96216303683,-1.0024197281648308,0.20647539657940195
363159.9372683716,59106.31911801635,-0.9746112598227002,0.21146257542589425
363159.9372683716,59106.31911801635,-0.9746112598227002,0.21595103638773733
373006.20456312253,59403.81033026568,-0.9474027315300066,0.22067086446071343
383463.6988326577,59734.41742102582,-0.9191194171166788,0.22562579258672513
389749.9927850003,59872.53812466068,-0.9009405592976412,0.2305396993456116
400150.9962085663,60146.66878174271,-0.872063714165463,0.2356841365569139
400150.9962085663,60146.66878174271,-0.872063714165463,0.24031413004708596
410544.210060899,60328.8284864571,-0.8413868912256229,0.24524804476173678
410544.210060899,60328.8284864571,-0.8413868912256229,0.24968856800492253
427865.44012976944,60729.29691780234,-0.7929400208516576,0.25489621068313884
427865.44012976944,60729.29691780234,-0.7929400208516576,0.2595830890935335
438884.8048185253,60994.691709839266,-0.7627031197322656,0.26455720219087353
448976.91475858894,61029.10238042395,-0.7301878584033829,0.2698467855117016
448976.91475858894,61029.10238042395,-0.7301878584033829,0.2746074105004469
467506.5407760412,61179.42654339769,-0.6727807346400465,0.2803271510844011
467506.5407760412,61179.42654339769,-0.6727807346400465,0.28547491760995986
478304.55311970675,61326.392784768155,-0.6409803826903548,0.290902916281705
478304.55311970675,61326.392784768155,-0.6409803826903548,0.2957881150862756
489776.60255840514,61202.87404808829,-0.6000242888371339,0.3012086963567197
500510.38346959016,61218.90056138943,-0.5651040707426211,0.3069602249524822
507766.0077326666,61071.61448444041,-0.537181798172934,0.3128346575029106
519601.7630903308,61006.48363079367,-0.4962859649952504,0.3191440426277383
519601.7630903308,61006.48363079367,-0.4962859649952504,0.3248224892400833
530260.2946686568,60727.46570308876,-0.45301913636907754,0.33101476190684803
541522.8652344754,60458.10900888635,-0.40762721393472023,0.3377226053677952
549342.2158049485,60202.232460030995,-0.37377229606134366,0.3446060374294821
549342.2158049485,60202.232460030995,-0.37377229606134366,0.3508011262850003
559804.258313289,59846.762873311985,-0.32760970257863,0.35753077109203457
571248.9829176028,59403.929119884015,-0.2747193093465078,0.36490971124916843
571248.9829176028,59403.929119884015,-0.2747193093465078,0.3715507573905889
588969.8223862476,58511.22784885626,-0.18409696022951086,0.37979325764579225
588969.8223862476,58511.22784885626,-0.18409696022951086,0.38721150787547526
599866.798116433,57873.56373370272,-0.12378701943401675,0.39539568160207733
610531.8195444982,57275.07583572292,-0.06442085473083733,0.40424559207359867
616730.8187033182,56750.049501187284,-0.02252378451497256,0.4132579382533645
616730.8187033182,56750.049501187284,-0.02252378451497256,0.4213690498151537
627420.2009697388,56054.169472692294,0.04311026864766135,0.4303099015498299
636860.7234110379,55198.12081797401,0.11257596111500212,0.440093310422722
636860.7234110379,55198.12081797401,0.11257596111500212,0.44889837840832486
645961.4196980628,54453.8338220099,0.17805197891834887,0.4584598400404511
652310.6049292859,53814.163060735926,0.23025704006271783,0.46837028203797393
660950.3644845233,53013.0691490977,0.3000303382314899,0.4790340122899638
660950.3644845233,53013.0691490977,0.3000303382314899,0.4886313695167547
668682.7397144999,52038.80653105134,0.3770321995699884,0.49919403755432895
677073.4700062656,51178.90328667558,0.4535989896919617,0.5106146085411951
681488.1560368784,50501.2728187004,0.5070019516558671,0.5222281964784723
688153.4973793752,49633.91560357166,0.5816051994026454,0.5345455068156912
688153.4973793752,49633.91560357166,0.5816051994026454,0.5456310861191882
695135.161434,48664.71658336084,0.6661826815284793,0.5577225445454813
700116.7131486811,47763.68053963255,0.7415220206124981,0.5704883406062456
703857.4910194129,47142.57873536491,0.7964439375822134,0.5833506049851764
703857.4910194129,47142.57873536491,0.7964439375822134,0.5949266429262141
709311.2087469092,46291.75366902889,0.8755059067782899,0.60732162630305
713064.3223989017,45440.300782305865,0.9500285225638992,0.6203401767368425
713064.3223989017,45440.300782305865,0.9500285225638992,0.6320568721272558
719968.1124227258,44097.08453199355,1.0779368497821777,0.6457996061590847
719968.1124227258,44097.08453199355,1.0779368497821777,0.6581680667877308
722174.1869344428,43335.19735903285,1.1460589843565712,0.671002734717872
722174.1869344428,43335.19735903285,1.1460589843565712,0.6825539358549991
725566.8216629741,42670.23635104803,1.2144339005379017,0.6946593897829467
727588.1285675456,41979.03611708475,1.280575372051774,0.7072078351059464
728554.0263407659,41618.76352251377,1.3154965340287865,0.7193744649460715
730741.9949489764,41033.357572673056,1.3765858095312566,0.7318516636897459
730741.9949489764,41033.357572673056,1.3765858095312566,0.7430811425590528
732058.3454466842,40595.11980290425,1.4218739604518371,0.7543198773144435
732885.9976983917,40132.77268025655,1.4679075113562658,0.7655855773669058
734233.362160941,39932.85805289558,1.4931368441674424,0.7763554407344013
734233.362160941,39932.85805289558,1.4931368441674424,0.7860483177651473
734822.8547190824,39574.29133753716,1.5297202032249773,0.795686491069257
735516.3977776833,39354.34250435219,1.554190923456029,0.8049726150487321
737179.7418373245,39158.74209151808,1.5815709752553695,0.814014627925243
737179.7418373245,39158.74209151808,1.5815709752553695,0.822152439514103
737314.0542470106,39083.73219268974,1.589546466277983,0.8296758572196422
738327.8071221849,38999.72851550019,1.6029768408605878,0.8367826925191928
740171.6558838313,39002.56928667749,1.6122282216768065,0.8434101288091937
740171.6558838313,39002.56928667749,1.6122282216768065,0.8493748214701946
741051.9114105876,39092.29487874227,1.6079870909494494,0.8546370165969114
742389.2190558943,39169.266559618685,1.607360267521326,0.8593573216252535
745145.7457327914,39357.949198812385,1.6031624590954234,0.8635006509401137
746774.3924796416,39571.69278316001,1.5908452362322902,0.8669217167519097
746774.3924796416,39571.69278316001,1.5908452362322902,0.870000675982526
750469.0602032053,39912.28131527876,1.5770439530263285,0.8724267072099315
752802.9464488071,40104.18016652334,1.5706386516182493,0.8744500027793947
755929.4435371169,40544.581668851904,1.5450827673014516,0.8756320716839915
755929.4435371169,40544.581668851904,1.5450827673014516,0.8766959336981286
760945.8602701186,40965.590507669236,1.5311427348761273,0.8773049087002189
765743.2201670045,41516.50014368223,1.5047501103376995,0.8771931705886395
768872.1518741158,41859.18101788113,1.4893811226140863,0.8767083815951278
768872.1518741158,41859.18101788113,1.4893811226140863,0.8762720715009672
775610.1696538146,42492.88544864926,1.4661281254857628,0.8752980674880145
781830.1522084503,43091.08899558387,1.4441477866629941,0.873871955405788
781830.1522084503,43091.08899558387,1.4441477866629941,0.872588454531784
794193.7970231306,44219.75172426965,1.4071588468566036,0.8705085802500208
794193.7970231306,44219.75172426965,1.4071588468566036,0.8686366933964338
801658.477173415,44992.45122763604,1.3784272153299244,0.8662337044400386
809764.6555193379,45747.492987754005,1.3548679094234732,0.8634820317316216
819038.7326606765,46556.09106900352,1.3330520140728221,0.86046012891028
819038.7326606765,46556.09106900352,1.3330520140728221,0.8577404163710726
824532.7423580616,47116.762129609466,1.3143582467030348,0.8548253309015412
833405.9891211817,47980.373773967476,1.2881441673666711,0.8515464019955539
833405.9891211817,47980.373773967476,1.2881441673666711,0.8485953659801653
843373.1221566228,48856.095523598946,1.2665086637631096,0.8453985459762265
851857.0689929437,49728.12693629856,1.2398797224665563,0.8418556844402678
858262.3709448708,50329.23956019275,1.224292283632071,0.8382774230870428
858262.3709448708,50329.23956019275,1.224292283632071,0.8350569878691403
867952.6410374433,51235.668485747796,1.2016035906418632,0.8315913788482728
876190.7393986749,52185.69299344044,1.1712602541166945,0.8277137473163629
885339.8560133784,53078.536969270484,1.1490760421044912,0.8236692736373389
891145.941108832,53747.24954784531,1.1290193993033626,0.8195278312561891
891145.941108832,53747.24954784531,1.1290193993033626,0.8158005331131543
898409.0980470369,54649.304527407985,1.1006433387552554,0.8117365632707202
906383.3925534497,55611.64716387104,1.072203828920462,0.8073680026666598
906383.3925534497,55611.64716387104,1.072203828920462,0.8034362981230053
913428.7814457184,56486.56076015597,1.0464594878212246,0.7992541555062355
917196.5864016743,57113.68528695925,1.0239662871762012,0.794927897135017
923767.2944254212,57968.73093432993,0.9990671052018445,0.7904117850515614
928997.8247063633,58890.08580125853,0.9667149191459078,0.785538479525053
928997.8247063633,58890.08580125853,0.9667149191459078,0.7811525045511953
933313.1118688574,59715.06228728662,0.937351531208595,0.7764710423762907
936501.7178817912,60329.040438061165,0.9159426297260178,0.7717225038818121
940048.9003812749,61107.4777527147,0.887783135962812,0.7667448318927012
940048.9003812749,61107.4777527147,0.887783135962812,0.7622649271025014
942626.7423637656,61933.1475952544,0.8548332531513614,0.7574092657210353
945519.6304290121,62681.449863552625,0.8275106440915924,0.7523561052512215
946496.9432528471,63178.603904287396,0.8067020807360578,0.7472880467445008
947672.0584922455,63850.583307577814,0.7786306293941007,0.7420250078049032
947672.0584922455,63850.583307577814,0.7786306293941007,0.7372882727592655
949108.4698442636,64524.28187243418,0.7518811893380445,0.73235647521679
949226.1390829254,64932.45732209943,0.7336081065934036,0.7274610303599461
949353.5435107736,65555.78466559855,0.7059814625980118,0.7223644638889019
949658.3393045447,66091.28272957045,0.6832594432691975,0.7172095035817416
949658.3393045447,66091.28272957045,0.6832594432691975,0.7125700393052974
949211.8265747582,66564.71388925867,0.6613073604430296,0.7078457193858434
948917.9116495886,66863.73784538322,0.6475665271916917,0.7032503106270513
948917.9116495886,66863.73784538322,0.6475665271916917,0.6991144427441385
948987.5091006387,67266.72055981573,0.6306373134290831,0.6949689313054517
948285.151681586,67637.92387071697,0.6129374426375136,0.6907954742408443
948285.151681586,67637.92387071697,0.6129374426375136,0.6870393628826977
948325.0069086212,68085.89190488691,0.5944616115759028,0.6831969668838256
948380.6586333531,68253.06267360276,0.5877494525502795,0.6795710065092
948380.6586333531,68253.06267360276,0.5877494525502795,0.676307642172037
948896.7832518974,68457.19255688263,0.5809174160145416,0.6731998133551969
949808.9840169108,68472.88333422491,0.5829625133563412,0.6704538948535858
950459.8711997408,68567.77560825762,0.5810064241574063,0.6679336659721624
950459.8711997408,68567.77560825762,0.5810064241574063,0.6656654599788814
952104.6965683985,68494.87113617966,0.5888209361694655,0.6638194373852299
954195.0001884354,68512.05818811995,0.5942680031268897,0.6622941937248791
954195.0001884354,68512.05818811995,0.5942680031268897,0.6609214744305634
956538.72263224,68328.37315697942,0.6087290725836318,0.6600475538020978
958576.1775705678,68298.66652019449,0.6159696392665038,0.6594420394035506
961888.7987545629,68034.41306109916,0.6367727088392784,0.6594171531841775
961888.7987545629,68034.41306109916,0.6367727088392784,0.6593947555867417
965775.6361907682,67874.03981673582,0.6550495316951194,0.6598315183204455
969845.8166840739,67554.21509477586,0.6807731875162752,0.6608676961763079
973110.4738000621,67412.6546773869,0.6966117884604989,0.6621962212701895
977856.8386757771,67014.43663591174,0.7281786624353401,0.6641810657040541
977856.8386757771,67014.43663591174,0.7281786624353401,0.6659674256945323
983071.7852023244,66693.16427971155,0.7581088743293809,0.6683234049833136
988592.4361588495,66296.20460083106,0.7926849265901771,0.6713081876497367
992331.8603414015,66038.24890513593,0.8158400532539606,0.6745733702161121
992331.8603414015,66038.24890513593,0.8158400532539606,0.67751203452585
997695.2617938895,65587.93446248848,0.8531196171552062,0.6810888215021451
1003600.2503603303,65159.34662394335,0.8915550429898889,0.6852688154266778
1008919.4296919412,64760.61209213882,0.9272269273605591,0.6899226070680241
1012414.6928460523,64458.14620868977,0.9528930499322996,0.6947526726095292
1012414.6928460523,64458.14620868977,0.9528930499322996,0.6990997315968839
1017758.9495288704,64036.10092908305,0.9905819052786959,0.7039543060691629
1022083.7578956825,63563.086071406346,1.0281375418199328,0.709262314007745
1022083.7578956825,63563.086071406346,1.0281375418199328,0.7140395211524688
1026380.9487917745,63219.93865039683,1.059431745411303,0.7191213626725046
1028854.8614042165,62879.261553290016,1.0850928311290664,0.7243365471834808
1031566.2973787877,62556.30661212317,1.1108571259115456,0.7296743206129215
1033590.0443159462,62122.91276351062,1.1406129079174252,0.735222211249565
1033590.0443159462,62122.91276351062,1.1406129079174252,0.7402153128225442
1034985.839592857,61872.41251802372,1.1587382820776904,0.7451622385922321
1034644.2602923075,61605.70449267643,1.1722182857076446,0.7499514718757
1034644.2602923075,61605.70449267643,1.1722182857076446,0.7542617818308212
1034156.4610481501,61405.26938518148,1.1816671683300737,0.7583772828559909
1032138.6514793516,61086.392164321296,1.1927298936251725,0.7623578019110211
1029851.4559269854,61003.448558455,1.189803137496527,0.7658671001573322
1025633.8847242593,60741.50758177428,1.1904817045165401,0.7690424327545125
1025633.8847242593,60741.50758177428,1.1904817045165401,0.7719002320919748
1020198.8791181473,60661.669317626605,1.1769013283642573,0.7741327420918838
1012595.3443402273,60509.04328396624,1.1601227428159038,0.7757225364530931
1004434.6902880347,60438.96338076482,1.1368171871937716,0.7765707124876281
997802.9762842959,60398.783739548824,1.1169133263340116,0.7768364743972156
997802.9762842959,60398.783739548824,1.1169133263340116,0.7770756601158444
986336.228566788,60401.870641490554,1.07847652923875,0.7763300073352287
986336.228566788,60401.870641490554,1.07847652923875,0.7756589198326747
960063.9107861536,60399.66270099736,0.9909181692977687,0.7728659820818514
960063.9107861536,60399.66270099736,0.9909181692977687,0.7703523381061105
949982.0998168553,60449.84845541555,0.9546400479783193,0.7671831054949574
934401.1668060113,60509.71029597116,0.8996024918865251,0.7629548572426248
916944.2502392306,60656.80882434597,0.8340418384959957,0.7575104174807622
916944.2502392306,60656.80882434597,0.8340418384959957,0.7526104216950859
898532.6293782011,60722.56848316805,0.7696235124784141,0.7465899673375376
886314.5056217705,60882.77287427462,0.7213228588520683,0.7399640420750855
886314.5056217705,60882.77287427462,0.7213228588520683,0.7340007093388786
865885.0739473304,60993.15056152285,0.6484967077880134,0.726813056099691
845449.8213471292,61234.666109179074,0.5699415998001064,0.7183802904847246
831511.3880997362,61296.764657840766,0.521286164635792,0.709574415552147
809541.4135997224,61544.126305593236,0.4383389323235609,0.6995754473050213
787402.2857186303,61678.6886391641,0.36020153196992816,0.6886229408737674
787402.2857186303,61678.6886391641,0.36020153196992816,0.6787656850856388
765372.9929962377,61931.51451011519,0.27799642459648183,0.6678390271919871
749910.8051304305,62012.27654692265,0.22449201445545997,0.656667424834175
749910.8051304305,62012.27654692265,0.22449201445545997,0.646612982712144
727621.3218976645,62269.24221229302,0.14227944832380118,0.6355086706490246
705531.1490729677,62426.08649697523,0.06503307874727265,0.623583630552804
682991.4923642558,62640.64409653472,-0.015300629242610735,0.6108427517664583
682991.4923642558,62640.64409653472,-0.015300629242610735,0.5993759608587472
668850.6881739005,62741.479495908236,-0.06426355553068334,0.5878317758846054
647919.9991348061,62955.25743089227,-0.13857689577826493,0.5755841759016883
627136.3906221563,63114.86836153963,-0.21020044012505257,0.5627707473083933
627136.3906221563,63114.86836153963,-0.21020044012505257,0.5512386615744277
607897.3211228418,63267.18014895962,-0.27631881913367656,0.539206824938643
595456.7123063079,63376.11626614326,-0.31921611778375253,0.5273057395001849
577095.9997566881,63529.467039532945,-0.38204420036778636,0.5150240605409717
560846.4154468415,63693.53628113721,-0.4381861884109015,0.502566999776602
560846.4154468415,63693.53628113721,-0.4381861884109015,0.4913556450886693
544950.2558579023,63792.455340795255,-0.49116727671460086,0.47994089866193734
535275.4870491772,63907.522019143384,-0.5247830386077741,0.4688272328305492
522079.23886211636,64000.265503602364,-0.5687918370849137,0.4577247136203715
522079.23886211636,64000.265503602364,-0.5687918370849137,0.44773244633121145
509947.497524244,64148.200480132,-0.6107052600793629,0.4376915701961062
499265.7679289192,64206.68835711128,-0.6456994082614981,0.4277799279699582
493175.48219341657,64307.34330318707,-0.667242798028313,0.41832086522225453
493175.48219341657,64307.34330318707,-0.667242798028313,0.40980770874932126
484657.74309826107,64350.14271851759,-0.6949521312545387,0.4014531345930257
477827.3794043989,64455.07758172541,-0.7187845000740893,0.39333820863187086
472439.48760580446,64481.81765559143,-0.7362468841750216,0.38559821566430824
469423.51252206234,64535.51954570635,-0.746895999434552,0.3783659941120136
469423.51252206234,64535.51954570635,-0.746895999434552,0.37185699471494843
466215.391820488,64542.03281275592,-0.7570632814345052,0.36574471320759094
464192.5449650605,64589.72153890905,-0.7644512380783708,0.3600589609348726
464192.5449650605,64589.72153890905,-0.7644512380783708,0.3549417838894261
463547.10870082246,64592.9061853607,-0.7665368435236943,0.3502841844123912
463611.30021603475,64618.59869786891,-0.766911763229259,0.3460829718904206
464911.7106507387,64598.50153811607,-0.7624040627133755,0.3424145731335441
464911.7106507387,64598.50153811607,-0.7624040627133755,0.3391130142523553
467118.2845401731,64600.89644571001,-0.7555727463136444,0.33631239416927866
469272.0155254654,64567.47945731154,-0.7480947064660983,0.33397878709069834
473096.6592546001,64566.37214538596,-0.7361292948256164,0.3321776760109881
473096.6592546001,64566.37214538596,-0.7361292948256164,0.3305566760392489
478155.96299055254,64528.65534518924,-0.7194619602192359,0.3295144594298431
483600.331457469,64516.62379696649,-0.702173346863562,0.3290086798152697
487970.1371044314,64497.25614110247,-0.6880627685201524,0.3289062426207389
494915.56613509933,64495.844057574475,-0.6663224941328838,0.32935755600534294
502390.0201981851,64468.03103746169,-0.6422848249815486,0.33036467978026995
502390.0201981851,64468.03103746169,-0.6422848249815486,0.33127109117770426
510787.2760943626,64467.928349513815,-0.6160266091999103,0.33274331682993613
516662.3645461454,64448.66461609531,-0.597174102150072,0.33453963259319075
525522.2618112394,64473.275910588025,-0.570090992078865,0.3368333945319001
525522.2618112394,64473.275910588025,-0.570090992078865,0.33889778027673845
535352.8873143607,64494.13397761636,-0.5398974166874008,0.3415105668318796
545516.5428797393,64534.31787529777,-0.5091932554902032,0.3446296787614365
545516.5428797393,64534.31787529777,-0.5091932554902032,0.34743687949803775
552178.7342481269,64588.43148606594,-0.48982901050104294,0.35044746628570794
563349.1876730308,64682.400237032656,-0.45752167216748985,0.35396467785294994
574273.5046063375,64815.72689151391,-0.4271591341782967,0.35788923171319753
574273.5046063375,64815.72689151391,-0.4271591341782967,0.36142133018742034
593705.6513262531,65087.63867926522,-0.37444011895451684,0.3659181941948154
593705.6513262531,65087.63867926522,-0.37444011895451684,0.369965371801471
605692.7696187217,65296.616043029695,-0.3433201666661718,0.37438583045466955
617631.0326113042,65592.41613709304,-0.3150648202804131,0.3790706269021923
617631.0326113042,65592.41613709304,-0.3150648202804131,0.38328694370496275
630609.5323394014,65887.71609157526,-0.28386613126046806,0.3878615960529548
638686.975696868,66169.1607264219,-0.26746556041550873,0.3923887974372716
651478.7524346232,66571.39572816185,-0.24048912392697527,0.3971376895953701
651478.7524346232,66571.39572816185,-0.24048912392697527,0.40141169253765874
664935.0523062932,67095.80735328751,-0.2154808589052847,0.40588350181126076
677495.3541416969,67630.79888334956,-0.19384733761183912,0.4104489681898387
686541.6067652797,68072.92130844515,-0.18017506587836432,0.41489969472389576
686541.6067652797,68072.92130844515,-0.18017506587836432,0.4189053486045471
700320.0729245413,68721.98318035401,-0.15896126176472003,0.42304078219997443
713385.8165641538,69504.48804675267,-0.144195172084662,0.4271318246778605
713385.8165641538,69504.48804675267,-0.144195172084662,0.4308137629079579
736659.0059963432,70935.40608847339,-0.11979577782052524,0.43473749217164903
736659.0059963432,70935.40608847339,-0.11979577782052524,0.438268848508971
749537.7123695988,71871.53760015986,-0.1109414713460593,0.4416684268744224
763882.2298507261,72917.66519229786,-0.10144692149483739,0.44496541114960925
763882.2298507261,72917.66519229786,-0.10144692149483739,0.4479326969972774
777263.0124320262,74027.33208460084,-0.09666554417373228,0.45072278869320637
786015.850255603,74804.25192685954,-0.09506106021438855,0.45327398331852603
799921.153889615,75997.857427008,-0.09144504474338853,0.4556604588680887
799921.153889615,75997.857427008,-0.09144504474338853,0.45780828686269515
813165.5853775609,77236.96554585786,-0.09091759138043863,0.4597545183919147
825951.9558040915,78571.15469826646,-0.0941506712307025,0.46142529977195573
825951.9558040915,78571.15469826646,-0.0941506712307025,0.4629290030139926
847635.1510714914,80812.17238666063,-0.09882684651056531,0.4641654315498292
847635.1510714914,80812.17238666063,-0.09882684651056531,0.4652782172320822
859793.3274628542,82159.33651253437,-0.10366541289946166,0.46615876018638747
859793.3274628542,82159.33651253437,-0.10366541289946166,0.4669512488452622
880059.9609558701,84526.01270162564,-0.11439793712519232,0.46739617553260615
880059.9609558701,84526.01270162564,-0.11439793712519232,0.4677966095512157
891484.8768634314,85984.47939274118,-0.1232129343551575,0.46793662523721524
903078.022450011,87319.86339275424,-0.12841171154566133,0.46793266992485216
903078.022450011,87319.86339275424,-0.12841171154566133,0.4679291101437254
913016.460360308,88745.5150305638,-0.13932761278815994,0.4676530088096489
919832.8412131048,89572.82091382027,-0.14314191392953457,0.46730916008044565
930381.7144009104,90947.14511188181,-0.15104149710442918,0.46680220664479033
930381.7144009104,90947.14511188181,-0.15104149710442918,0.46634594855270056
938549.8489345715,92164.50659321055,-0.16041398688443065,0.4657010040253198
947917.2850849258,93405.80076138717,-0.16747759557713762,0.4649439637333594
953389.6296722477,94154.80472177101,-0.17203511630790663,0.4641486894523258
953389.6296722477,94154.80472177101,-0.17203511630790663,0.4634329425993956
960291.5404439373,95292.07530525669,-0.18179477465583183,0.46254477897306023
967870.3208893598,96277.72494816313,-0.18672313629738935,0.4616222226683195
974005.8707259151,97194.10774296637,-0.19310405294332883,0.4606323990779043
977339.1879420857,97730.24539281677,-0.1973104863197518,0.4596363970121201
977339.1879420857,97730.24539281677,-0.1973104863197518,0.45873999515291436
983291.3530852331,98501.64758153721,-0.20091651119909446,0.4578430828576456
987734.0071040223,99160.75870857245,-0.20526038620603662,0.4569272649167301
991131.0785480697,99659.77657522015,-0.2084431791921725,0.45602345894525276
991131.0785480697,99659.77657522015,-0.2084431791921725,0.45521003357092316
994200.6503276502,99995.68099948882,-0.2089895574465406,0.45446429127766735
996693.4774578182,100320.13363852657,-0.2104624101741491,0.4537563018955469
998946.3574772667,100585.35628361056,-0.21122821703692043,0.45309996628006916
1000736.9748056367,100624.42885846445,-0.20841856378228382,0.45257950555750515
1000736.9748056367,100624.42885846445,-0.20841856378228382,0.4521110909071976
1002041.2418998117,100680.48717598614,-0.2069234946321995,0.4517268944506729
1002745.3856464698,100555.3538801137,-0.20301543938790695,0.4514788190209079
1002745.3856464698,100555.3538801137,-0.20301543938790695,0.45125555113411947
1004265.659082484,100410.88678994671,-0.1970714976759654,0.4512032085788084
1003804.0293410941,100189.13638501352,-0.1935381320386499,0.45124443441996137
1003991.4518437475,99860.8738340406,-0.1865210931982148,0.4514569636480099
1004323.7586571027,99343.99458824094,-0.17530266541949122,0.45192870064772167
1004323.7586571027,99343.99458824094,-0.17530266541949122,0.4523532639474622
1003232.1723365918,98800.9518370946,-0.166329258686524,0.4529597060855529
1003103.8428432822,98322.79714757216,-0.15663864467081198,0.4537477693602273
1003151.3937338277,97623.24174815229,-0.1418040852401139,0.45482789029320175
1003151.3937338277,97623.24174815229,-0.1418040852401139,0.4557999991328787
1001825.8729421791,96786.9266827058,-0.12666698754115407,0.457053324531062
1001777.9822025866,95885.98590479858,-0.10716356841062538,0.4586689028676902
1001584.8769833854,95257.54867313693,-0.09367877838577268,0.46046004312127686
1001584.8769833854,95257.54867313693,-0.09367877838577268,0.46207206934950484
1000459.8292735324,94252.82255732728,-0.0734919473116096,0.4640275637317641
1000860.3727850259,93207.58254191467,-0.04863186052412112,0.4664090108454847
1000392.2576022522,92066.73813368092,-0.022835689350411626,0.46919721752717597
1000267.606383182,91325.14116981153,-0.00532494025704839,0.4721443722680322
1000267.606383182,91325.14116981153,-0.00532494025704839,0.4747968115348028
1000943.4763491894,90123.40250193673,0.025626091977806957,0.4779577826807677
1001531.9902117173,88961.78529457185,0.05619177402675249,0.4815667987633598
1002237.6356903734,87720.77374939098,0.0899176862190531,0.48565806104250014
1002237.6356903734,87720.77374939098,0.0899176862190531,0.4893401970937265
1003630.9700564821,86952.74861347445,0.11348953746212088,0.49324341582090686
1005134.582299343,85713.35038012387,0.15066769580644546,0.4976857666339773
1007496.865491226,84555.02824708671,0.18868059189088954,0.5026342047678518
1007496.865491226,84555.02824708671,0.18868059189088954,0.5070877990883389
1010752.487240538,83371.71877081532,0.2306408515308341,0.5121450404677759
1013053.7019061674,82623.86047147519,0.25837420547177636,0.5173898915577927
1017047.0653735849,81467.682726956,0.3033297077636667,0.5232341450961051
1017047.0653735849,81467.682726956,0.3033297077636667,0.5284939732805863
1022333.9451002853,80372.54134953955,0.3508775346591334,0.534416514319006
1028000.4825321821,79343.89247910779,0.398513891001036,0.5409377101621313
1032375.8859116969,78641.3597796447,0.43305941640611434,0.5476704245560711
1039897.6429288195,77684.97120575409,0.4851536342786408,0.55503222295743
1039897.6429288195,77684.97120575409,0.4851536342786408,0.5616578415186531
1047991.0613501733,76725.81338635346,0.5401476839544758,0.5689957494656497
1054071.328729766,76190.9535582903,0.5755615512124884,0.576485213299397
1054071.328729766,76190.9535582903,0.5755615512124884,0.5832257307497695
1063989.9964461552,75333.07785243992,0.6338580624039274,0.5907496092348907
1074879.0472478762,74611.13294179877,0.6908238067166815,0.5989452434793187
1086483.9236314448,73819.9641993048,0.7536349504073455,0.6078915928915705
1086483.9236314448,73819.9641993048,0.7536349504073455,0.6159433073625971
1095002.737136147,73421.43498646296,0.7931259658019036,0.6241771257713851
1108384.2399406177,72736.03088076042,0.858538109646456,0.633222865935408
1122584.49823624,72255.12017602524,0.9185969769571057,0.6428655037657949
1122584.49823624,72255.12017602524,0.9185969769571057,0.651543877813143
1137830.6899227302,71679.09806312298,0.986638223316971,0.661055445614753
1148597.1450749948,71474.49973994136,1.0261611015861822,0.6706039285929323
1164768.538669436,70985.39391731792,1.0944011142608865,0.6809035635901612
1182375.7164066383,70709.48427316113,1.1574999585094063,0.6917507061938803
1182375.7164066383,70709.48427316113,1.1574999585094063,0.7015131345372275
1200314.059554873,70368.8448768759,1.2252007780822936,0.7119918405355622
1212414.9151476938,70237.33843367192,1.266366245659745,0.7224518126234997
1231598.760234527,69958.18118240524,1.3355253547801398,0.7335947652306533
1231598.760234527,69958.18118240524,1.3355253547801398,0.7436234225770915
1250975.5445655314,69823.55809928999,1.3983056617955039,0.75421872186427
1270406.639529692,69705.41591905497,1.460616806663189,0.7653122698444228
1284040.4336778116,69659.47723096584,1.5024913219222484,0.7763433259080368
1284040.4336778116,69659.47723096584,1.5024913219222484,0.7862712763652894
1303977.681955391,69568.10960407404,1.5651389327301717,0.7967726220470148
1323724.1430912921,69496.59878215443,1.6263004669455763,0.8077528715159528
1344221.51651898,69537.99959035036,1.6834309793175415,0.8190633588472961
1357189.8415045706,69468.66654180907,1.7249491173955376,0.8302807508974549
1376465.3726390323,69509.67774950551,1.7785229884694906,0.8417157505194467
1376465.3726390323,69509.67774950551,1.7785229884694906,0.8520072501792394
1396119.899572314,69448.27575656273,1.8390989462416092,0.8627839988173557
1396119.899572314,69448.27575656273,1.8390989462416092,0.8724830725916604
1426371.0936400706,69512.94367834178,1.9230508694513633,0.8833110370687784
1426371.0936400706,69512.94367834178,1.9230508694513633,0.8930562050981847
1444569.9569102724,69638.56029213456,1.9682673530512034,0.9029572684146463
1460813.3184132036,69579.8271999321,2.018853731524557,0.9126615415731817
1471535.0905520117,69704.6815799462,2.042278701772816,0.9213953874158635
1471535.0905520117,69704.6815799462,2.042278701772816,0.9292558486742771
1487357.3381888368,69651.46853806941,2.0913195011662613,0.9363302638068494
1501139.832889622,69794.6104542796,2.122296405666349,0.9426972374261644
1514503.3601791733,69728.56155787657,2.165034432801007,0.9484275136835479
1523051.3508505423,69840.34915056606,2.1826977693873624,0.9535847623151932
1523051.3508505423,69840.34915056606,2.1826977693873624,0.9582262860836739
1533624.874404614,69758.1504929255,2.218430586206446,0.9624036574753065
1533624.874404614,69758.1504929255,2.218430586206446,0.9661632917277759
1552742.6106417198,69822.9240946276,2.269510562320098,0.9695469625549983
1552742.6106417198,69822.9240946276,2.269510562320098,0.9725922662994985
1557269.5837603516,69919.526829659,2.2763681301505807,0.9753330396695487
1564006.5604700514,69819.6958203363,2.302237255275177,0.9777997357025938
1569083.3526700323,69870.09853381269,2.313626297256106,0.9800197621323344
1569083.3526700323,69870.09853381269,2.313626297256106,0.9820177859191009
1572138.8833179078,69822.26628403469,2.325548470330548,0.9838160073271909
1574137.4139185254,69821.11688259323,2.3313928984596877,0.9854344065944718
1575326.3626143981,69718.48136607028,2.3415205678881077,0.9868909659350246
1575326.3626143981,69718.48136607028,2.3415205678881077,0.9882018693415221
1574557.455146766,69676.07100639702,2.3420684339349562,0.9893816824073699
1573464.8419294453,69661.6249142268,2.3398514925973273,0.9904435141666329
1571294.6855631354,69612.71370470453,2.336766538166239,0.9913991627499696
1566863.7547033944,69550.52712261248,2.327992909932002,0.9922592464749727
1566863.7547033944,69550.52712261248,2.327992909932002,0.9930333218274754
1562003.2986105918,69416.62484955236,2.3226387419050374,0.9937299896447278
1562003.2986105918,69416.62484955236,2.3226387419050374,0.9943569906802551
1549494.7812325212,69267.28494891796,2.296017243716332,0.9949212916122295
1549494.7812325212,69267.28494891796,2.296017243716332,0.9954291624510065
1541227.1660925266,69229.73740787813,2.2743905108835225,0.9958862462059059
1530797.1223119898,69006.59378324033,2.258434813901633,0.9962976215853153
1530797.1223119898,69006.59378324033,2.258434813901633,0.9966678594267838
1519874.3970489968,69007.6914297323,2.2264583277049708,0.9970010734841054
1512282.3938860022,68818.86705279023,2.2164024063812717,0.9973009661356949
1499073.8198134385,68793.99269707326,2.179301823671824,0.9975708695221254
1499073.8198134385,68793.99269707326,2.179301823671824,0.9978137825699128
1485699.6622312125,68520.65430596874,2.157480057633378,0.9980324043129215
1471484.2984497321,68483.54026255835,2.11800766990139,0.9982291638816293
1461065.1685158,68247.94726698782,2.1021855886390797,0.9984062474934664
1445721.3060621622,68203.44339145027,2.059653344825705,0.9985656227441198
1445721.3060621622,68203.44339145027,2.059653344825705,0.9987090604697078
1429604.3538143947,67918.53710013525,2.0297441332205004,0.9988381544227369
1412500.061289528,67817.24259329565,1.985242638852424,0.998585404951774
1401338.201263363,67619.36881823865,1.9642549379114733,0.9978332379043834
1383901.2981306892,67544.48521946615,1.9168495102368819,0.9959711518698672
1383901.2981306892,67544.48521946615,1.9168495102368819,0.9942952744388026
1365671.1083680387,67300.6201444618,1.8772132711600624,0.991796078773924
1353892.8945706515,67256.69300331039,1.8445848188014256,0.9887310913665672
1335437.4675540917,66975.89172153002,1.8060531613820625,0.9850093112644621
1335437.4675540917,66975.89172153002,1.8060531613820625,0.9816597091725675
1316605.0089512204,66843.02363252602,1.757251091570919,0.9774250155445837
1316605.0089512204,66843.02363252602,1.757251091570919,0.9736137912793983
1285280.2468378458,66549.13997525413,1.6799041694263446,0.968250016387117
1265871.0273642933,66326.95772861768,1.6339590953753722,0.9622739921327897
1265871.0273642933,66326.95772861768,1.6339590953753722,0.9568955703038952
1246866.327389384,66125.37085603861,1.5877544832160448,0.9508998753539067
1227184.607801427,65990.61286359471,1.5353972366309803,0.9441948187342906
1214085.5926628343,65815.3007041057,1.5052638762770758,0.9374069337677884
1214085.5926628343,65815.3007041057,1.5052638762770758,0.9312978372979365
1194601.9774744506,65620.99297880122,1.4564251939615231,0.924578683417181
1194601.9774744506,65620.99297880122,1.4564251939615231,0.918531444924501
1174517.8503435794,65316.12155538443,1.411571612166428,0.9119675907362117
1154577.1660549454,65166.22504679126,1.358228693756415,0.904726549006501
1141191.9188646306,64896.102860356004,1.3315183996621272,0.8975418540974041
1120682.6729013654,64686.19843060596,1.2791106687537865,0.8897654354065084
1120682.6729013654,64686.19843060596,1.2791106687537865,0.8827666585847023
1100032.3704699464,64271.01285912461,1.2369049499146567,0.8754126164740985
1079334.6628214405,64037.5570611371,1.1843318516697263,0.8674796511184318
1065020.5389617751,63696.36638175741,1.1572321566124462,0.8596624899218999
1043815.9047454346,63398.61621331161,1.105642051516057,0.8513372922176113
1043815.9047454346,63398.61621331161,1.105642051516057,0.8438446142837517
1022060.3838805378,62867.070768229154,1.0639471245602405,0.8360588309693825
999969.5034502363,62487.057272151564,1.0126152463720806,0.8277683290317462
985054.3623776131,62070.58974840814,0.9858221012254179,0.8196370486592071
985054.3623776131,62070.58974840814,0.9858221012254179,0.8123188963239218
962486.4365333972,61643.026504056565,0.9342133870509189,0.8044423413678027
939309.3703050363,61017.232430056356,0.8899263371168663,0.7962462656589441
915873.1255897863,60476.969472610224,0.8395329929834028,0.7876099639176347
899990.1346228338,60020.97220994296,0.809384016976094,0.7790835679502736
899990.1346228338,60020.97220994296,0.809384016976094,0.7714098115796485
875795.4661385538,59453.50082754641,0.7562031191682282,0.7631739084008894
851288.0820330525,58763.71235855,0.7069923641560992,0.7545313266647029
851288.0820330525,58763.71235855,0.7069923641560992,0.7467530031021351
809437.5033371117,57608.74845600563,0.6191012749849049,0.7375552346665442
809437.5033371117,57608.74845600563,0.6191012749849049,0.7292772430745124
783755.7381228139,56926.51197710255,0.5621069337927957,0.7204021921118811
757991.6053833596,56236.52672747694,0.5038090382448104,0.7109571988568132
740484.027460205,55759.1964647724,0.4637766946682349,0.7014558963378378
740484.027460205,55759.1964647724,0.4637766946682349,0.6929047240707599
714197.8397947937,55049.80697764479,0.4020215943729131,0.6836647915230067
687724.635018925,54333.988605876686,0.3382622438478396,0.6737548684669021
687724.635018925,54333.988605876686,0.3382622438478396,0.6648359377164079
661191.4707468551,53734.97679877363,0.26717181294054043,0.6550316392682807
643383.3422333043,53260.74973517568,0.2218588046956156,0.6450749454588429
643383.3422333043,53260.74973517568,0.2218588046956156,0.636113921030349
617068.0592013126,52696.309511174455,0.14727992881625554,0.6261845271477205
590563.6883837366,52065.00042275044,0.0732877021128397,0.6153982669857695
564543.1950102323,51634.627739860916,-0.009234455383925788,0.6036275789025944
547335.2240439664,51255.706995060056,-0.06061511564361967,0.5917494431212444
521779.1485629151,50921.55781606476,-0.14765360723308227,0.578883158628293
521779.1485629151,50921.55781606476,-0.14765360723308227,0.5673035025846367
496874.89042371616,50516.08357198916,-0.23044927326389752,0.5548119204945756
472375.55096849153,50339.74724081918,-0.3216051911052016,0.5412905986674881
456414.7465256343,50156.81896404337,-0.3788504864129241,0.5276902766404161
456414.7465256343,50156.81896404337,-0.3788504864129241,0.5154499868160514
433193.9456799107,50140.74997331332,-0.47161312144653583,0.5021146600982829
410588.39465217316,50091.89195527009,-0.5608802570526891,0.48788118766213734
388816.6424568763,50235.82279646863,-0.6529735305489895,0.4727687306321989
374915.615379969,50333.143673185215,-0.7116603271772565,0.45770034938954757
374915.615379969,50333.143673185215,-0.7116603271772565,0.44413880627116137
354519.4999603077,50667.085949119966,-0.8026993400833075,0.42965744214196255
335201.93463833246,51044.05273650658,-0.8894000635248199,0.4144566963396458
335201.93463833246,51044.05273650658,-0.8894000635248199,0.4007760251175608
316923.1528890944,51529.11113788501,-0.9733635700926522,0.3863643333534884
305074.04364861513,51924.52129249237,-1.028802793258092,0.37200783018668726
288403.69975513,52602.73509157695,-1.1079523840815348,0.3571082375659802
272768.4109348675,53405.70165339584,-1.183581715051383,0.3418078709330976
272768.4109348675,53405.70165339584,-1.183581715051383,0.3280375409635033
257890.90183682417,54213.30624099747,-1.2542348024860595,0.3138779168050015
248773.5374935738,54887.91830670266,-1.2995028928079961,0.30000255280430144
235873.92602110023,55843.895406146665,-1.3617045680721245,0.28595968332206817
235873.92602110023,55843.895406146665,-1.3617045680721245,0.27332110078805827
223655.9595999652,56972.46051534807,-1.4217978408711491,0.26044404468747373
212884.24205343414,58029.39205739661,-1.4736273510969744,0.247558956441302
206019.3540045343,58870.41081926445,-1.5076968345268709,0.23511063993400003
206019.3540045343,58870.41081926445,-1.5076968345268709,0.22390715507742825
196366.63357793426,60014.051209178164,-1.5535603000654068,0.21267743206805026
188100.07832626102,61326.45751404309,-1.594845871460482,0.20153854207473318
188100.07832626102,61326.45751404309,-1.594845871460482,0.1915135410807478
175429.04364025316,63457.387319515285,-1.6558568056353304,0.18096576683178978
175429.04364025316,63457.387319515285,-1.6558568056353304,0.17147277000772757
169251.44754672569,64678.426540623834,-1.685629536701946,0.16218475458940615
163465.4088195221,66002.52222449378,-1.713881981184934,0.15311922960084218
163465.4088195221,66002.52222449378,-1.713881981184934,0.1449602571111346
159931.0163239259,66790.66908488254,-1.7304396284380077,0.13720324068907094
155728.34778441564,68091.57717837492,-1.7521022903701642,0.12968035936090974
151453.20301279868,69260.24575106136,-1.7723232690108437,0.12240424169954768
148142.02715463514,70417.27796320936,-1.7890441667155177,0.11543771336170497
148142.02715463514,70417.27796320936,-1.7890441667155177,0.10916783785764654
146220.4528730302,71141.06421457061,-1.7988031669680833,0.10328097489767982
143442.14702494763,72208.59173870586,-1.812683901570531,0.09763577986864856
143442.14702494763,72208.59173870586,-1.812683901570531,0.09255510434252044
141108.59034408772,73178.31967865936,-1.8244179800554727,0.08768914440688158
139392.5558107058,74015.05142190469,-1.833485488342888,0.08308309275762123
137983.37808037354,74572.62854804003,-1.8401329469875278,0.07877145980717092
136588.95041052444,75266.15866471903,-1.847304106091329,0.0747117111741706
135482.35620249304,75921.98108956004,-1.8534019379954696,0.0709054916068668
135482.35620249304,75921.98108956004,-1.8534019379954696,0.06747989399629338
133963.37478452767,76348.50381664604,-1.8594217815931149,0.06424636005683616
133454.4492083852,76674.38547375257,-1.8622629434484752,0.06126515046494067
133454.4492083852,76674.38547375257,-1.8622629434484752,0.05858206183223472
132591.74765994598,76920.46529122502,-1.86564607243816,0.05608270383805725
131422.64964380887,77177.15900302625,-1.8698551957749763,0.05372805355987712
130612.19931451032,77164.48657170823,-1.8719159138517703,0.05155735035759515
130612.19931451032,77164.48657170823,-1.8719159138517703,0.049603717475541376
130108.02582792228,77219.27073459726,-1.8734740619582284,0.04780649417903153
128662.73423173683,77010.00192704618,-1.8763341568023044,0.046117490841070766
127978.92540737377,76839.44894563373,-1.8773804846004567,0.04457122964195227
127978.92540737377,76839.44894563373,-1.8773804846004567,0.04317959456274563
126612.5033788041,76424.09546848998,-1.8791598661008357,0.041882638453950176
125700.89653112828,76187.80693482872,-1.8805360278768881,0.04068097391163296
124564.82779472953,75589.7226388835,-1.8809341604735963,0.03958952250862976
123103.66321555979,75030.45351668645,-1.8823836568352252,0.03857097883688615
123103.66321555979,75030.45351668645,-1.8823836568352252,0.037654289532316906
121505.5117638644,74295.72483404842,-1.8834490121126577,0.03680263527626877
120713.71218467344,73832.29923536807,-1.883541561188921,0.03603383271891887
118952.93240325776,72947.32447584682,-1.8844088669570656,0.03532022777310034
118952.93240325776,72947.32447584682,-1.8844088669570656,0.03467798332186367
117164.12410903932,72082.14410146255,-1.885465873524706,0.034073538151559654
115802.77172847379,71146.90209816529,-1.885015926532988,0.03354078617307899
114416.58629581092,70493.05253840728,-1.8859365076912626,0.033038294863489526
114416.58629581092,70493.05253840728,-1.8859365076912626,0.03258605268485901
112707.46701799695,69473.34726472576,-1.8860933171267835,0.03217511448820352
111077.77304347878,68439.82081380798,-1.8859548649803157,0.03180873141487527
109291.77462079612,67450.3042292684,-1.8864928275803583,0.03146553758387879
108072.2749107163,66742.82765543225,-1.8867137619766585,0.03115113977607445
106755.02506568155,65733.02219734227,-1.885739030795939,0.03089255002856853
106755.02506568155,65733.02219734227,-1.885739030795939,0.030659819255813205
104883.85496068973,64674.32585507032,-1.886212065878085,0.030438535683279762
104883.85496068973,64674.32585507032,-1.886212065878085,0.030239380467999663
103549.9034186424,63745.27695456708,-1.8856659357311043,0.03007379402792209
102607.14861775872,63038.74622199648,-1.8850105684406966,0.029941150414112466
101166.8295852215,62145.57936528203,-1.8849668641774187,0.029822863768265755
99975.45931687749,61188.01120554466,-1.8837563534247739,0.029746668555819835
99975.45931687749,61188.01120554466,-1.8837563534247739,0.029678092864618505
98801.04917823698,60403.078922355206,-1.8833956265988403,0.02962539291318565
98012.39668098003,59814.67958621835,-1.8828099654744557,0.029592604485005693
97089.81940226057,59112.070592695745,-1.882030035915262,0.029582593138623575
97089.81940226057,59112.070592695745,-1.882030035915262,0.029573582926879668
96308.45718572017,58349.46737985914,-1.8804022767390274,0.029606167715716017
95637.41184693352,57964.122031604355,-1.8805240433796433,0.029632449859653333
95053.42319550033,57303.23719537076,-1.8787425971327163,0.029700639945370092
94372.59388182759,56807.587749763006,-1.8782410631886628,0.029774549371116513
94372.59388182759,56807.587749763006,-1.8782410631886628,0.029841067854288295
93921.96192381618,56268.66683380297,-1.8766481526303362,0.02994075725310106
93468.51747681429,55861.61116374347,-1.8758326482563472,0.030050865321382274
93334.71914900553,55564.869832544195,-1.8745168356675328,0.030182857897555728
93334.71914900553,55564.869832544195,-1.8745168356675328,0.030301651216111836
92896.68610991763,55253.58292659472,-1.8742072956804017,0.03041630370249061
92896.68610991763,55253.58292659472,-1.8742072956804017,0.030519490940231507
92591.4736834721,54658.76728871962,-1.8716448524645712,0.030676420534594077
92591.4736834721,54658.76728871962,-1.8716448524645712,0.03081765716952039
92511.76490269143,54482.4477132492,-1.8708346973953627,0.030965024017684282
92380.5181739784,54290.81038704883,-1.8701138332592906,0.03111567578443359
92380.5181739784,54290.81038704883,-1.8701138332592906,0.03125126237450797
92254.7325818127,53977.905411760454,-1.8685952654318125,0.03141125450126186
92254.7325818127,53977.905411760454,-1.8685952654318125,0.03155524741534036
92242.5166468909,53787.383413004696,-1.867420743026041,0.0317142040981553
92305.1156725349,53647.68936182404,-1.8662854026877926,0.03188564862114495
92305.1156725349,53647.68936182404,-1.8662854026877926,0.032039948691835636
92124.38012012202,53499.65320282739,-1.8660066949155207,0.03218578644976405
92207.3133918052,53418.845207650666,-1.8651686868356336,0.03233799063389681
92191.78924195778,53245.48269079648,-1.864094604022861,0.0325018264699356
92191.78924195778,53245.48269079648,-1.864094604022861,0.032649278722370514
92136.38088851454,53079.05520270545,-1.8632107088331444,0.032804083129304856
92108.44291683812,52914.51296770748,-1.8622291058465643,0.03296794717021026
92181.74620254444,52761.47234729134,-1.8609312969449923,0.03314787002956443
91925.01301506603,52550.837829295815,-1.8605044733696054,0.03332047119236785
91925.01301506603,52550.837829295815,-1.8605044733696054,0.03347581223889093
92069.24043428889,52303.03570948143,-1.858278070742473,0.033671279246440006
92069.24043428889,52303.03570948143,-1.858278070742473,0.033847199553234175
91862.0035277454,51897.95662382601,-1.8563134418038736,0.03405464355281392
91862.0035277454,51897.95662382601,-1.8563134418038736,0.03424134315243569
91913.23598635897,51631.91261613717,-1.8542749824592182,0.034460334275711664
91858.87880084144,51280.855582372955,-1.8520321713317622,0.034713496564846444
91733.49776482,51081.680559388384,-1.8511190535980289,0.03496417056841108
91962.69679458396,50712.36152367347,-1.8475718163448662,0.035278458102948315
91962.69679458396,50712.36152367347,-1.8475718163448662,0.03556131688403183
91914.46855952483,50408.44226639103,-1.8455608154537566,0.035866164809284735
91914.46855952483,50408.44226639103,-1.8455608154537566,0.03614052794201235
92148.57292924497,49802.831822819215,-1.8401438926879032,0.03652287783061354
92148.57292924497,49802.831822819215,-1.8401438926879032,0.036866992730354604
92204.79271351188,49368.206440476206,-1.8366308799267117,0.03726452145915136
92407.31003428697,49056.53575286662,-1.833406883790843,0.03770289721846515
92407.31003428697,49056.53575286662,-1.833406883790843,0.038097435401847554
92862.43436669906,48415.00076504636,-1.8264807124546545,0.03862567405029644
92862.43436669906,48415.00076504636,-1.8264807124546545,0.039101088833900434
93108.27948721345,47968.502231166196,-1.8218488580397103,0.03964475849951763
93108.27948721345,47968.502231166196,-1.8218488580397103,0.04013406119857311
93710.72345690797,47663.55195686731,-1.816797832884205,0.04070070925661068
93894.06460313498,47278.53632492886,-1.812788798379468,0.04131091837146292
94370.73177768536,47107.179246323074,-1.8092929419852222,0.04194750298468607
94914.30314909738,46756.473871885464,-1.8039206769085188,0.042654735763504495
94914.30314909738,46756.473871885464,-1.8039206769085188,0.04329124526444108
95441.84304499484,46524.3770908873,-1.7995937439632612,0.04397227713891544
96186.69591860884,46312.10025545169,-1.7944564139437416,0.04471363907643036
96729.53899664433,46210.23592107792,-1.7911656405376668,0.045463134155345655
96729.53899664433,46210.23592107792,-1.7911656405376668,0.046137679726369424
97270.66461758848,46071.11773215173,-1.7875239806349177,0.04683581223785954
98254.19020011427,46004.32854838423,-1.782596716619508,0.04758731309858589
98254.19020011427,46004.32854838423,-1.782596716619508,0.048263663873239604
99615.48586982745,46090.072369540445,-1.777444076708491,0.04900119556820338
99615.48586982745,46090.072369540445,-1.777444076708491,0.04966497409367077
100815.25030668172,46304.67283074264,-1.7742403906335527,0.05034246691846488
101739.91736344992,46583.250110980836,-1.772863737578666,0.05098662678715175
101739.91736344992,46583.250110980836,-1.772863737578666,0.05156637066896993
103110.23164366577,47152.51881003174,-1.772320801408324,0.052101713566864834
104096.14555036183,47548.261208980046,-1.7718098423234285,0.05259629615209264
105591.24521320715,48473.54806705654,-1.774016310831995,0.052986258766083504
105591.24521320715,48473.54806705654,-1.774016310831995,0.05333722511867528
107425.17579432119,49534.947941396815,-1.7759620229297413,0.053604452033564225
109772.8907453307,51076.75955782128,-1.7798925805395909,0.05374669231671803
111179.80747869748,52158.65054741244,-1.783441267581977,0.0537859913954968
111179.80747869748,52158.65054741244,-1.783441267581977,0.05382136056639769
114232.23106202541,54346.83328095969,-1.789419572344698,0.05370373520114048
117548.56948972018,56827.840525173146,-1.7961537407495873,0.05342951816228675
117548.56948972018,56827.840525173146,-1.7961537407495873,0.053182722827318396
124352.02361991272,62239.44118972351,-1.8103729160061723,0.05260512764443225
124352.02361991272,62239.44118972351,-1.8103729160061723,0.05208529197983472
129385.36214533447,66311.75717070239,-1.819805277282746,0.051381630849782596
134836.83625714103,70882.87761801487,-1.8296660598543686,0.05050181626844512
141579.5117669848,76163.61725247317,-1.8384066131080532,0.04949146931389928
141579.5117669848,76163.61725247317,-1.8384066131080532,0.04858215705480802
146223.82397481747,80024.68197221853,-1.8447868378988599,0.047604270401855726
153898.64661768288,86478.0695121397,-1.8543832273647234,0.04648426267755207
162978.08952147662,93622.49342791799,-1.86220940676704,0.04528060124062086
162978.08952147662,93622.49342791799,-1.86220940676704,0.04419730594738277
172299.9172273526,101457.31866415976,-1.8707863571310013,0.04300791642436946
179261.42312867902,107147.27916182212,-1.8758685285652392,0.04181041156780154
190799.10025425203,116240.06447559665,-1.8822411652974105,0.040573341278586125
190799.10025425203,116240.06447559665,-1.8822411652974105,0.039459978018292256
202699.79349155675,126131.30312240998,-1.889169001086828,0.03828475518929233
215884.63120119032,136606.56536643038,-1.8945540380286494,0.03709242871964686
225395.8480915973,144094.31202155582,-1.8978022004648945,0.03593813083605982
239580.2259421817,155692.49524008983,-1.902926264794814,0.03477116113258349
239580.2259421817,155692.49524008983,-1.902926264794814,0.033720888399454786
255305.05812478336,168043.89655537682,-1.9068625523748253,0.03267723575013868
271562.75411399925,180803.0036051301,-1.9103486517699286,0.031650795880876596
282546.01739464735,189699.47942603083,-1.912876626531926,0.030663800629490787
282546.01739464735,189699.47942603083,-1.912876626531926,0.02977550490324356
300079.62323252263,203258.01350348623,-1.9155155721552939,0.028910065109036858
318153.80778940313,217345.43299404968,-1.9180416539240353,0.02806801725003229
336157.23828802945,231612.15510409186,-1.9205484921800706,0.027247503220527297
336157.23828802945,231612.15510409186,-1.9205484921800706,0.026509040593972803
348970.8582846258,241354.19990577662,-1.9216557520097686,0.025816742734331308
367859.4299138451,255892.51323116524,-1.9233353187820514,0.025151685491346894
367859.4299138451,255892.51323116524,-1.9233353187820514,0.024553133972660922
386610.85812357615,270569.2091773659,-1.9250839064903449,0.02397072291313621
406116.05145729834,285153.9450230342,-1.9260273478830454,0.023422966924746453
418676.09534315096,294765.1153091975,-1.9267988404945897,0.022910699219907064
437070.49975251383,308992.1914734521,-1.9279817751155137,0.022420084920028515
455971.00489362795,322872.720773697,-1.9284397364527126,0.02196708301670785
455971.00489362795,322872.720773697,-1.9284397364527126,0.02155938130371925
467843.6679678642,331932.9866343794,-1.9289999580441655,0.02117844422224319
485056.8930234468,345013.52000131714,-1.9297145821973825,0.02081773524508431
502363.4515871495,357485.9197269282,-1.9298434097725334,0.020489876476262544
502363.4515871495,357485.9197269282,-1.9298434097725334,0.020194803584322955
517894.1542944682,369122.6499718996,-1.9302923015268174,0.019918015687720225
527896.4588399497,376480.13268676266,-1.9304639247405013,0.01966461600043567
527896.4588399497,376480.13268676266,-1.9304639247405013,0.019436556281879572
542587.1069929777,386677.46794560243,-1.9302595507791236,0.019236411884213527
555307.7569168904,396003.62695066084,-1.9304457727488766,0.01905162637707026
567015.7901520702,404104.38156452816,-1.930271931233332,0.018889665458529933
574492.1635526919,409033.4454090086,-1.9299958655570237,0.018750802273751345
583378.6790036501,415196.82514306775,-1.9298842146297954,0.018628616680631326
583378.6790036501,415196.82514306775,-1.9298842146297954,0.01851864964682331
591408.6958720763,420274.56110779586,-1.929454731492492,0.01843041639482868
597840.4644846172,423917.5105409786,-1.9288340045502164,0.018366524641590408
600804.3567179193,425702.6072812039,-1.928622625595961,0.01831430653753234
600804.3567179193,425702.6072812039,-1.928622625595961,0.018267310243880078
604278.9313805552,427113.2498811268,-1.9279224073496781,0.018242519035750117
606391.3803416237,427296.9099432185,-1.9270484631101545,0.01824205555442124
606391.3803416237,427296.9099432185,-1.9270484631101545,0.018241638421225254
605881.2870023143,426059.11865925754,-1.926458735032262,0.01825600620329618
605266.8976829877,424534.3696577996,-1.9257209349602493,0.01828738220896033
602585.4628601796,421059.97573052114,-1.9246332351187987,0.01834281311009433
602585.4628601796,421059.97573052114,-1.9246332351187987,0.01839270092111493
597658.3767783204,416323.04881110176,-1.9237365468141618,0.01846001715864939
591988.419098166,410361.27725505695,-1.9223176748687985,0.01855607357106449
587017.999484524,405666.99656832207,-1.921422495328467,0.018664903830746364
577827.4265385297,397705.884561165,-1.9202418156969747,0.01879236805524736
577827.4265385297,397705.884561165,-1.9202418156969747,0.018907085857298254
568021.3854580573,388587.6342300947,-1.9184564114217815,0.019054966986023894
556383.0438108164,378565.5437636081,-1.916852880700101,0.01922814826991898
547634.6332880632,371248.3136807974,-1.9157638037941371,0.019411238348073654
534563.9969123412,359720.81362126156,-1.9135594877009043,0.01963112732074368
534563.9969123412,359720.81362126156,-1.9135594877009043,0.019829027396146705
519545.1843390208,347290.62013266806,-1.9115552596871004,0.020057243164354525
519545.1843390208,347290.62013266806,-1.9115552596871004,0.020262637355741565
503956.896227116,334326.52438494156,-1.9092605842819252,0.020504859013119277
493257.7641120212,325263.7070734301,-1.9074249953968512,0.020768748226886072
476300.4864046777,311408.44156207633,-1.9048008541369341,0.021071852050774113
458556.78154817485,297038.9023370767,-1.9019272592177319,0.021416485365253406
458556.78154817485,297038.9023370767,-1.9019272592177319,0.02172665534828477
428595.0549201148,272611.05087489274,-1.896197542737261,0.022149051245024767
428595.0549201148,272611.05087489274,-1.896197542737261,0.022529207552090764
410315.2563497644,257866.46172594244,-1.8923661405283423,0.022967133283673134
392179.980627867,243067.3647511859,-1.8878772731182798,0.023473488127348827
392179.980627867,243067.3647511859,-1.8878772731182798,0.023929207486656952
373518.7957130619,228400.69494575067,-1.883462003371117,0.024449736653713333
361498.1967340195,218764.51315613984,-1.8800176890229177,0.02500432076276906
344017.13585445506,204515.31531728167,-1.8740398995537573,0.02565289119764822
344017.13585445506,204515.31531728167,-1.8740398995537573,0.026236604589039467
326353.9273615989,190643.71896069546,-1.8680445251141822,0.026911831002280968
309640.7822889015,177144.7061872818,-1.8607674924785733,0.027701460590088538
299087.25154268835,168470.16016905993,-1.8552526838190762,0.02854999743560278
299087.25154268835,168470.16016905993,-1.8552526838190762,0.0293136805965656
283025.66787199036,155865.136971424,-1.8470841835920702,0.030205207947107286
268680.5565849085,143952.6143946369,-1.8368817226532417,0.031262644086065515
268680.5565849085,143952.6143946369,-1.8368817226532417,0.03221433661112792
245960.4084541665,125508.17769759143,-1.8180821506309282,0.033540849184241925
245960.4084541665,125508.17769759143,-1.8180821506309282,0.03473471050004453
233857.36093300258,115317.87283942237,-1.804330783382766,0.03615296986547093
222991.6819255075,105955.6276311396,-1.7888824526007063,0.037815611563906185
222991.6819255075,105955.6276311396,-1.7888824526007063,0.03931198909249791
212641.6856594823,97265.15857948728,-1.7724281273163576,0.04107008700033918
207017.28958214357,91919.67916173722,-1.7591348481248925,0.04298470709718295
198709.30007107955,84463.71203778945,-1.738887854394567,0.04521404002760048
198709.30007107955,84463.71203778945,-1.738887854394567,0.04722043966497626
191605.90697832964,77790.6509906,-1.7166147181638234,0.04958302774438304
186012.02080821688,71830.02730491874,-1.6911124710372385,0.05234691319401378
182559.6272533107,68239.0842705565,-1.6738416751285923,0.055266179996397595
182559.6272533107,68239.0842705565,-1.6738416751285923,0.05789352011854303
178155.9321675616,63395.52694407899,-1.6466426546675164,0.060938101740000826
175195.66930622284,59157.10426204293,-1.6161441177184344,0.06444068862303988
175195.66930622284,59157.10426204293,-1.6161441177184344,0.06759301681777503
171622.70675636572,53421.509721902585,-1.5655330004979156,0.07169539012354964
171622.70675636572,53421.509721902585,-1.5655330004979156,0.07538752609874678
171113.88234075994,50720.01390498239,-1.5330635485573396,0.07952218477493862
170541.319549992,48386.987284927374,-1.5026598253178995,0.08400347066449727
170541.319549992,48386.987284927374,-1.5026598253178995,0.08803662796510006
171315.11252766696,46585.5006376948,-1.471838340317118,0.09243700666066211
171905.52814668752,45487.93107731425,-1.4513361090646546,0.09690990326797953
173294.07800607898,44262.83632960802,-1.4239286233628592,0.1016206973571101
173294.07800607898,44262.83632960802,-1.4239286233628592,0.10586041203732763
175021.0954747532,43175.41302728256,-1.395989383677324,0.11037463624166177
177430.41355902125,42439.02860538967,-1.370367615120114,0.11507798223949275
178806.94518530823,41950.4849385399,-1.3539390872689088,0.11972170683382076
178806.94518530823,41950.4849385399,-1.3539390872689088,0.12390105896871596
181686.790085563,41511.60675939304,-1.3308716677765862,0.12823916137742972
187392.98033648962,40765.515490111444,-1.2865097758182704,0.13325250084423
187392.98033648962,40765.515490111444,-1.2865097758182704,0.13776450636435023
189529.93296953713,40559.35901393156,-1.271179810124167,0.14220856047481104
192707.1304312882,40360.22248725423,-1.250664415638731,0.14672109403636166
192707.1304312882,40360.22248725423,-1.250664415638731,0.15078237424175722
195772.49325680005,40136.62512050612,-1.229908045386626,0.15495643568291587
197895.3931373841,40003.53343866414,-1.2159399643501072,0.1590622930058716
197895.3931373841,40003.53343866414,-1.2159399643501072,0.16275756459653176
201040.35544098399,39753.00023625127,-1.193708699606096,0.1666390906467262
203925.349336823,39508.20100387155,-1.1726730264555012,0.17065835592066605
207139.86634590718,39337.143751793556,-1.15167683616089,0.1748005994245772
208969.97378669726,39137.44383916358,-1.1368351492210467,0.17889966075159333
208969.97378669726,39137.44383916358,-1.1368351492210467,0.18258881594590784
211840.1387889248,38929.26461491941,-1.1162182155300184,0.1864244789630666
214609.03204014286,38624.76543003976,-1.0931207878191929,0.19045401137128015
214609.03204014286,38624.76543003976,-1.0931207878191929,0.19408059053867233
217306.70358065693,38480.00738932516,-1.0747761486131069,0.19780312776947745
218905.88141146975,38247.2076845506,-1.0594194120212381,0.20153732969199875
221582.8226450779,38092.66363227009,-1.0405734802745794,0.2053692597159344
223793.82759294604,37783.17794181087,-1.019173515432063,0.2093529958585394
223793.82759294604,37783.17794181087,-1.019173515432063,0.21293835838688388
226074.66400634556,37670.696293684174,-1.003404011327975,0.21655942226499614
227475.02975412435,37449.43531591238,-0.9887192948328806,0.22018549766767453
229453.1117026579,37357.71665294253,-0.975040059396391,0.2237909464159973
229453.1117026579,37357.71665294253,-0.975040059396391,0.2270358502894878
231285.2627644921,37102.6363244487,-0.9565746173088364,0.23041789982781813
232916.93648469268,37021.75226695484,-0.9449454255863505,0.23375247420537756
232916.93648469268,37021.75226695484,-0.9449454255863505,0.23675359114518105
233907.34585974368,36863.27487379779,-0.9340778734899094,0.2397262851934152
235265.58989146355,36826.6187760782,-0.9253703644785972,0.24261939756210876
236485.26754933342,36668.41157517939,-0.9131096236878419,0.24552971721370184
236485.26754933342,36668.41157517939,-0.9131096236878419,0.2481490049001356
237953.24502665477,36532.433926848884,-0.900171159878332,0.25082982541316373
237953.24502665477,36532.433926848884,-0.900171159878332,0.2532425638748891
238482.13546890192,36535.626906797996,-0.8973679421466116,0.2554841089337349
238921.46216342706,36490.577633336296,-0.8933167869127008,0.2576027783675439
238921.46216342706,36490.577633336296,-0.8933167869127008,0.259509580857972
239053.9770169452,36466.4261614506,-0.8917102095859726,0.26126586753252545
239083.33523739682,36478.37483136789,-0.8919808117676851,0.2628397604850808
238760.6489279697,36513.808537454,-0.8950442248694775,0.2641796788148358
238760.6489279697,36513.808537454,-0.8950442248694775,0.26538560531161526
238393.98520186156,36579.022647544334,-0.8994146357585545,0.26636167888648987
237640.0366426602,36589.720753841255,-0.9039522192102494,0.26712670551758466
237069.4730099174,36673.152352052486,-0.9100666222154827,0.26766236941043914
237069.4730099174,36673.152352052486,-0.9100666222154827,0.2681444669140082
235992.01930970702,36733.43777365841,-0.9181175635191002,0.2683770811346298
234623.82059921906,36889.08593596816,-0.9310577890486412,0.2682629282949508
233136.29676362686,36937.1579489186,-0.9408439712818035,0.26791553618341063
231964.6829802331,37085.960215551306,-0.9523167760828877,0.2673160631629974
231964.6829802331,37085.960215551306,-0.9523167760828877,0.2667765374446255
230050.43916364445,37169.17979330575,-0.9655207332565404,0.2659608653687494
227872.2532633539,37385.58987409379,-0.9844866308645651,0.2647526130602604
227872.2532633539,37385.58987409379,-0.9844866308645651,0.26366518598262023
225639.53086974498,37467.969487920265,-0.9991996634705226,0.26231867579759516
223888.19002583678,37639.86057855739,-1.0141221662155215,0.2607337540624476
221299.1043160742,37733.041289236615,-1.0309140618562036,0.25888752710979773
218465.10836148149,37971.498329835864,-1.0533823920259888,0.25666421459816824
218465.10836148149,37971.498329835864,-1.0533823920259888,0.2546632333377017
215456.95463247498,38084.69598925886,-1.0727507360282633,0.2523781416032249
213342.57991789945,38262.222188831314,-1.0891805614250019,0.2499108134072774
210205.67517725893,38370.42771178122,-1.1088292095052723,0.24719900182891785
210205.67517725893,38370.42771178122,-1.1088292095052723,0.24475837140839427
206749.35831566175,38597.40345731724,-1.1333733650334852,0.24194820014171772
203239.69683665337,38742.354984500045,-1.1556734626629661,0.23886154356097178
200909.4734215245,38891.25137956571,-1.1717993422112278,0.23568040564959392
197110.21218942248,39011.055912503645,-1.1946282002189945,0.23224666007915967
197110.21218942248,39011.055912503645,-1.1946282002189945,0.22915628906576885
193392.0240811628,39190.89673281304,-1.2184257269496217,0.22578001698545141
189493.08074337876,39349.66875318151,-1.242411827585868,0.2221417195972596
186836.61538094655,39448.373358870456,-1.2584145396741395,0.21846718414568017
186836.61538094655,39448.373358870456,-1.2584145396741395,0.2151601022392587
182789.99026949157,39573.60158465592,-1.2820474794339574,0.2115929050294839
178849.4133582397,39690.90299818925,-1.3048114956543369,0.2078133271351771
178849.4133582397,39690.90299818925,-1.3048114956543369,0.20441170703030098
174559.2278087425,39851.332510768276,-1.3301681993094403,0.2007163313445349
171908.1118888995,39902.763396197945,-1.3446985450962383,0.19702723458267546
167748.6688454599,40029.21115813227,-1.3683871292535406,0.1931148328930694
163456.71847123484,40080.77027388017,-1.391058596723601,0.18902688468567244
163456.71847123484,40080.77027388017,-1.391058596723601,0.18534773129901516
159410.23646355013,40228.1149311712,-1.414345337197949,0.18145432473916492
156637.9878724436,40222.943944473715,-1.4281354080617041,0.17760550706370584
152316.21551045732,40346.20958185364,-1.452125470822695,0.17354181958676787
152316.21551045732,40346.20958185364,-1.452125470822695,0.1698845008575237
148285.92184698803,40349.52848244421,-1.4723219863595005,0.16608800111278382
144229.20871947892,40466.2508708303,-1.494666180488141,0.16211254648930193
141347.46112773524,40445.4123454218,-1.5086580846022024,0.15818483972531666
141347.46112773524,40445.4123454218,-1.5086580846022024,0.15464990363772993
137610.39888060343,40547.47892936743,-1.5290092294773128,0.1509596825370241
133531.10174549304,40522.339899515355,-1.5488766522166608,0.14714179797790516
133531.10174549304,40522.339899515355,-1.5488766522166608,0.1437057018746981
129733.70599564786,40590.49626373033,-1.5688498011183227,0.14011388665927021
127316.42307525493,40550.079406221055,-1.5802238277877267,0.13659690229865
123686.20836651145,40616.99166584673,-1.599282283376349,0.1329551549843763
123686.20836651145,40616.99166584673,-1.599282283376349,0.12967758240152993
118044.39059009956,40632.04051067085,-1.6274981860150002,0.12602236951100193
118044.39059009956,40632.04051067085,-1.6274981860150002,0.12273267790952674
114569.62034629872,40575.616263658434,-1.643945843176035,0.1193607640391732
111476.86148797353,40600.287299177115,-1.6596466012143098,0.11593352260489813
111476.86148797353,40600.287299177115,-1.6596466012143098,0.11284900531405057
108750.97639385075,40574.03012442155,-1.6728306444115775,0.10974333867235607
106729.73627256702,40577.95648850698,-1.682923481009016,0.10669591777989507
104080.31145672858,40525.088491011324,-1.6954100696102914,0.10364107426164829
104080.31145672858,40525.088491011324,-1.6954100696102914,0.10089171509522618
101819.15972933323,40506.049857028505,-1.7064190078068546,0.0981420683905322
99412.63535940094,40497.74810436573,-1.71829328492871,0.09537052942826123
98082.10100017097,40473.49820661289,-1.7246233353055989,0.09271789310279513
96481.83220179444,40446.37593326328,-1.732271006495892,0.09013932863011832
96481.83220179444,40446.37593326328,-1.732271006495892,0.0878186206047092
94458.3503420553,40398.6689162463,-1.741799489596716,0.08549177130432038
94458.3503420553,40398.6689162463,-1.741799489596716,0.08339760693397046
93406.20866571764,40416.8734514657,-1.7472591448058346,0.08137636762042755
92057.58795751097,40344.934940184314,-1.7531664987698128,0.07940956838913947
91287.0656681469,40378.86140240181,-1.7573994022166504,0.07753362649480926
90661.12646693233,40321.8787671902,-1.7598845155413272,0.07578315095679515
89959.99397107113,40365.79219055424,-1.763878768150204,0.07410786665736055
89959.99397107113,40365.79219055424,-1.763878768150204,0.0726001107878694
89433.19775883137,40312.54803583555,-1.7659195379007564,0.07119211126156356
89520.03196903439,40361.833519954096,-1.7660319326649059,0.06992210181878457
89190.04358730964,40316.05394389734,-1.767174146343649,0.06875053797831489
89190.04358730964,40316.05394389734,-1.767174146343649,0.06769613052189218
89148.39253982308,40368.49028646846,-1.7679613623161692,0.06672748341179872
89534.1323055167,40332.43100232194,-1.765635543556524,0.06591384648170576
89534.1323055167,40332.43100232194,-1.765635543556524,0.06518157324462208
89557.26182173255,40391.79936850652,-1.7661778152306316,0.06450897053939408
90005.83282334301,40367.67102112844,-1.763670784732907,0.06396630386713201
90657.10300049145,40404.46914224216,-1.7608310136080034,0.06354889814021872
90830.98226614937,40385.67845468744,-1.759752716864474,0.063200190404585
91466.50466659812,40430.442309214144,-1.7570861700972236,0.0629530171116959
91466.50466659812,40430.442309214144,-1.7570861700972236,0.06273056114809572
92413.97175555094,40425.26110222902,-1.7523033797861063,0.0626499205386335
92738.3769178638,40430.06294966916,-1.7507407236530919,0.06261641039344285
92738.3769178638,40430.06294966916,-1.7507407236530919,0.06258625126277126
93507.80196246029,40433.39147152891,-1.7469429830104013,0.0626540515612341
94355.0128329905,40443.66894566121,-1.742838929258976,0.06281767317363629
94857.3451871496,40451.37296447313,-1.7404253355562669,0.06302527246736599
94857.3451871496,40451.37296447313,-1.7404253355562669,0.06321211183172272
95998.28767448758,40417.834238741765,-1.7343429923339813,0.06353232584020092
96482.22024635057,40429.038470607826,-1.7320628719896887,0.06387752145643862
96957.45196851461,40395.91512942936,-1.7292970687279245,0.06425734259259663
96957.45196851461,40395.91512942936,-1.7292970687279245,0.06459918161513886
98067.75255478139,40408.695745323115,-1.7239115420866542,0.06504147490145862
98640.00268338587,40345.35208672008,-1.7202844338863321,0.06553021656415445
98980.95517290026,40367.201835338354,-1.7188486534286724,0.0660059785720222
100117.59996149472,40299.396670296504,-1.7123317087443612,0.06659708799621095
100117.59996149472,40299.396670296504,-1.7123317087443612,0.06712908647798083
100552.07071110298,40306.537932213214,-1.7102476555958925,0.06765998644028542
101329.6573782454,40235.40195013608,-1.7054630381795384,0.06825741184176842
102008.07699372478,40243.60770243059,-1.7021684828974277,0.06887745858515588
102008.07699372478,40243.60770243059,-1.7021684828974277,0.0694355006542046
102499.16331381456,40164.86893459013,-1.6987022738480988,0.07002439374258168
103238.58292043972,40156.660143477704,-1.6948854996444302,0.07064981687721276
104142.28900698766,40103.493764566236,-1.689656186412909,0.07134343052916876
104142.28900698766,40103.493764566236,-1.689656186412909,0.07196768281592916
104389.23329118389,40102.249866803555,-1.688398696727856,0.07256094711613986
105191.21659452884,40042.009801205306,-1.683572121736549,0.07321554936111216
106158.20249308992,40017.80846009682,-1.6783811155976132,0.07393446653506063
106158.20249308992,40017.80846009682,-1.6783811155976132,0.07458149199161423
106579.71898152895,40000.09607676291,-1.676020192163421,0.07522283798836729
107332.04089464982,39974.23487392405,-1.671879107260061,0.07590357650802905
108241.79488648046,39947.59961804108,-1.666927705185482,0.0766400262275891
108911.00324583438,39910.631573773484,-1.6630419035911077,0.07739997601505251
108911.00324583438,39910.631573773484,-1.6630419035911077,0.07808393082376958
110032.61155747967,39930.05099554529,-1.6576473981504694,0.07883435278763089
110724.36680601088,39899.89334458578,-1.6537328563594202,0.07960759609988229
111391.62735769531,39917.12718404089,-1.6506048536729767,0.08038171514806965
111391.62735769531,39917.12718404089,-1.6506048536729767,0.08107842229143827
112718.19072526622,39881.166513943586,-1.6433927798033785,0.08188576056720999
113664.61050095782,39936.4694994944,-1.6394048243347885,0.08271206390211928
114292.64116236687,39900.49917985807,-1.6357149056589153,0.08354798487043448
114292.64116236687,39900.49917985807,-1.6357149056589153,0.08430031374191815
115649.21831582069,39959.36412348412,-1.6297223217363759,0.08512722432431695
116695.36905900309,39937.1204344521,-1.6241172286242063,0.08601157117628011
117915.60614996198,40017.6744923322,-1.6191564164859593,0.08693150364650312
118861.08883941927,40000.32059709008,-1.6141342028952805,0.08788499820947081
118861.08883941927,40000.32059709008,-1.6141342028952805,0.08874314331614172
120071.30378074516,40094.324173779896,-1.609454240611365,0.08963247296924343
121259.39372112192,40100.37556427884,-1.6035731808522187,0.09057989615101363
121259.39372112192,40100.37556427884,-1.6035731808522187,0.0914325770146068
122814.18662090923,40193.089565195616,-1.5971817724575792,0.09235977500170664
123500.33698588124,40192.40476136566,-1.5937301135326403,0.09328054466321997
124878.22642475776,40298.67106048364,-1.588471252456453,0.09424070888548665
126288.96845909211,40324.217651375395,-1.5818149851512715,0.09527126336815621
126288.96845909211,40324.217651375395,-1.5818149851512715,0.09619876240255881
127453.48191905176,40407.228039945636,-1.5773026843858282,0.09714631905265722
128330.37429917124,40421.03234385307,-1.5731469244221061,0.09810301403683884
129767.97882798863,40522.529144890446,-1.5675987271487344,0.09910274445443659
129767.97882798863,40522.529144890446,-1.5675987271487344,0.10000250183027458
130830.47556966888,40562.84493182589,-1.5629603583582843,0.10092824268829001
130830.47556966888,40562.84493182589,-1.5629603583582843,0.10176140946050391
132941.3114846146,40649.24711763472,-1.5538750397404497,0.10273839252094227
133848.38662224286,40719.5025494556,-1.550522190052656,0.10370149851753165
133848.38662224286,40719.5025494556,-1.550522190052656,0.10456829391446208
135055.10410260712,40770.284619719736,-1.5453813613534042,0.10547693048918078
135948.42441003968,40784.967858647,-1.541206686506314,0.10639907027760485
136509.10809307714,40826.54047609706,-1.5391226131707678,0.10728109792057518
136509.10809307714,40826.54047609706,-1.5391226131707678,0.10807492279924846
137420.70837406704,40853.154658438565,-1.5350637943429142,0.10889083566075076
138227.87137793686,40915.695059559235,-1.532123690078634,0.10969865984270985
138227.87137793686,40915.695059559235,-1.532123690078634,0.11042570160647303
138810.07878860962,40889.37086688532,-1.5288151772376457,0.11116275201488458
139383.76474899307,40948.65450259322,-1.5269818626879392,0.11187193024619764
139901.8422249642,40924.162916695896,-1.5240194521970947,0.11258425091665052
139901.8422249642,40924.162916695896,-1.5240194521970947,0.1132253395200581
140350.20939626143,40990.83636401076,-1.5229354421086996,0.11382941951533482
140973.6013718116,40934.64329831161,-1.5189182786508124,0.11447352059753102
141162.42992135085,40992.5697795875,-1.518970710325778,0.11505190077963348
141499.337466603,40933.91432017021,-1.5163170196882927,0.11563878520946283
141499.337466603,40933.91432017021,-1.5163170196882927,0.11616698119630922
141934.83924009922,40995.678696078576,-1.5152254847478488,0.11666964595798207
142177.08583641678,40936.758549906655,-1.5130282089632496,0.11717697613810263
142338.56313417034,40991.68618289908,-1.5131722459474888,0.11762997237560514
142338.56313417034,40991.68618289908,-1.5131722459474888,0.11803766898935741
142797.8053891458,40916.63226995153,-1.5096259341078324,0.11849325373772587
142963.7802428765,40947.480753386095,-1.5093388691794283,0.11891045663446757
143213.28467337758,40875.66776067433,-1.5068720537886722,0.11934760962630402
143642.61503989683,40914.38685840479,-1.5054252221658815,0.11977721810952659
143642.61503989683,40914.38685840479,-1.5054252221658815,0.12016386574442689
143934.68728039024,40855.86985706826,-1.5029706192595782,0.12057321368849475
143934.68728039024,40855.86985706826,-1.5029706192595782,0.12094162683815582
144818.97346965448,40830.87633307644,-1.498170425906173,0.12139320350668592
144818.97346965448,40830.87633307644,-1.498170425906173,0.12179962250836301
145282.89917642655,40849.39448922529,-1.4962052772473426,0.12221452832634315
145940.90654909864,40836.40405595345,-1.4927292440055777,0.12267484439356939
145940.90654909864,40836.40405595345,-1.4927292440055777,0.12308912885407301
147169.3715358298,40816.25540773059,-1.4863068338366732,0.1236225451227489
147169.3715358298,40816.25540773059,-1.4863068338366732,0.12410261976455718
148204.4076654404,40819.08888278854,-1.4812460910123002,0.12466120551279396
148204.4076654404,40819.08888278854,-1.4812460910123002,0.12516393268620707
149197.95205111493,40869.43529258311,-1.4772474014113601,0.12571635438230236
150287.19587444243,40849.36354313844,-1.4715109350398181,0.12635694556807667
151156.6310155362,40929.44689981302,-1.4686801043006283,0.1270042484037533
152573.49273761982,40940.86029292275,-1.4619117269302722,0.12775603039012118
152573.49273761982,40940.86029292275,-1.4619117269302722,0.12843263417785228
153953.37743026897,41058.06889144695,-1.457281707543104,0.12915732807148944
155654.02403204897,41078.714425857244,-1.449316553208902,0.13000868143411795
156789.17842476003,41178.84191761363,-1.4456171050382822,0.1308673856647491
156789.17842476003,41178.84191761363,-1.4456171050382822,0.13164021947231713
158484.19217170405,41219.681936465044,-1.4380885896511497,0.13252398278380667
160620.63392106254,41381.81841233319,-1.4307184883956527,0.1335036222955347
162441.00067324383,41464.70020427558,-1.4234330325138167,0.1345674342531358
163914.0607140388,41606.83011245825,-1.4189940624041562,0.13563583926771833
163914.0607140388,41606.83011245825,-1.4189940624041562,0.1365974037808426
166165.81381353218,41700.41745848608,-1.4098917196479455,0.13769037041155968
166165.81381353218,41700.41745848608,-1.4098917196479455,0.13867404037920508
168397.3073559208,41885.16167584168,-1.402695439265204,0.13973925035965448
170668.41151102065,42037.36787911218,-1.3947396262993301,0.14089683466620578
172465.73180261767,42153.41246802484,-1.388397970981802,0.14209720192504016
174559.05488339585,42298.65352644894,-1.3812541548951858,0.1433561278601565
174559.05488339585,42298.65352644894,-1.3812541548951858,0.14448916120176122
177142.363047035,42471.41637781047,-1.3723773745757843,0.1457308107171905
179607.17082028757,42675.70922444129,-1.3647598953819426,0.1470387322609229
181075.2499571375,42785.96711671898,-1.3600296819095825,0.14833411698709104
183547.1122487346,42979.50878938093,-1.3522782590454976,0.14969374881224448
183547.1122487346,42979.50878938093,-1.3522782590454976,0.1509174174548826
185929.01815547398,43124.98597474196,-1.3440488144597773,0.1522244553478999
188105.1272948045,43354.215211834606,-1.3385261841987672,0.15353885520814073
189709.90575068377,43416.78864922074,-1.332336115626161,0.15487656679667264
189709.90575068377,43416.78864922074,-1.332336115626161,0.15608050722635136
191942.3846537594,43622.941127277365,-1.326182649573374,0.1573178902643819
193704.83190553583,43720.96142692286,-1.3200454679294042,0.1585849645397086
196069.56863047768,43925.8331299616,-1.3133591560450117,0.15989248918461246
196069.56863047768,43925.8331299616,-1.3133591560450117,0.16106926136502595
197069.58146875634,43962.48075226085,-1.3095240453227956,0.16222423409545347
198743.66994617105,44151.749252289956,-1.305754552116167,0.16335794688300395
200480.6030772364,44210.33071663714,-1.2990375006455332,0.16454621467856523
200480.6030772364,44210.33071663714,-1.2990375006455332,0.1656156556945704
201736.67110329456,44359.41077836814,-1.2964017865595314,0.16664404546112507
202431.64429022433,44371.8473425835,-1.2935016037711522,0.16764210082073375
203977.3304256659,44500.63038124091,-1.2891614953925772,0.16864885335384594
204559.58228285133,44519.69410031758,-1.286920872653702,0.1696109462021188
204559.58228285133,44519.69410031758,-1.286920872653702,0.17047682976556439
205419.55712728872,44581.91953348187,-1.2843253236372314,0.17132101369807717
205998.01512435565,44573.194024604236,-1.281527565729551,0.17215072318503066
206143.67339155896,44630.98026457432,-1.2820758797257916,0.1728837538733828
206143.67339155896,44630.98026457432,-1.2820758797257916,0.17354348149289975
206600.32299849167,44634.0802871931,-1.280078268285546,0.17418717663647112
206669.66648648647,44616.91564005832,-1.279406039029078,0.17478330799709707
206433.2562945407,44630.89781297215,-1.2807662810858225,0.1752858201702418
206433.2562945407,44630.89781297215,-1.2807662810858225,0.17573808112607206
206324.30546206704,44606.41291185517,-1.280746848642245,0.17614560179740874
206097.84693613404,44599.457774620394,-1.2816249536389512,0.17649041777669408
205104.20270456705,44511.83855939522,-1.284291102596771,0.1767340984341054
204990.3786144719,44502.63719730566,-1.284614620154074,0.17694532308684302
204990.3786144719,44502.63719730566,-1.284614620154074,0.1771354252743069
204041.2417988824,44416.106968847715,-1.2871131914793355,0.17724405295989282
202844.89493368237,44410.723162056835,-1.29243093050862,0.17720887440118804
201969.97107384604,44296.639142956315,-1.2940411162691738,0.1771369590543399
201969.97107384604,44296.639142956315,-1.2940411162691738,0.17707223524217658
201056.35086092152,44326.44862241259,-1.2988138216194522,0.1768946661774726
199270.38059061658,44205.60504696931,-1.3044582465590935,0.17659374339574802
198129.95990803264,44184.22008141451,-1.3092211562470732,0.1762038401499964
198129.95990803264,44184.22008141451,-1.3092211562470732,0.17585292722881996
196115.82919927366,44076.12870833571,-1.3162156487625079,0.17536224328687527
194825.83809059887,44041.33314701259,-1.3214111829895014,0.17479073938345022
193261.7239400099,43928.002155044254,-1.3262879110521526,0.17415446766880138
193261.7239400099,43928.002155044254,-1.3262879110521526,0.17358182312561743
190872.7628455161,43879.411835609164,-1.336280224450738,0.17281663520178725
188828.1445952912,43808.06560648575,-1.3442600227675288,0.17192847111242032
187516.93696396702,43790.139940432404,-1.34994002450283,0.17098712338860755
184882.03349877105,43710.79644398132,-1.3605240478885012,0.16987530985253427
184882.03349877105,43710.79644398132,-1.3605240478885012,0.1688746776700683
182444.20907142464,43632.33980296726,-1.3702532160434455,0.16773087950197532
180162.7108825336,43594.2421101709,-1.3800658732150697,0.16645614472140105
178060.86376131602,43503.30730579197,-1.3880634521981272,0.16510894394430775
178060.86376131602,43503.30730579197,-1.3880634521981272,0.1638964632449238
175539.09964218657,43457.71346223725,-1.3988946736064634,0.16253445008026982
172857.25504117185,43359.52336271383,-1.4095183426089162,0.16104304650701995
172857.25504117185,43359.52336271383,-1.4095183426089162,0.15970078329109508
169735.9397924551,43339.87768230902,-1.4236711896058072,0.1581389252218404
167918.91692027752,43283.46301570673,-1.431104171323653,0.15654742841656502
165170.6143831311,43267.89360684574,-1.4436262846766694,0.1548020284579918
161787.85910568875,43176.46168959757,-1.4577894105211269,0.15287709034916444
161787.85910568875,43176.46168959757,-1.4577894105211269,0.15114464605121983
159043.27759586737,43159.68816117405,-1.4703140931216256,0.1492723291180572
156927.7909384552,43076.63742649152,-1.4787811749039883,0.14737556683365177
153509.48120852083,43064.16609300232,-1.4945687194136483,0.14527379216494538
153509.48120852083,43064.16609300232,-1.4945687194136483,0.14338219496310964
150585.5001488417,42992.841554531355,-1.5070857636743165,0.14136683137494077
148430.40788333735,43001.260527695864,-1.517326165186472,0.1392969941077849
144877.80687626783,42938.94329672929,-1.532993661443281,0.1370424531609244
141856.8823928406,42932.68991959225,-1.5470780507844342,0.1346612565752211
141856.8823928406,42932.68991959225,-1.5470780507844342,0.13251817964808815
138471.8992336269,42911.41058410109,-1.5626483875453387,0.13020015199464588
136116.2678683519,42907.99903102875,-1.5736628885809747,0.12783856458065693
133086.10217467454,42885.511291186966,-1.5875700763392233,0.12536545621411066
133086.10217467454,42885.511291186966,-1.5875700763392233,0.12313965868421903
129658.70722449479,42877.19628010368,-1.6035614539471907,0.12073665646711736
129658.70722449479,42877.19628010368,-1.6035614539471907,0.11857395447172585
126405.16362088206,42898.67724826022,-1.6191544014569341,0.11623769898812991
121168.63175303115,42923.14073507291,-1.6440842688536828,0.11351182236797486
121168.63175303115,42923.14073507291,-1.6440842688536828,0.1110585334098353
117951.03168846077,42939.340824614665,-1.659403465554054,0.10846759343000043
115159.33225577867,43004.872385643,-1.673332430625632,0.10578752332135959
115159.33225577867,43004.872385643,-1.673332430625632,0.10337546022358284
112029.19367274785,43037.63390519952,-1.688403705817935,0.10082782155577617
110208.73560986725,43103.62084094444,-1.6977202509247418,0.09830203312708001
110208.73560986725,43103.62084094444,-1.6977202509247418,0.09602882354125347
107555.98675172027,43152.38224530035,-1.7106940599118923,0.09365858968933082
104863.68400149558,43244.089172562315,-1.7243090407141506,0.09118500470254397
102481.92651737401,43322.43445071228,-1.7362749079513395,0.08865963153350609
101009.99317716765,43384.4055724505,-1.7437948973873352,0.08619879594547211
101009.99317716765,43384.4055724505,-1.7437948973873352,0.08398404391624152
98743.00655379782,43490.15781800443,-1.7554433186601286,0.08169955655811416
96776.74848228614,43617.86096398277,-1.7658699531267539,0.0793828520741339
95642.93019727894,43724.66865754385,-1.7721893662602728,0.0771398327102137
95642.93019727894,43724.66865754385,-1.7721893662602728,0.07512111528268552
93947.63560987399,43861.62900037505,-1.7813571054857626,0.07307507611727289
92577.16353386299,44007.655655194896,-1.7890670279887397,0.07104089280582711
91377.97240270796,44158.78889783298,-1.7959922567327118,0.06903699710692661
90743.62009648384,44243.34683590328,-1.799679543962889,0.06714130879716172
90743.62009648384,44243.34683590328,-1.799679543962889,0.06543518931837332
89843.98809461143,44404.06299730451,-1.8052597746896428,0.06376017601929491
89447.87593534554,44574.36402901443,-1.8086092727727467,0.06216892659804676
89447.87593534554,44574.36402901443,-1.8086092727727467,0.06073680211892341
88974.0266861591,44752.54082262467,-1.8123540135122802,0.059354271569224064
88945.88034078907,44918.958560334184,-1.8139650427682923,0.05806971834309435
89010.07868642505,45068.67587624173,-1.815003851366492,0.05688765022462262
89010.07868642505,45068.67587624173,-1.815003851366492,0.05582378891799806
89333.30405205848,45234.36572636276,-1.8150217207986048,0.05486586700623313
89762.25219700387,45425.01690105902,-1.8147890585491735,0.054009553841880484
90597.61207993225,45578.27731379214,-1.8124340129537577,0.053297748133848494
91120.02318217137,45690.030787295305,-1.8111092830470628,0.052690241244287075
91120.02318217137,45690.030787295305,-1.8111092830470628,0.0521434850436818
92135.07586360803,45838.037604244455,-1.8079436170230179,0.051730546113738174
93559.00648190173,46026.897968666424,-1.8033700871969736,0.05147323932244002
94752.07506291918,46170.46674133462,-1.799435452780593,0.0513400290706812
94752.07506291918,46170.46674133462,-1.799435452780593,0.051220139844098254
95842.64299040429,46315.06511100764,-1.7959805975810792,0.05119861092016145
97603.6358868249,46442.02490148178,-1.7894776799402239,0.051341807829639714
99358.66453249374,46599.64071843089,-1.7833189615000788,0.05162465300917377
99358.66453249374,46599.64071843089,-1.7833189615000788,0.051879213670754425
100502.52502480596,46653.39528547392,-1.7788719710502132,0.05221949302742365
102753.52254872903,46800.02661792218,-1.7705372385382425,0.05273411276122523
104541.8762516243,46896.91523618616,-1.7637648930291112,0.05336657915937493
104541.8762516243,46896.91523618616,-1.7637648930291112,0.05393579891770965
106782.51824769563,46998.73810127068,-1.7551285455071588,0.05466400538825972
108232.08029688122,47063.68740575188,-1.7495521492732475,0.055458801117602555
110362.19632065998,47157.1676605606,-1.7413659374467096,0.05637877256967456
112459.38853607773,47229.63347888809,-1.7331391077924418,0.05741241761789606
112459.38853607773,47229.63347888809,-1.7331391077924418,0.05834269816129541
114779.93917055603,47270.93104108447,-1.7236631676096796,0.05941684915492388
116024.21245355377,47309.148854474086,-1.7187570301030428,0.06050623848685542
118174.88376883006,47338.90223276486,-1.7099100459970475,0.06170786348824369
118174.88376883006,47338.90223276486,-1.7099100459970475,0.06278932598949313
120371.3458966381,47391.86195213649,-1.701130139952266,0.06398213989173716
122064.07857486713,47384.75555937646,-1.6938525721049054,0.06523761159994082
123439.26739366466,47429.05340437008,-1.6884930360918062,0.06650152453765158
123439.26739366466,47429.05340437008,-1.6884930360918062,0.06763904618159126
125339.78590545159,47417.89399106782,-1.6802905282751142,0.0688678783565543
126947.97361220699,47461.928213633866,-1.673954851021797,0.07013221924535394
126947.97361220699,47461.928213633866,-1.673954851021797,0.07127012604527362
128500.56484988783,47441.762590814586,-1.667128983135565,0.07246488886235714
129678.95251410441,47474.02281504697,-1.662496626825695,0.07365598430547905
130681.9664939423,47447.21192491875,-1.6579243489282953,0.07484227715172377
132110.46366880104,47479.588375320265,-1.652238322646051,0.07605209137040012
132110.46366880104,47479.588375320265,-1.652238322646051,0.07714092416720883
133063.82341339314,47473.79111283539,-1.6481219017574777,0.078223784206551
133603.8434438769,47500.914143560934,-1.6461529117893858,0.07924758299116126
134310.71882197793,47495.866845424476,-1.6430926908017978,0.08024550742200019
134310.71882197793,47495.866845424476,-1.6430926908017978,0.08114363940975523
135012.05460652613,47524.13118195097,-1.640457006808093,0.08201785029857739
135193.86345514414,47564.47008385106,-1.6401721820915374,0.08281176071643122
135512.1324796885,47578.34400619827,-1.6389908615137916,0.08355581310694331
135512.1324796885,47578.34400619827,-1.6389908615137916,0.08422546025840419
135650.26431139588,47623.40178885493,-1.6389493871471952,0.08482917955388389
135336.58871346404,47652.385856584544,-1.6406254754169596,0.08533062471307151
135336.58871346404,47652.385856584544,-1.6406254754169596,0.08578192535634037
135089.7529828153,47761.48900989078,-1.6429749540622756,0.08612935896914944
135089.7529828153,47761.48900989078,-1.6429749540622756,0.08644204922067761
134442.131636164,47865.869440783,-1.6469454834447954,0.08662420721248996
133898.43554628603,47903.63452432341,-1.6496796182696845,0.08671979603449886
133898.43554628603,47903.63452432341,-1.6496796182696845,0.08680582597430687
133150.25517554625,48030.88490446836,-1.6543122295603856,0.08676743763786655
132271.93769519965,48039.61963124085,-1.658099210037605,0.08663821362313977
131640.362319192,48173.662213673546,-1.6622861959013662,0.08641723736329164
131640.362319192,48173.662213673546,-1.6622861959013662,0.08621835872942832
130289.03631262058,48215.95568432606,-1.6684187205392482,0.0858860548430043
129058.22636172903,48333.32788811806,-1.674874471813287,0.08542558756337168
128307.93029152618,48357.46840426417,-1.6782706762604105,0.08492626190052426
128307.93029152618,48357.46840426417,-1.6782706762604105,0.08447686880396157
126967.65686903053,48482.18707256947,-1.685218908897458,0.08389870920112896
125380.91630396499,48528.863239866856,-1.6923174097914149,0.08320090303623069
125380.91630396499,48528.863239866856,-1.6923174097914149,0.08257287748782224
123037.15299555846,48614.66917517686,-1.702954605625171,0.08174172459841075
123037.15299555846,48614.66917517686,-1.702954605625171,0.0809936869979404
121444.72665597494,48675.64232172866,-1.7101880810332473,0.08013961627231518
120232.57216560155,48716.0340580956,-1.7156205861709202,0.07923513999081067
120232.57216560155,48716.0340580956,-1.7156205861709202,0.0784211113374566
118397.94295065984,48691.10319533244,-1.7229608818871638,0.07750497815653186
117454.49811538149,48727.59336580471,-1.7272306909516246,0.07657371306708806
116219.1030702851,48693.46963291033,-1.7320042497682655,0.07561623551617261
116219.1030702851,48693.46963291033,-1.7320042497682655,0.07475450572034871
114616.65001560477,48717.256507772756,-1.7388694462345762,0.07380731899244944
113267.62400883368,48599.96693914903,-1.7433201248960917,0.0728435839708022
112638.50784221049,48622.324199633265,-1.7461442456486174,0.07190561943250655
111045.55951611829,48480.63337592076,-1.7514026246521672,0.07092999187295171
111045.55951611829,48480.63337592076,-1.7514026246521672,0.07005192706935236
110051.91064463438,48467.87252269915,-1.755413529768158,0.06916139611821318
109032.96307607513,48283.35987654852,-1.757918351796001,0.06829729771149183
108192.5221381895,48283.84244795077,-1.761431514647872,0.06743178007414585
108192.5221381895,48283.84244795077,-1.761431514647872,0.06665281420053447
107296.9765026388,48078.4252790336,-1.7632563499188887,0.06590612403250881
106630.10825584481,48024.0362091488,-1.7655459335173014,0.0651768632913254
105605.90501606582,47835.52411612509,-1.7680980155847068,0.06445672657257519
105334.13919874435,47806.43001833756,-1.7689730708153513,0.06378672714493389
105334.13919874435,47806.43001833756,-1.7689730708153513,0.06318372766005671
104877.1715542761,47592.67305357441,-1.768913720517326,0.06264251188111788
104137.60622679404,47493.46171682054,-1.7711246929233477,0.0621001433699224
104137.60622679404,47493.46171682054,-1.7711246929233477,0.06161201170984647
104034.55736922746,47353.96128964706,-1.770261305350541,0.06119427790509829
103865.04076251255,47275.87077281564,-1.7702525868442314,0.06081853544348268
103352.94869829524,47132.05863854143,-1.7710914153120878,0.06045939651633222
103352.94869829524,47132.05863854143,-1.7710914153120878,0.0601361714818968
103475.07304708145,47016.58900142766,-1.7694822787557791,0.05988549736481264
103372.73414302451,46985.81061667309,-1.7696307200183872,0.0596561796278717
103185.07861510516,46909.35573096072,-1.769714290607349,0.05944770439990081
103540.29272753955,46887.516731116906,-1.767980685411488,0.059303416824623534
103540.29272753955,46887.516731116906,-1.767980685411488,0.05917355800687399
103612.73779779859,46787.16438042706,-1.7667138364746002,0.05908835629432159
103553.83516316234,46821.02450304675,-1.7672902445043488,0.05899726455228071
104135.80626666105,46781.897065860474,-1.7644097992299372,0.058987293116304206
104135.80626666105,46781.897065860474,-1.7644097992299372,0.05897831882392535
104401.35351909268,46903.232804986066,-1.7644293288592812,0.05896975372005079
104622.16698590346,46872.60929817513,-1.7631866017852273,0.05899311330341503
105216.9186758285,47042.856728273546,-1.7622664270246549,0.05903714129745716
105625.62833064528,47062.877154056754,-1.7607076950291483,0.05911573479198274
105625.62833064528,47062.877154056754,-1.7607076950291483,0.05918646893705576
106083.39611371397,47303.24265330554,-1.761055827438203,0.059241426357395106
106978.42405403839,47385.444900511815,-1.7580326837307998,0.0593664666283856
107435.21443078345,47629.60313479615,-1.7584323041621408,0.059469012361493524
107435.21443078345,47629.60313479615,-1.7584323041621408,0.05956130352129065
107811.9513049917,47691.339414770984,-1.7574285635813192,0.05966945907962861
109012.41898710739,47996.43362324363,-1.755283485632822,0.0598204260308452
109406.25459218408,48215.740097800044,-1.7557193852800745,0.05994539879575882
110081.51204221162,48457.26091382987,-1.755190164565903,0.06007110480203537
110081.51204221162,48457.26091382987,-1.755190164565903,0.060184240207684266
111186.85138578709,48686.87715751619,-1.752773486293012,0.06034647902959055
111893.31800570693,49005.40514484201,-1.752859699675442,0.06049033863474545
111893.31800570693,49005.40514484201,-1.752859699675442,0.06061981227938486
112947.32508606587,49349.1590922974,-1.7517604549682049,0.06076381967724125
113864.11402671176,49534.366638535386,-1.749754690364514,0.06094357045040428
113864.11402671176,49534.366638535386,-1.749754690364514,0.061105346146251
114448.35664608605,49854.48165361706,-1.7503676498520133,0.061235620285325566
115687.55731956786,50124.387926190306,-1.7478760056382934,0.06141515811583567
116862.94234640861,50516.09216412409,-1.7467933384431356,0.06160380884317372
117294.22232971425,50653.63829126129,-1.7463433321570203,0.061784844654930844
117294.22232971425,50653.63829126129,-1.7463433321570203,0.06194777688551225
118554.44095357822,51005.441810430006,-1.7445824219401989,0.06213843864845606
119591.19759332266,51188.67809609126,-1.7421769962426181,0.062370169877545005
120547.57247843612,51537.27394520693,-1.7416217772392555,0.06259260845880912
120547.57247843612,51537.27394520693,-1.7416217772392555,0.06279280318194683
121322.32672747642,51596.53507218078,-1.7391365704757438,0.06303510860185854
122514.98438670079,51887.84731477395,-1.7371643695750036,0.0633024885022976
123143.70142180503,51956.71909690429,-1.735356080144138,0.06358833764846439
123143.70142180503,51956.71909690429,-1.735356080144138,0.06384560188001451
124567.90025939952,52164.62019561113,-1.7317568238442254,0.06416712109590741
124950.6158063786,52137.76853660333,-1.7300292901151528,0.06449967673343786
125865.79616761579,52289.3228052708,-1.727901468061784,0.06485217235854948
125865.79616761579,52289.3228052708,-1.727901468061784,0.06516941842114994
126818.98861895195,52237.151108464226,-1.7237387059938791,0.06555900892918796
126818.98861895195,52237.151108464226,-1.7237387059938791,0.06590964038642219
127884.35078009486,52164.222292994324,-1.718937788353328,0.06634523163894677
128914.3169728414,52105.680121554826,-1.7143981296831767,0.06685075523297268
128914.3169728414,52105.680121554826,-1.7143981296831767,0.067305726467596
129364.82735072132,51919.41441260107,-1.7108599070788113,0.06780365614386612
129858.8723163113,51683.60288941759,-1.706641527778147,0.06835725233502583
130369.68709652561,51498.1382468743,-1.7028181429486666,0.06895107352780659
130369.68709652561,51498.1382468743,-1.7028181429486666,0.06948551260130927
130592.7087009079,51203.328664163186,-1.6990021281281442,0.07006190813797473
131071.75234241647,50881.39956354652,-1.6938515863044483,0.07070942766656606
131218.6509491533,50420.826410595495,-1.6885211442568375,0.07142545629348851
131218.6509491533,50420.826410595495,-1.6885211442568375,0.07206988205771872
131357.80929200238,50196.897146403004,-1.685622153776936,0.07272234000752345
131292.01655285392,49683.32260831794,-1.6804365040305427,0.07343919340600753
131534.91535463667,49238.828575729975,-1.6746335631396496,0.07422943498691555
131534.91535463667,49238.828575729975,-1.6746335631396496,0.07494065240973276
131080.58162908166,48609.86331490664,-1.6695502425155713,0.0757078311058702
131175.75114943835,48282.52673177223,-1.6654678298527228,0.0765003522489651
130762.64934679402,47609.336388322,-1.6594733125057446,0.07736348421142498
130355.9127660223,47060.88222733214,-1.6547633399386714,0.0782580522918157
130355.9127660223,47060.88222733214,-1.6547633399386714,0.07906316356416736
129916.9181994332,46343.520178476654,-1.648030039499547,0.07995609622026194
129595.3986367343,45984.7335279782,-1.6450305139366612,0.08083472374981922
128727.13499636437,45239.03338834776,-1.6395353398438766,0.08176286787874039
128727.13499636437,45239.03338834776,-1.6395353398438766,0.08259819759476944
128065.03917840119,44616.26185468967,-1.6345204973028713,0.08347536540272071
128065.03917840119,44616.26185468967,-1.6345204973028713,0.08426481642987686
126500.73738816871,43464.14350193062,-1.6264384424296707,0.0851773737261474
126500.73738816871,43464.14350193062,-1.6264384424296707,0.0859986752927909
125657.50036857178,42726.9623015575,-1.6202946086437873,0.08689144254741712
124429.79480966386,42066.08596367819,-1.6168641968632458,0.08778069337109427
123709.42122227656,41595.250531656515,-1.6136060208538519,0.08866247351263856
122521.55288741257,40976.44314452333,-1.6103960287628984,0.08953632544230225
122521.55288741257,40976.44314452333,-1.6103960287628984,0.09032279217899958
121391.61776841505,40330.79966232776,-1.6063948058272919,0.09113064281541733
119891.80792522563,39693.90539637338,-1.6042763129140025,0.09191067071102554
119233.88125557448,39309.72652807521,-1.6016998531763689,0.09267710731051378
119233.88125557448,39309.72652807521,-1.6016998531763689,0.09336690025005319
117717.24177759819,38733.48334276419,-1.6004965888597382,0.09401779550355442
116388.38752892405,38223.89631548954,-1.5993371560324445,0.09463258705238786
115042.82641253804,37663.54016675797,-1.597406861075631,0.0952341568202583
115042.82641253804,37663.54016675797,-1.597406861075631,0.0957755696113417
114133.16716302364,37387.49818660795,-1.5977653498554614,0.096253878903821
112588.21942371111,36904.5434991843,-1.598151115626913,0.09667471312276608
111341.8623985709,36556.18009532275,-1.599163334795607,0.09702815844059931
111341.8623985709,36556.18009532275,-1.599163334795607,0.09734625922664922
109932.85466720596,36128.81466050819,-1.599762263713138,0.09761757671115585
108987.44107173583,35969.51639444191,-1.6023440134823907,0.0977972187029805
107834.38420151267,35607.75398149354,-1.602666224653348,0.09795084121634876
107834.38420151267,35607.75398149354,-1.602666224653348,0.09808910147838018
106431.3324031914,35402.2166833298,-1.6071107988432527,0.09810242135946086
105339.95315491167,35130.93530107461,-1.6086933428669743,0.09807484565184042
104590.60568883916,35044.73625799567,-1.6115168098489778,0.09797944084043193
104590.60568883916,35044.73625799567,-1.6115168098489778,0.0978935765101643
103517.7437043877,34831.90350653291,-1.614049574803229,0.09775297948906714
102433.70792190706,34749.96957184751,-1.6189252102649527,0.09750455128353662
102433.70792190706,34749.96957184751,-1.6189252102649527,0.09728096589855914
100997.20083234887,34639.485131134104,-1.6253892739897409,0.09691813745895972
100997.20083234887,34639.485131134104,-1.6253892739897409,0.09659159186332024
100279.5745835048,34576.66259361936,-1.628505002235166,0.09621980762110907
99731.5371549158,34585.007279401085,-1.631840184402205,0.09580182224894304
99731.5371549158,34585.007279401085,-1.631840184402205,0.09542563541399361
98701.38190078297,34648.56106257783,-1.638899411857527,0.09491058657615607
98701.38190078297,34648.56106257783,-1.638899411857527,0.09444704262210228
98440.43775568562,34721.7274585272,-1.641624266348363,0.09396173170118298
98440.43775568562,34721.7274585272,-1.641624266348363,0.0935249518723556
98003.5072841015,34799.714926794506,-1.6454358307255825,0.09303656091698047
97810.37497785507,34955.74958823029,-1.649083479185515,0.09250581784564454
97873.5315641264,35023.724200914934,-1.6498146583006366,0.09200986960356418
97547.92569391934,35198.37851877975,-1.654474369738899,0.09144702339973529
97547.92569391934,35198.37851877975,-1.654474369738899,0.09094046181628929
97716.15385098533,35325.82402017561,-1.6555298301382202,0.09045816988120485
97824.05336361229,35552.65093928054,-1.6584754268233421,0.08995046722250082
97801.65290365844,35633.47003509937,-1.6598600814138043,0.08945891846490563
97801.65290365844,35633.47003509937,-1.6598600814138043,0.08901652458306997
98043.89076662507,35874.49478053121,-1.6622160057723396,0.08855947198045448
98418.0615416203,36039.747840609736,-1.6626492473587344,0.08813729359844068
98418.0615416203,36039.747840609736,-1.6626492473587344,0.08775733305462825
98875.40292775043,36410.75455809373,-1.6657262490206737,0.08733844352364858
98875.40292775043,36410.75455809373,-1.6657262490206737,0.0869614429457669
99361.76789655555,36679.0725255337,-1.6670576425228942,0.08658885758811785
99474.20482243397,36866.06888409506,-1.6692126030805694,0.08619965675229184
99474.20482243397,36866.06888409506,-1.6692126030805694,0.08584937600004842
100221.45728783745,37124.324534500956,-1.6689388847282367,0.08554096628183767
100461.33528661894,37238.322125151826,-1.6693062766762856,0.08525421273674677
100667.69167106845,37502.71755957142,-1.6720309460099343,0.08492801781282375
100667.69167106845,37502.71755957142,-1.6720309460099343,0.08463444238129303
101325.3098018928,37695.700138325985,-1.671284459706326,0.08438888665050558
101679.82747288764,37932.347136662545,-1.6727807978432416,0.08413047803937397
101723.78152419621,38057.65162748319,-1.6743270117853108,0.0838592549408038
101723.78152419621,38057.65162748319,-1.6743270117853108,0.08361515415209066
102481.31539135543,38301.71868803142,-1.673773527726922,0.08340930054370854
102688.6627230327,38497.036723021374,-1.6754241989490062,0.08318276551561253
102918.38428153792,38702.25645268731,-1.677078817949012,0.08293751851532598
103401.25276790878,38829.58638306022,-1.6763298929170247,0.08273551934086776
103401.25276790878,38829.58638306022,-1.6763298929170247,0.08255372008385536
103554.7059198103,39042.2799455148,-1.6784618629553796,0.08233680150158533
103753.31723935726,39239.09290601491,-1.6801232271159847,0.08210004067352718
104252.36636807225,39409.79751146982,-1.6798793359281934,0.08189305320796963
104230.14568269784,39547.105549926644,-1.6818439645936611,0.08165764877233114
104230.14568269784,39547.105549926644,-1.6818439645936611,0.0814457847802565
104305.39886964794,39726.9509131671,-1.6838671775870704,0.0812045268625541
104801.46039270562,39932.59139858878,-1.6840885714397178,0.08098185989030574
104801.46039270562,39932.59139858878,-1.6840885714397178,0.08078145961528221
104541.70154918845,40079.006154387775,-1.68732757550185,0.08052012426620775
104701.4875824239,40228.91231870474,-1.6884861711562718,0.08025595756068017
104701.4875824239,40228.91231870474,-1.6884861711562718,0.08001820752570536
104963.87818027564,40382.70619008922,-1.6891744045207773,0.07978702666011539
104706.32848067589,40686.53140115045,-1.6943628152235968,0.07944925361351393
104706.32848067589,40686.53140115045,-1.6943628152235968,0.07914525787157263
104947.65026767443,40893.715016083566,-1.6958014564006232,0.07883569567439978
104947.65026767443,40893.715016083566,-1.6958014564006232,0.07855708969694422
104535.73148382023,41033.05904492703,-1.699581690894225,0.07821183845489417
104565.07173637382,41251.503087375466,-1.702157649324541,0.07783671337629124
104559.24956180404,41328.768988288306,-1.7031412855235823,0.07747450990057256
104559.24956180404,41328.768988288306,-1.7031412855235823,0.07714852677242576
104100.00539167784,41542.80361247753,-1.707997020991201,0.07673374857040316
104021.50415896103,41675.71529180703,-1.709987593511961,0.07631068387556382
103737.72826578798,41881.06917332781,-1.7138203177509659,0.0758341075442333
103378.18646955468,41961.88330283971,-1.716509017134398,0.07533797136145001
103378.18646955468,41961.88330283971,-1.716509017134398,0.07489144879694506
103131.17942111859,42167.2762829606,-1.7201086624100228,0.07439958735699999
102809.547993752,42304.03663497115,-1.723234945028129,0.07387875499559676
102809.547993752,42304.03663497115,-1.723234945028129,0.07341000587033386
102164.86459289487,42480.62085099346,-1.7283302944460432,0.0728607479221494
101900.8478083842,42638.80710025642,-1.7313768908999476,0.07229025085743578
101503.33330060088,42741.14659150628,-1.7344050665374342,0.07170109910825634
100828.53281878345,42879.94151372136,-1.7391266711170803,0.0710528224195037
100828.53281878345,42879.94151372136,-1.7391266711170803,0.07046937339962632
100378.56016995481,43013.660728450704,-1.742708835937829,0.06985471516121797
99976.49895165832,43105.78175994277,-1.7455942434866936,0.06922938755792883
99175.52238668181,43234.656000897994,-1.7507221819272074,0.06853839425395576
99175.52238668181,43234.656000897994,-1.7507221819272074,0.06791650028038
98637.78582377556,43359.94443273776,-1.754558071704161,0.06726089845973798
97930.12951493268,43444.24967158825,-1.7587312747500057,0.06656652674501405
97930.12951493268,43444.24967158825,-1.7587312747500057,0.0659415922017625
97367.88685047504,43520.868167214016,-1.7621352940333939,0.06529405063075142
96774.27184974648,43589.901017084354,-1.7655945343572683,0.06462478220874457
96058.7083875421,43674.3067511522,-1.7697619749022837,0.06391825461531302
96058.7083875421,43674.3067511522,-1.7697619749022837,0.06328237978122463
94886.96762519678,43743.7373199856,-1.7758650595263008,0.06255751531494465
94886.96762519678,43743.7373199856,-1.7758650595263008,0.061905137295292664
94240.42425256394,43750.42888316365,-1.77891076340831,0.06124185448055565
93453.943551876,43773.688936772734,-1.782763120346922,0.060548591023827036
93453.943551876,43773.688936772734,-1.782763120346922,0.059924653912771284
92962.7441198757,43742.995247616855,-1.7847246510746724,0.05931407224462735
92565.8446850144,43741.46509198349,-1.78653868069798,0.05871919800271512
91825.1019142099,43679.354880231294,-1.789350507868698,0.05811351550572616
91825.1019142099,43679.354880231294,-1.789350507868698,0.0575684012584361
91449.64920802227,43624.17644805596,-1.7905493518060367,0.05704782733744158
90908.99765666308,43525.104082798476,-1.792091370255851,0.05654076034730115
90494.4441807743,43457.42414804845,-1.7933585442948592,0.05605272070519955
90494.4441807743,43457.42414804845,-1.7933585442948592,0.05561348502730812
90235.18231634158,43323.91792507464,-1.7932713182663358,0.05522035356791891
89861.48129244248,43184.38192327871,-1.7936590880556222,0.054856841009736465
89409.7477451176,43013.624796446864,-1.7941108814482563,0.05451838487255642
89404.60498515486,42898.46091357545,-1.7930102249328845,0.054241290761978665
89404.60498515486,42898.46091357545,-1.7930102249328845,0.05399190606245868
89173.57464846938,42688.21516240403,-1.792032106880162,0.05379191278420877
88813.01760211415,42458.57354631978,-1.7914664285060051,0.05362606079313777
88813.01760211415,42458.57354631978,-1.7914664285060051,0.05347679400117386
88975.67741636522,42208.30660674178,-1.7881895827619545,0.053424375032007615
88838.16796220769,42017.34481947724,-1.78691809001046,0.05340898527854536
88562.55973907448,41730.92497928784,-1.785324217268311,0.05343498131898305
88857.66622874359,41418.615856956094,-1.780662415972355,0.05357492278777587
88857.66622874359,41418.615856956094,-1.780662415972355,0.053700870109689415
88702.37758664186,41088.451042872315,-1.7779493464844287,0.05388204943660976
88585.8893937318,40865.649534127806,-1.7761514353187784,0.05409005860997932
89091.52213071559,40504.87034554876,-1.7697431810100654,0.05443747322372975
89091.52213071559,40504.87034554876,-1.7697431810100654,0.05475014637610514
88921.25601249696,40130.01051958263,-1.7664569113058544,0.055113708955848266
88921.25601249696,40130.01051958263,-1.7664569113058544,0.05544091527761708
89489.64445571195,39459.241554103035,-1.75596077593417,0.055997804351501125
89444.07795746835,39039.588300846335,-1.751281998140938,0.05661597396282757
89444.07795746835,39039.588300846335,-1.751281998140938,0.057172326613021365
89621.61107543534,38632.36583192478,-1.7454876126784937,0.05781790363475689
89621.61107543534,38632.36583192478,-1.7454876126784937,0.05839892295431886
90012.43815366697,37934.17422971511,-1.7348041843890931,0.059188926049159644
90012.43815366697,37934.17422971511,-1.7348041843890931,0.05989992883451635
90310.10253627732,37494.574315275495,-1.7275961483490057,0.06072003224233958
90885.4143622925,37095.335184741794,-1.7192446594486919,0.06166691253188833
90885.4143622925,37095.335184741794,-1.7192446594486919,0.0625191047924822
90614.96503158982,36668.82399985644,-1.7149870266729195,0.06339251864641099
90960.94750288487,36412.65915479005,-1.7095674569585109,0.06431408035780711
91506.88643782947,35998.63119573832,-1.7007192029483211,0.06536469224831837
91232.21577795561,35643.75856257541,-1.697171144173996,0.06639894441913663
91232.21577795561,35643.75856257541,-1.697171144173996,0.06732977137287308
91774.68865428831,35279.14495076557,-1.6887394146619565,0.06837830886903686
92048.99139188878,35078.589010659714,-1.6841652118057797,0.06943634768698867
91610.66093664785,34744.783372023405,-1.6816264627138313,0.07045205135044402
91610.66093664785,34744.783372023405,-1.6816264627138313,0.07136618464755383
92229.91208262005,34471.05973103455,-1.673785038674947,0.07238494021592477
92168.61255954369,34221.31843453351,-1.670210236180609,0.07339119028981707
91920.79749044325,34065.992928008294,-1.6692012243777765,0.07432204065139095
92364.01757543869,33853.77021323769,-1.6631525716239859,0.07531102229565222
92364.01757543869,33853.77021323769,-1.6631525716239859,0.07620110577548735
92351.728562276,33675.63609124548,-1.6603170393323143,0.07707306921463075
91958.28713387629,33584.4646570684,-1.6611778004832698,0.07783631728108593
92507.98107338887,33482.84822096114,-1.6561935210323755,0.07864784752716796
92507.98107338887,33482.84822096114,-1.6561935210323755,0.07937822474864177
92339.83727836813,33423.00634464488,-1.6562104670954754,0.08003514059639072
92339.83727836813,33423.00634464488,-1.6562104670954754,0.08062636485936477
92088.83396864968,33354.85540460617,-1.6565894907143215,0.08114899110557026
92406.72575090609,33374.58805213388,-1.6549985637986697,0.0816591279000465
92406.72575090609,33374.58805213388,-1.6549985637986697,0.08211825101507511
92219.475012268,33466.96651234358,-1.6576669146544651,0.08246475304720598
92219.475012268,33466.96651234358,-1.6576669146544651,0.08277660487612375
92815.13844645086,33507.77454042599,-1.6547600465425005,0.08312994322494886
92540.57936923932,33686.3170799731,-1.6593622689570555,0.08333289217852759
92637.84414680072,33738.60154070832,-1.6596392911035864,0.08350862068308516
92637.84414680072,33738.60154070832,-1.6596392911035864,0.08366677633718698
93429.272644725,33974.36050517262,-1.658784379813958,0.08383048920811934
93226.16131075814,34133.00313665239,-1.662560215062511,0.08388343491074463
93955.86076956095,34412.945210477636,-1.6627646140592303,0.0839259760681894
94463.52011184556,34539.41195702737,-1.6618170006399404,0.08398795344537194
94463.52011184556,34539.41195702737,-1.6618170006399404,0.08404373308483623
94628.7925421736,34866.88549998501,-1.6660392956639065,0.08398837738475495
95496.91431061954,35122.95017880382,-1.6650455136448583,0.083963401805158
95496.91431061954,35122.95017880382,-1.6650455136448583,0.08394092378352075
96397.5293167883,35445.83620835643,-1.6649163682402177,0.08392392219916323
96555.8981167978,35634.860589141295,-1.6669284007219838,0.08385831996119732
97814.2764969269,35995.65295297503,-1.6653560690853724,0.08383858623794328
98836.43879672147,36319.72688777639,-1.6645706062939951,0.08384046245679908
99607.40926971888,36634.839147818835,-1.6650467702801865,0.0838302469541145
99607.40926971888,36634.839147818835,-1.6650467702801865,0.08382105300169838
100678.25991710149,36866.34308994538,-1.6626333059138902,0.0838731150536813
101931.51851648263,37196.250955319534,-1.6607240668379146,0.0839677018773653
101931.51851648263,37196.250955319534,-1.6607240668379146,0.0840528300186809
102988.92529422973,37549.47815930489,-1.6602439738211077,0.08414144767128512
104712.52071827486,37811.69228221382,-1.6548895374450558,0.0843550644680302
105564.87173608648,38062.39479936894,-1.6540523908890747,0.08456824824900032
106818.59836592322,38322.12676715151,-1.6512469083806152,0.08483025071458491
106818.59836592322,38322.12676715151,-1.6512469083806152,0.08506605293361105
108737.08716919209,38666.2894000084,-1.6462466181318187,0.08540328218695449
109975.82779272294,38862.762039550296,-1.64268734889141,0.08579577024597379
111083.70144075532,39095.302249160304,-1.6403681187267927,0.0862069902532066
112930.93067584916,39261.928246180825,-1.633315061551214,0.08675341468910559
112930.93067584916,39261.928246180825,-1.633315061551214,0.08724519668141469
114349.85429876002,39544.57819654944,-1.6302264623061027,0.08776501545562064
116051.28294179283,39672.925681611414,-1.6234674647020346,0.08840182729250771
116051.28294179283,39672.925681611414,-1.6234674647020346,0.08897495794570608
117297.04386477408,39851.89445618877,-1.6198143484736423,0.08958210343929442
118570.42655511656,39937.950151206875,-1.6146658083466152,0.0902572478866996
120318.37209340598,40125.30357584068,-1.6086791367675333,0.0910145446788413
120318.37209340598,40125.30357584068,-1.6086791367675333,0.09169611179176884
121793.76971126742,40203.2906135654,-1.602454239542678,0.09246514462402503
122623.60190378984,40298.64015746233,-1.5997483034029472,0.09322492257654885
124130.39984258953,40317.42775891215,-1.592500700198732,0.09408991281392567
124130.39984258953,40317.42775891215,-1.592500700198732,0.09486840402756481
125401.50599083675,40379.27202633359,-1.5871058902715585,0.09570391636801938
126049.30980483686,40364.659051623734,-1.583644277500274,0.09654241779371059
127385.66303804908,40410.34028346968,-1.577689940731429,0.0974459274960538
128308.30231539156,40390.00948857828,-1.5727655364222237,0.09838219633589283
128308.30231539156,40390.00948857828,-1.5727655364222237,0.09922483829174795
129086.27098496282,40338.42705464549,-1.5680591803020867,0.100100874955021
130050.67439314241,40334.1710954628,-1.5631714637851932,0.10101150086488907
130271.26547396048,40260.777942982604,-1.5608822450787454,0.10188829465143154
130271.26547396048,40260.777942982604,-1.5608822450787454,0.10267740905931974
130792.94312539174,40210.28448785221,-1.5574480831742714,0.10347346607403099
131188.90076972893,40070.07687146242,-1.5531620369621484,0.10429706854257419
131216.21716795894,40024.861411453385,-1.552278938562599,0.1050603882242518
131216.21716795894,40024.861411453385,-1.552278938562599,0.10574737593776165
131245.40986257608,39890.78398118838,-1.5499103106153105,0.10642488057860272
131300.23048093685,39825.20640341805,-1.5485407993588367,0.10706887253677154
130729.85617189216,39648.10020284917,-1.5484720156353262,0.10765018489221123
130729.85617189216,39648.10020284917,-1.5484720156353262,0.10817336601210695
130520.18419663394,39576.28981770422,-1.5483339625434671,0.10864768034730958
130042.36043263056,39454.543927054714,-1.548723844496776,0.10906481620015923
129178.13727386876,39385.724975845056,-1.5519859676662895,0.10935868538848607
128492.49669610782,39219.91099471302,-1.5527147551184861,0.10960494797167532
128492.49669610782,39219.91099471302,-1.5527147551184861,0.10982658429654564
127298.36058247634,39131.4423236825,-1.5573729130752454,0.10990960304000993
126467.44400885336,39010.805793883796,-1.5596385450748513,0.10992767910913767
125522.9693133764,38948.291078806775,-1.5634776942193116,0.10984796884274112
125522.9693133764,38948.291078806775,-1.5634776942193116,0.10977622960298422
123998.56340695002,38834.200416884014,-1.569481705729779,0.10956156399944134
122645.63574726431,38745.099676856684,-1.5750402125316543,0.10922940228620585
121901.10313395236,38708.94679178979,-1.5783213400572502,0.10884842855615401
121901.10313395236,38708.94679178979,-1.5783213400572502,0.10850555219910735
120168.77336553585,38655.84528877974,-1.586482618455206,0.10799293151781647
118923.09263419245,38615.793150918864,-1.5923350612523803,0.10738526183472533
118923.09263419245,38615.793150918864,-1.5923350612523803,0.1068383591199433
116509.27015619571,38532.38567252819,-1.6036186093737885,0.10606405797360426
116509.27015619571,38532.38567252819,-1.6036186093737885,0.10536718694189912
115423.31410148393,38499.667498901974,-1.608786368124687,0.10461080904459202
114405.48948553852,38546.31316414966,-1.6148402236717379,0.10377872254833938
114405.48948553852,38546.31316414966,-1.6148402236717379,0.10302984470171199
113025.46787777726,38609.21621853601,-1.623019784407936,0.1021513656213424
113025.46787777726,38609.21621853601,-1.623019784407936,0.10136073444900977
112407.53455662871,38616.073187263784,-1.6263501138070218,0.10056590815893325
111954.6285520679,38745.18267258832,-1.6306615894487175,0.09974277760682199
111954.6285520679,38745.18267258832,-1.6306615894487175,0.09900196010992185
112163.27908992428,38734.224722982195,-1.629411002961483,0.09836648902489259
112276.29777382714,38887.23484593063,-1.6311218432082508,0.09775179404219707
112636.57281756472,38947.50016901451,-1.6301577790648438,0.09722267016135626
112636.57281756472,38947.50016901451,-1.6301577790648438,0.09674645866859953
113806.46609755736,39136.07203625403,-1.6269410519772405,0.09639828650230857
114362.98271518409,39196.127631183685,-1.6249771929547658,0.09613402802820857
115683.14341077341,39421.37531856315,-1.6215873380312986,0.09598094177460526
115683.14341077341,39421.37531856315,-1.6215873380312986,0.09584316414636226
117805.94029550983,39555.9901985457,-1.6127828776650186,0.09593927579010057
119586.26034169713,39780.21160596797,-1.6071454684530182,0.09616671149976506
121291.4789613245,39876.349328571356,-1.599986623038499,0.09655037477382608
124345.35019283176,40132.409853724996,-1.5885599684225364,0.09718133808588006
124345.35019283176,40132.409853724996,-1.5885599684225364,0.09774920506672864
127060.55199903743,40337.61470704429,-1.5781689545359894,0.09852006069665604
130749.26368187225,40567.8235187463,-1.563443668669848,0.09958196291024424
134487.82037531736,40843.441501967456,-1.5493770372874598,0.10088934068703333
134487.82037531736,40843.441501967456,-1.5493770372874598,0.1020659806861435
136877.28827590967,40999.769511730985,-1.5401601479788858,0.10335537891805702
141347.78789979505,41276.002224536096,-1.522831973156646,0.10494904169733517
145768.6259937524,41511.39340795362,-1.5052793788234184,0.10682215305701619
145768.6259937524,41511.39340795362,-1.5052793788234184,0.10850795328072911
150169.49327623012,41837.408030155515,-1.4895917510848933,0.11041736417553387
153631.1461307493,41979.94456900236,-1.4754267731412676,0.11248995842944878
158475.51869041077,42301.80855124609,-1.4579557146124993,0.11479206972119142
158475.51869041077,42301.80855124609,-1.4579557146124993,0.1168639698837598
163234.28641797573,42547.24974117471,-1.439766778009718,0.11918340344514086
168681.44539202354,42895.58418394086,-1.4204497801412999,0.12175381859709428
171884.0190265003,43057.832408114526,-1.4084440194714454,0.12436733625059872
171884.0190265003,43057.832408114526,-1.4084440194714454,0.12671950213875272
176795.676093533,43423.038113754985,-1.392411394835607,0.12923726705398728
182168.85113664714,43713.08290634257,-1.3730798067543002,0.13198654517973105
185377.29023138748,43985.34298811635,-1.3635760544378404,0.13469848930081194
185377.29023138748,43985.34298811635,-1.3635760544378404,0.13713923900978475
190097.33332374832,44293.45850278413,-1.3480054695857209,0.13972517836916326
195350.60377310924,44692.434849195306,-1.332035038468004,0.14245178457054683
199668.56118338188,45049.45246790675,-1.319697011770951,0.14521418081921839
202792.070974222,45328.67158686458,-1.3113103736074103,0.1479100033971113
202792.070974222,45328.67158686458,-1.3113103736074103,0.15033624371721493
207527.40469482832,45706.530794357284,-1.2978821221089285,0.15285556629277025
211543.92689672072,46139.06035792508,-1.2889145158324964,0.15534714676768083
215829.0990715873,46583.09509529573,-1.279181425025335,0.15783289646527937
218709.22509889578,46886.17680914252,-1.272836330365468,0.16022869855961475
218709.22509889578,46886.17680914252,-1.272836330365468,0.16238492044451658
222209.55710959132,47352.5867844033,-1.2671974054670994,0.16446649326338744
226163.74186774637,47822.09837728644,-1.2598171818810542,0.16652441439002236
226163.74186774637,47822.09837728644,-1.2598171818810542,0.16837654340399377
229899.95953769158,48353.993041024645,-1.2547283046121476,0.1701706814482907
231984.34543108218,48670.46627638129,-1.2523274052997093,0.1718454281709689
235748.18072411773,49226.98981877033,-1.2477773037457336,0.17346645276022868
235748.18072411773,49226.98981877033,-1.2477773037457336,0.17492537489056248
239166.34986434612,49743.581322608305,-1.2439511518498745,0.1763340586052594
242486.82376072067,50344.012234166265,-1.2422150179346028,0.17764527729636836
244983.7563835189,50699.22352985945,-1.239089916932368,0.17890350164342234
248586.2384957283,51324.535049079976,-1.236808435916027,0.18009294058117942
248586.2384957283,51324.535049079976,-1.236808435916027,0.1811634356251608
251940.53014326975,51901.677964223585,-1.2346376397186358,0.18218115106967883
256202.94493186427,52545.68267275873,-1.2302786682504514,0.18320606925644967
258614.6804592368,52945.37689891712,-1.228516325890807,0.18417255418353454
258614.6804592368,52945.37689891712,-1.228516325890807,0.18504239061791092
262764.4709153048,53613.10779924726,-1.2251768346585623,0.1859087306896558
267533.5955913968,54255.729499754394,-1.2191598267012547,0.18683886195315888
272106.0404845658,54923.91913425508,-1.214470936740496,0.1877932023393306
272106.0404845658,54923.91913425508,-1.214470936740496,0.18865210868688514
275530.83205455274,55370.75888158269,-1.2100622530965892,0.1895353414907819
281445.8334755974,56059.336520591496,-1.201114144680714,0.19055395372468587
287124.7284982179,56757.297861797764,-1.1933904702587386,0.1916637965957488
287124.7284982179,56757.297861797764,-1.1933904702587386,0.19266265517970546
293748.6255735329,57438.24772704707,-1.1822338475004364,0.19384054347422403
300961.3732735233,58163.98550159038,-1.170100137438501,0.1952039856908391
305592.35023493366,58614.82008283847,-1.1621968109439336,0.19662866684815686
313856.8627134785,59346.441395739224,-1.1470817253308188,0.1982887570300707
313856.8627134785,59346.441395739224,-1.1470817253308188,0.19978283819379317
322264.0742207258,60034.81946479455,-1.1310771715399897,0.20152762508591412
331218.23807655677,60766.014168601396,-1.1143945775010744,0.20351499813979584
337690.4726023739,61220.54627329543,-1.1012417794262293,0.20563245384016055
337690.4726023739,61220.54627329543,-1.1012417794262293,0.20753816397048877
347769.6811576684,61955.33945064607,-1.081635789924406,0.20974345282532975
357943.54220872285,62654.38112228296,-1.0615283302393912,0.212230899286812
365565.286626705,63143.001764046465,-1.0461086410933116,0.21485509333079802
365565.286626705,63143.001764046465,-1.0461086410933116,0.21721686797038545
376598.19726139813,63831.68662983835,-1.023858999139217,0.21989870619486648
388184.1881301899,64539.086452382006,-1.0007080989206747,0.22289113310236297
400411.39877411415,65242.417812528816,-0.9760010816938521,0.2262019927497804
408395.70247711526,65698.5961348827,-0.9600940229960563,0.22957944289990095
408395.70247711526,65698.5961348827,-0.9600940229960563,0.23261914803500944
420616.2191354064,66382.08759938921,-0.9358873318093403,0.235960049936275
433354.177482601,67041.50360627098,-0.9101510803293691,0.23961026793441328
433354.177482601,67041.50360627098,-0.9101510803293691,0.24289546413273772
445666.85638976237,67732.32748262538,-0.8867977023624988,0.24643597516040147
454024.2261017127,68144.20717386316,-0.8700929504840892,0.2500400538822591
466737.2914709852,68815.821441747,-0.8459617123077563,0.25388700568633926
478576.79479689256,69422.89523628574,-0.8235403684388481,0.25790979590673413
478576.79479689256,69422.89523628574,-0.8235403684388481,0.2615303071050895
490933.10644713824,70083.70723125468,-0.801103705534033,0.26534968375622975
498633.10145612847,70467.58754565916,-0.7867699762609517,0.269145465974083
509826.0222819729,71109.58576865034,-0.7679191566906243,0.2730329404594091
509826.0222819729,71109.58576865034,-0.7679191566906243,0.2765316674962026
520766.46323824214,71668.05441181659,-0.7484098400954465,0.2801682547441962
531017.230434284,72267.67582728402,-0.731970897002947,0.2838521568447029
537252.0054135291,72606.36886478485,-0.7215709035149475,0.2874276685723589
546724.2415144467,73185.99888560557,-0.7072949649404904,0.29100252759161077
546724.2415144467,73185.99888560557,-0.7072949649404904,0.29421990070893744
554869.9697095678,73692.64887778,-0.6953666194595686,0.2974137451515545
562377.3942625233,74198.05297755823,-0.6853095537783577,0.3005396317919401
567070.296833028,74524.35465022792,-0.6793056761513175,0.3035030267089632
567070.296833028,74524.35465022792,-0.6793056761513175,0.3061700821342839
573029.8272885197,75007.37587193596,-0.6731673969025289,0.30872388899829234
578229.9227560326,75458.74823608955,-0.668487915804014,0.3111393022033627
578229.9227560326,75458.74823608955,-0.668487915804014,0.31331317408792614
582558.5029292061,75845.80460155709,-0.6648665395873511,0.3153601931894498
584788.6560201517,76125.09343892,-0.6646415104657293,0.3172081361088616
587542.6314430592,76479.01255676472,-0.6645487650586912,0.3188736033715082
589595.8241187088,76865.6914214467,-0.666954627165831,0.3203123773552116
589595.8241187088,76865.6914214467,-0.666954627165831,0.3216072739405447
590331.5541045613,77130.57823099896,-0.6703417735791843,0.32268800220701066
590796.5454928417,77384.05323266801,-0.6741839467878111,0.32356460331661435
590464.1266533622,77611.60507163484,-0.6795593139048519,0.3242191601373316
590464.1266533622,77611.60507163484,-0.6795593139048519,0.3248082612759771
589436.3363447957,77915.41362426849,-0.6881978912699451,0.3251224878666308
587957.2249088787,78083.48083129112,-0.6952984259752921,0.32522777843058537
586573.5445952358,78262.36003542422,-0.7023313775706616,0.3251467161482603
583904.2812985479,78374.40320746691,-0.7113562713218377,0.32484813775038834
583904.2812985479,78374.40320746691,-0.7113562713218377,0.3245794171923036
581274.9133324322,78556.24063236896,-0.7215792809574825,0.3240819934491362
581274.9133324322,78556.24063236896,-0.7215792809574825,0.3236343120802855
575706.2491950312,78717.32276218482,-0.7388911621664995,0.32279860181809444
575706.2491950312,78717.32276218482,-0.7388911621664995,0.3220464625821225
572353.1320317194,78733.82944916529,-0.7477847834029435,0.3211471967388367
572353.1320317194,78733.82944916529,-0.7477847834029435,0.3203378574798794
568693.3458692388,78763.09570922815,-0.7576954502714068,0.3193616854751063
563304.0286629898,78722.26085307563,-0.7707400939289174,0.31815701457937273
563304.0286629898,78722.26085307563,-0.7707400939289174,0.31707281077321253
560116.7673513667,78636.34382062194,-0.777334230145301,0.31593217394225875
560116.7673513667,78636.34382062194,-0.777334230145301,0.31490560079440033
557565.4189561644,78487.33128415009,-0.7811607374083196,0.3138860222797523
555350.8581026711,78374.54092817975,-0.7847956396013032,0.3128775290617445
554084.3445116354,78202.09163282807,-0.7849105026379491,0.31196701358962137
554084.3445116354,78202.09163282807,-0.7849105026379491,0.31114754966471053
553134.514990005,78030.55774122498,-0.7842245544390749,0.3104271808372626
552541.898403532,77736.33483520075,-0.78035307322751,0.3098756359228486
552809.2133053993,77621.44760402317,-0.7775382814573751,0.3094496152941294
553996.9415381852,77278.16772368381,-0.7680632347545786,0.30930307289585196
553996.9415381852,77278.16772368381,-0.7680632347545786,0.3091711847374023
556147.4886165799,77014.20293832042,-0.757481674440256,0.3093170244026557
559451.0240531588,76614.70317770081,-0.7411999205113479,0.3098553239496064
562508.7121108484,76406.34167209598,-0.7291193421718977,0.3106418080003483
567736.4238532458,75961.06845935537,-0.7065480469205929,0.31191392602729867
567736.4238532458,75961.06845935537,-0.7065480469205929,0.313058832251554
574773.0717313644,75594.50406701023,-0.6804794649119229,0.31474096240360055
582935.356567945,75153.92369394783,-0.6496023935283639,0.3170268063250314
592671.1804626115,74701.51778745769,-0.6138627242423919,0.31997755758646845
592671.1804626115,74701.51778745769,-0.6138627242423919,0.32263323372176184
600094.1723254194,74422.42369057484,-0.587760288866272,0.3256759031279288
612363.1808874591,73968.60053349486,-0.5443539270601919,0.32949946463863117
626176.0824484813,73537.35829248355,-0.4967056249841026,0.3341318775501655
626176.0824484813,73537.35829248355,-0.4967056249841026,0.3383010491705464
641627.2189165449,73021.9796785035,-0.4419397559682117,0.3434224503542865
652579.4755852794,72746.74016632521,-0.4048911822879333,0.3489579257616595
670438.1545411623,72248.33419544829,-0.34259169348015867,0.3554973408484896
670438.1545411623,72248.33419544829,-0.34259169348015867,0.36138281442663667
689876.3355811452,71860.15359230887,-0.2779621356438646,0.3682954795928764
710143.3146381881,71359.62467074761,-0.20713986699613415,0.37628743495868544
724819.6538834193,71155.15616238632,-0.1597997190776303,0.38466369848587617
747471.7574584637,70685.06974207549,-0.08154754050344842,0.39415864012470236
747471.7574584637,70685.06974207549,-0.08154754050344842,0.40270408759964593
771097.4420047777,70371.5275973846,-0.004376992485947285,0.4123242540275327
787522.9705466549,70054.6738154103,0.052875010582516854,0.4224137038893424
812986.8585225351,69788.70686081497,0.13505854088459232,0.433548797022523
812986.8585225351,69788.70686081497,0.13505854088459232,0.44357038084238554
838592.8397503253,69409.88374493475,0.22223614352034873,0.45476924634615573
865622.3150531114,69173.11268405775,0.3093365077682791,0.46702573440574713
883383.3763861243,68954.888046038,0.36923931471773447,0.4795541438331158
883383.3763861243,68954.888046038,0.36923931471773447,0.4908297123177476
910404.5285661643,68791.62585283598,0.4545448492992232,0.5031103623184534
937972.2426883362,68561.23963603361,0.5445588083570184,0.5164132962955336
964967.2088732308,68395.6611666319,0.630792913169329,0.5305417894952135
982837.0070674516,68293.40098723203,0.6877950261470698,0.5446824861993689
982837.0070674516,68293.40098723203,0.6877950261470698,0.5574091132331087
1010042.8321330824,68207.15548022748,0.771864235235643,0.5709648077906889
1035841.9923634244,68149.61518760084,0.8506929090272884,0.5851356497373023
1061314.0043100552,68040.14327278365,0.9310843289837675,0.5998991929881663
1061314.0043100552,68040.14327278365,0.9310843289837675,0.6131863819139439
1078078.9769993306,68072.21471072835,0.9792465636242966,0.626348907813157
1101506.0237465382,68032.64324574379,1.0505147366118381,0.6399768854471373
1124330.297525409,68133.50194355636,1.1132088491890837,0.6538094181321508
1124330.297525409,68133.50194355636,1.1132088491890837,0.6662586975486628
1145803.3600198412,68079.629626001,1.1794190205235626,0.6791183033068856
1158891.0841828398,68214.00586065305,1.211410158719959,0.691491726944196
1177823.3887170553,68200.02423238075,1.2680685309515216,0.7040442675235645
1177823.3887170553,68200.02423238075,1.2680685309515216,0.7153415540449961
1195325.373743218,68396.52898356985,1.3096472838540885,0.7265485807368488
1210126.492464572,68385.14882848563,1.3538612731130208,0.7377402544909895
1219874.1855995469,68555.58283916622,1.3736543982705134,0.7483075889986534
1232282.82301501,68536.58788663567,1.4111433365746566,0.7587554135131545
1232282.82301501,68536.58788663567,1.4111433365746566,0.7681584555762054
1242328.4422249722,68726.14226324126,1.4306107902897982,0.7771078797758298
1251314.5075848508,68741.17201822466,1.456164250235537,0.7858011980541353
1255870.7919654648,68868.05487266098,1.4627398935319111,0.7937895755870196
1255870.7919654648,68868.05487266098,1.4627398935319111,0.8009791153666154
1260434.00647986,68853.65133358516,1.4768678495777336,0.8078029000693971
1264319.3979621595,68974.51261016427,1.4817567726905363,0.8140665293797209
1265198.9523261578,69026.48278763882,1.4815433884549745,0.8196984611531232
1265198.9523261578,69026.48278763882,1.4815433884549745,0.8247671997491852
1264752.952779137,69082.6611264018,1.4772375283250272,0.8292214179823925
1263569.6973028483,69073.8266837424,1.4742565292022178,0.8331556894142087
1259498.0531580162,69069.37619941763,1.462611443443261,0.8364054065588693
1259498.0531580162,69069.37619941763,1.462611443443261,0.8393301519890639
1254297.950457839,69112.03788010968,1.4451758808189452,0.8415265338106311
1250357.373296129,69037.42583988469,1.4376240631634123,0.8433144820086533
1242109.207151809,69001.79820829451,1.4154140291258408,0.844368384535934
1232915.9224431568,68842.34386091276,1.3969003469520123,0.844854054756141
1232915.9224431568,68842.34386091276,1.3969003469520123,0.8452911579543272
1223126.9995947513,68833.72844241702,1.3686864050968541,0.8449792022863158
1215008.4993504363,68663.62872093655,1.3537265163308838,0.8443244449659564
1203168.0444184074,68592.16783365107,1.3226469491674657,0.8429581741985475
1203168.0444184074,68592.16783365107,1.3226469491674657,0.8417285305078794
1190689.88993431,68307.8934143867,1.3005393702750399,0.8400691617139675
1190689.88993431,68307.8934143867,1.3005393702750399,0.8385757297994467
1167650.1192082628,67960.16567169571,1.2501807504429525,0.8359726755805759
1167650.1192082628,67960.16567169571,1.2501807504429525,0.8336299267835922
1154032.2064480425,67832.30628163753,1.2162415261268618,0.8306729722584045
1139010.9355122668,67465.95374430087,1.1899835841355455,0.8273552646359528
1139010.9355122668,67465.95374430087,1.1899835841355455,0.8243693277757461
1115882.192382134,66992.03269801295,1.1444660716493609,0.8205440467894056
1115882.192382134,66992.03269801295,1.1444660716493609,0.817101293901699
1101241.4798410668,66782.09083461882,1.110830370863952,0.813161923783128
1088198.8860765817,66376.98351480078,1.0915093596360081,0.8091334653957154
1088198.8860765817,66376.98351480078,1.0915093596360081,0.8055078528470441
1074722.258479878,66076.26772362659,1.065437057211967,0.8015929939926388
1065943.6334535917,65785.06442115769,1.053051233240534,0.7977599754243883
1054370.416890479,65495.80177081005,1.0318581369181536,0.7937804313049033
1054370.416890479,65495.80177081005,1.0318581369181536,0.7901988415973668
1042797.1112718099,65107.02710604816,1.0154037803633211,0.7865640519467131
1035289.4513947471,64911.27005128546,1.0018263188348917,0.782953304722914
1025927.5997209509,64501.8049826392,0.9929787453908745,0.7794824428853945
1016456.4511713003,64170.36922334783,0.9797871897481352,0.7760288783405584
1016456.4511713003,64170.36922334783,0.9797871897481352,0.772920670250206
1003548.1657642411,63621.284276356404,0.9664460725985291,0.7697897550401487
1003548.1657642411,63621.284276356404,0.9664460725985291,0.766971931351097
996650.771568523,63285.24841681824,0.9613599289866509,0.7643087364406536
996650.771568523,63285.24841681824,0.9613599289866509,0.7619118610212545
990609.2782190826,62941.34932065008,0.9593564799396642,0.7597045869176208
986023.2014390047,62703.76768918963,0.9566340638575902,0.7576499798222984
981297.564922631,62344.59185809666,0.9596164899060808,0.7558753940877206
978896.2395125626,62237.99612691321,0.9572732069767595,0.7542196848533675
978896.2395125626,62237.99612691321,0.9572732069767595,0.7527295465424497
976096.291816198,61931.40336593533,0.9638550750774684,0.7515529687651414
973045.0322830082,61794.25182794701,0.9609531333922253,0.7504215002234329
973045.0322830082,61794.25182794701,0.9609531333922253,0.7494031785358952
971167.4016135901,61515.66793761344,0.969174844023287,0.7486922317828879
970066.5733158744,61483.25187495293,0.9672436006935368,0.7480040986219375
968069.5191962477,61244.98955802188,0.9730433783566322,0.7475297732186597
968069.5191962477,61244.98955802188,0.9730433783566322,0.7471028803557096
965952.7849107765,61039.16047091387,0.9767971637282951,0.7468125214133461
965952.7849107765,61039.16047091387,0.9767971637282951,0.7465511983652189
963980.9932602675,61037.667499680814,0.9703635052534605,0.7461551661600335
962457.811722539,60912.061560300346,0.9718875378379404,0.7458368379899787
962457.811722539,60912.061560300346,0.9718875378379404,0.7455503426369293
960381.7461941864,60949.636699713206,0.9630580642239094,0.7450717599788341
957526.4808555262,60939.192506198415,0.95415789696731,0.7444185314051335
955658.6736135207,61012.42973363298,0.9441851876679135,0.7435813079563179
955658.6736135207,61012.42973363298,0.9441851876679135,0.7428278068523839
952147.8947015726,61038.3011951142,0.9312530062815884,0.7418263513241852
947480.2285884869,61163.387610607846,0.9094395107235204,0.7403797039598546
942460.0779324289,61323.90582325605,0.8847648410738528,0.7384608545907155
938478.8378303226,61427.32385082754,0.8664849932751737,0.7362768939635234
938478.8378303226,61427.32385082754,0.8664849932751737,0.7343113293990504
931256.7207676929,61625.90692353588,0.8329385326945925,0.7317036597765102
923665.1136860139,61841.38678935938,0.797580067599854,0.7284727954888555
923665.1136860139,61841.38678935938,0.797580067599854,0.7255650176299664
914494.8374141818,62173.757789707415,0.7517546975164949,0.7218023833048821
907728.0942081583,62343.27895468398,0.7218141413400373,0.7176674985078949
897044.296417209,62720.694059919944,0.669817946334331,0.7126461973154637
884996.6395303976,63037.7650662256,0.61679319821384,0.7068014075392633
884996.6395303976,63037.7650662256,0.61679319821384,0.701541096740683
871677.2166559051,63515.94176744181,0.5532183828879755,0.695217446638814
862609.3775682921,63736.65099225281,0.5149613435762483,0.6885697355643389
847634.9812572835,64251.48588833086,0.44612366802035114,0.6808658537084138
847634.9812572835,64251.48588833086,0.44612366802035114,0.6739323600380812
831560.8075730393,64657.56944052578,0.37931057194582374,0.6660218883329188
820803.3264806216,65047.025273729225,0.330453018862838,0.6576810249711978
803364.694199657,65494.74117546989,0.25939492591347885,0.6483977956219151
803364.694199657,65494.74117546989,0.25939492591347885,0.6400428892075607
785198.322695971,66085.88551898127,0.18186798776393118,0.630585299980903
766736.1650498968,66572.5997111675,0.10845758364868287,0.6202382095740298
753825.7406296564,66998.56050983703,0.05485531476590673,0.6095857714857744
733993.4582238334,67488.07583035874,-0.020829672859112934,0.5981064525157191
733993.4582238334,67488.07583035874,-0.020829672859112934,0.5877750654426694
714423.6130771365,68085.25828927456,-0.09799647046918523,0.5765476471366728
693670.2569365281,68606.80393483806,-0.17505036148075795,0.5645166233859866
693670.2569365281,68606.80393483806,-0.17505036148075795,0.553688702010369
680136.4768469795,68986.88792893138,-0.22582324373374776,0.5426742507159885
659707.7441637977,69471.4314263398,-0.2989581262048584,0.5309328724892682
638750.2718051458,69986.47527885278,-0.3734054992420971,0.518504447759289
618244.1190823881,70472.5577431001,-0.4447483319664684,0.5055352946841984
618244.1190823881,70472.5577431001,-0.4447483319664684,0.4938630569166169
604679.3735160857,70772.98818273222,-0.4908893970390946,0.48220451629897787
583788.0971426417,71177.81661428993,-0.5598476534111733,0.46998787333380077
583788.0971426417,71177.81661428993,-0.5598476534111733,0.45899289466514137
563734.1497087417,71518.13032641883,-0.6242360860136952,0.4474877030482849
543804.7277802662,71876.00846556017,-0.6880381095740364,0.4355379800041055
530345.3670629495,72006.51583979033,-0.7284797629175656,0.42377218793075583
511237.0950840799,72258.64337823416,-0.786964217069508,0.4117208637109425
511237.0950840799,72258.64337823416,-0.786964217069508,0.40087467191311055
492069.7976757964,72370.46549320893,-0.8425540794542463,0.38972335273544334
473463.1364089625,72519.58883307417,-0.8970905548537741,0.37832375359055465
461465.98492505116,72507.8720960594,-0.9302299928471395,0.3672356284103207
461465.98492505116,72507.8720960594,-0.9302299928471395,0.3572563157481102
443788.6123580635,72535.30167452054,-0.9798396531823937,0.34703469284373933
426286.0688767043,72392.27083777082,-1.026137788696145,0.3366777788419618
410036.89905845,72265.25156307488,-1.069375850802208,0.32627560468771044
410036.89905845,72265.25156307488,-1.069375850802208,0.3169136479488842
398950.70117464464,72058.05140543265,-1.0970991337777414,0.30779480480955224
383265.43933279003,71808.42476863929,-1.1372493556703882,0.2985840904368373
368284.0489747085,71403.86936592546,-1.1734460613223916,0.2893895298600938
368284.0489747085,71403.86936592546,-1.1734460613223916,0.28111442534102465
353438.38957309694,70965.22718268615,-1.2091879351589445,0.27277328442794857
344034.834320782,70615.78362110157,-1.2310623721469693,0.2647193966814795
330662.0071683528,70057.8310351939,-1.2617178089324506,0.25670451179002024
317309.6654012324,69398.99497366058,-1.2914682262527484,0.24874735495469952
317309.6654012324,69398.99497366058,-1.2914682262527484,0.24158591380291086
304824.49864460266,68650.02203046392,-1.318072412505678,0.23447551210997783
296899.0379745486,68128.3169376429,-1.3346676732378757,0.22766126906803316
284892.1529476903,67275.66791237188,-1.3595095217342166,0.22090740411787443
284892.1529476903,67275.66791237188,-1.3595095217342166,0.2148289256627316
274009.94970390265,66400.63465212772,-1.3812957877937562,0.20881363840161454
263153.7684413969,65394.720479209696,-1.40196369808229,0.20288318210939585
256266.35870344334,64773.33179352991,-1.4156155222252325,0.19720447584282547
256266.35870344334,64773.33179352991,-1.4156155222252325,0.1920936402029121
246422.57934234492,63685.444348262514,-1.4331493586760413,0.18705554221571985
237051.39039063716,62643.713673789345,-1.4503332745184812,0.18209165613118586
237051.39039063716,62643.713673789345,-1.4503332745184812,0.17762415865510525
222317.37489293175,60733.93262809187,-1.4752490939766774,0.17298051544017778
222317.37489293175,60733.93262809187,-1.4752490939766774,0.16880123654674306
213781.91733689606,59500.202507375296,-1.4888657323278756,0.16469946958387185
205812.47220226377,58342.142774308166,-1.5020243730686376,0.16067891329876874
205812.47220226377,58342.142774308166,-1.5020243730686376,0.15706041264217593
198438.2491155536,57104.25218352353,-1.5126399651356226,0.15353837224956776
193459.25397847148,56326.52516836125,-1.5207862961531624,0.15016487762078193
186345.286628914,55075.54570954829,-1.5310975641101432,0.14687095075595014
186345.286628914,55075.54570954829,-1.5310975641101432,0.14390641657760153
179844.07232620567,53880.870696609534,-1.540297195684661,0.14100834502772486
173297.84518331965,52699.8745298016,-1.5502583447290723,0.13815105190672558
169200.6263025212,51906.38391241022,-1.5560364605712262,0.13543503520177236
169200.6263025212,51906.38391241022,-1.5560364605712262,0.13299062016731447
163533.9845234869,50751.28504953656,-1.5635881094716655,0.13060185541379138
157613.52687015184,49604.79667120758,-1.5726342834004354,0.12822581278740136
157613.52687015184,49604.79667120758,-1.5726342834004354,0.12608737442365034
149120.19162532466,47837.550851092004,-1.5847617307247275,0.12385959371316713
144067.88957815678,46876.50761850065,-1.5936048913282737,0.12163351205864358
144067.88957815678,46876.50761850065,-1.5936048913282737,0.11963003856957238
139520.828376013,45878.15370804524,-1.6001020739348222,0.1176644828642446
139520.828376013,45878.15370804524,-1.6001020739348222,0.11589548272944959
132232.4465629294,44433.70136245632,-1.613238016386493,0.11397498404684231
132232.4465629294,44433.70136245632,-1.613238016386493,0.11224653523249577
128575.58996008123,43706.066076402,-1.6201165738938892,0.11051896736189896
128575.58996008123,43706.066076402,-1.6201165738938892,0.10896415627836184
124854.98296458284,42928.43474789936,-1.6268450497639597,0.10739661440642667
121328.06326564567,42318.46128444338,-1.6351942319241,0.10577709716768151
119350.77267425584,41874.30027006179,-1.6385824792966923,0.10423482546849605
116413.15433367614,41388.368776580755,-1.6461440832851126,0.10265774083951863
116413.15433367614,41388.368776580755,-1.6461440832851126,0.10123836467343895
113535.99555574564,40883.713377103646,-1.6533311550100294,0.09978124933084433
111271.36052850606,40494.1380720059,-1.6592187354648977,0.09832265601113745
109687.96125065068,40249.170942481236,-1.66377745655935,0.09689595399603995
109687.96125065068,40249.170942481236,-1.66377745655935,0.09561192218245221
107479.61112779143,39986.45437020325,-1.67130059876935,0.09426821499497323
105878.01198031934,39767.86764439996,-1.6764405784935132,0.09293037903313808
104031.23075795868,39579.410015816036,-1.6832906211105032,0.0915550756020617
103078.57988100381,39526.66352873514,-1.687441789073557,0.09021352331501661
103078.57988100381,39526.66352873514,-1.687441789073557,0.08900612625667603
101951.85647407496,39445.593909423726,-1.6921191293555686,0.08780253539711921
100759.68236179954,39468.63967475582,-1.6985119373149473,0.08655948342453361
100759.68236179954,39468.63967475582,-1.6985119373149473,0.08544073664920657
99851.88888570557,39452.97671633091,-1.7029457132733912,0.08432302015245113
99500.57425619784,39542.35726253548,-1.7058897358104044,0.0832434747419459
98686.26271829224,39600.095456292336,-1.7107742729816706,0.08214977044320956
98686.26271829224,39600.095456292336,-1.7107742729816706,0.08116543657434686
98388.9857023023,39782.08134577384,-1.71457849840113,0.08018443045688392
98056.17110872251,39906.379164267375,-1.7178123668022953,0.07922067824113815
97957.76634349178,40072.37049027195,-1.720359011576789,0.07828963512760462
97938.61562956513,40235.285653922925,-1.722450116561717,0.07739941870080123
97938.61562956513,40235.285653922925,-1.722450116561717,0.07659822391667818
98128.67800525832,40487.85927941782,-1.7245647131987,0.07582428369504286
98370.57505848602,40716.482176135614,-1.7261103295604208,0.07508909708652806
98754.2918584149,40891.55264974812,-1.7263038172475436,0.07442259194668667
98754.2918584149,40891.55264974812,-1.7263038172475436,0.07382273732082942
99173.81736934639,41130.70567524001,-1.727078314841238,0.07326350571771552
99964.5926693623,41385.88901266027,-1.7262236281391339,0.07278156444246561
100466.08685045227,41567.01135445868,-1.725913240301551,0.07235557699068028
100466.08685045227,41567.01135445868,-1.725913240301551,0.07197218828407348
101426.36126907388,41836.591331114636,-1.7244258582485872,0.07166432299945145
102615.12592408029,42130.99153514051,-1.7221530870862412,0.07144406352235029
102615.12592408029,42130.99153514051,-1.7221530870862412,0.07124582999295924
104735.80555414116,42586.94970186033,-1.717371913791361,0.07118694914887928
104735.80555414116,42586.94970186033,-1.717371913791361,0.07113395638920733
106429.52877745283,42825.28536208667,-1.7121587314124462,0.07121659246497544
108101.48666214432,43142.998652477545,-1.708036110116698,0.07139403046556045
109974.81834993437,43366.28000543513,-1.7019290961224205,0.0717064000159439
109974.81834993437,43366.28000543513,-1.7019290961224205,0.07198753261128901
111549.08548093501,43591.7969593061,-1.6972940709760143,0.07235642757575976
113491.06800447548,43807.81273222825,-1.6909019294374072,0.07284823658224861
113491.06800447548,43807.81273222825,-1.6909019294374072,0.07329086468808857
116113.47472000994,44123.076568405806,-1.682652920770495,0.07389545520001735
118631.92514864943,44352.034599883635,-1.6739453713300947,0.07465727539676324
120391.76251079483,44570.90923992329,-1.668634164822085,0.07547569373653479
123293.55656267618,44780.89321938318,-1.658125441958726,0.07647498831391317
123293.55656267618,44780.89321938318,-1.658125441958726,0.0773743534335537
126519.75769602662,45068.28461910343,-1.6472349654496339,0.07845604395395749
129461.17003354497,45316.62819252309,-1.6372524076608868,0.07967912936703957
133174.51231466432,45541.276905686864,-1.6236572471146633,0.08111978525246903
135453.02086228755,45715.3699896917,-1.6158553958458086,0.0826114218310769
135453.02086228755,45715.3699896917,-1.6158553958458086,0.083953894751824
138906.37440112606,45954.19331478277,-1.6038116218297407,0.08546321473089807
143065.06204821885,46229.58827303632,-1.5893083932804661,0.08718418342579662
145598.1511240784,46368.39973412936,-1.5801640295599262,0.0889616643442188
145598.1511240784,46368.39973412936,-1.5801640295599262,0.09056139717079877
149343.82513348162,46618.658104888775,-1.5673660660969473,0.09232110580129521
153780.611634027,46802.010267338315,-1.5507869917404087,0.09431932042765548
153780.611634027,46802.010267338315,-1.5507869917404087,0.09611771359137972
157844.22720507561,47094.54476150431,-1.5375081743143328,0.09806823787438343
160485.75896124996,47176.27039189673,-1.5273919630539994,0.1000766150105951
165275.53428656262,47450.43225996362,-1.5110066995972422,0.10229378601960454
169250.29207235848,47584.92175528571,-1.4961537845466901,0.10466056280397684
169250.29207235848,47584.92175528571,-1.4961537845466901,0.1067906619099119
173702.42289161077,47867.45682812923,-1.4816374366134475,0.10907065980358453
176807.4991918083,47924.44959154986,-1.4694472506732832,0.111427412556394
180919.74194152252,48195.58865258158,-1.456431993942817,0.11387387145218418
185072.29066530897,48294.132936920396,-1.4406439156037936,0.11647038641687092
185072.29066530897,48294.132936920396,-1.4406439156037936,0.11880724988508899
189632.07106448294,48523.080592151804,-1.4253466477482737,0.12129285870287326
189632.07106448294,48523.080592151804,-1.4253466477482737,0.12352990663887911
195996.65654089605,48782.22197787496,-1.403232423008715,0.12609610539977334
195996.65654089605,48782.22197787496,-1.403232423008715,0.12840568428457813
200102.10502557238,48864.771254763175,-1.3876651980564716,0.13087348590470854
203212.73889854443,49002.420494230646,-1.377188260140047,0.1333564308107365
203212.73889854443,49002.420494230646,-1.377188260140047,0.1355910812261617
205674.44302054346,49051.37883130434,-1.3679064533236713,0.13783431177045374
209285.23872994978,49190.653932477086,-1.3555032847396424,0.14016329847491732
211752.27545865573,49272.73538626785,-1.3468394225172364,0.14247598306449466
211752.27545865573,49272.73538626785,-1.3468394225172364,0.1445573991951143
216605.4948087267,49357.41477144613,-1.3285054376664698,0.1468890233339411
216605.4948087267,49357.41477144613,-1.3285054376664698,0.14898748505888526
218164.52364608736,49377.23141317773,-1.322496054331381,0.15102633519471223
220494.87985951456,49440.307820455135,-1.314131259498374,0.15307042018778166
220494.87985951456,49440.307820455135,-1.314131259498374,0.15491009668154415
221788.86142356545,49355.864696727884,-1.3073085108669487,0.15673637424171602
222229.16998158264,49402.851859958915,-1.306373483650581,0.1584033997262799
223490.53813490577,49301.87904801469,-1.2993593127460474,0.16007907693500073
223490.53813490577,49301.87904801469,-1.2993593127460474,0.16158718642284947
223897.64719751495,49320.41956432345,-1.2980389581476726,0.1629774938268727
223546.67187576427,49153.89739322929,-1.296378211626405,0.16427028915352532
223911.0780019672,49173.052880384894,-1.2952415383437155,0.1654622217795799
223911.0780019672,49173.052880384894,-1.2952415383437155,0.16653496114302901
223104.45705934733,48973.859446239076,-1.294828248475126,0.167510758816848
221855.99845467746,48913.23827526632,-1.2988350818383614,0.16828880588920417
221855.99845467746,48913.23827526632,-1.2988350818383614,0.16898904825432473
219747.7104416668,48629.304308749415,-1.302235895630197,0.16953424603813735
217446.8178287522,48364.26275715075,-1.3068338576137863,0.16990997499397895
217446.8178287522,48364.26275715075,-1.3068338576137863,0.1702481310542364
215866.77053299855,48202.139392021345,-1.3103931470231127,0.17046348927323493
212774.8310914406,47953.19133756988,-1.318703745772241,0.17044954670160542
210897.39943934514,47827.78406527857,-1.324271075830191,0.17029781513569012
210897.39943934514,47827.78406527857,-1.324271075830191,0.17016125672636634
208581.43150983207,47533.59445944366,-1.3285911411330407,0.1699303525254037
208581.43150983207,47533.59445944366,-1.3285911411330407,0.16972253874453733
204810.00323583707,47268.73341691959,-1.3397177502364066,0.16925734111417343
201775.96540985256,47005.48670633958,-1.3478372367049696,0.16863567608513183
199798.94354633606,46783.81469290101,-1.3522555667056744,0.1679657193089768
195722.5409600513,46476.73306551203,-1.3642473125241366,0.1670629645649757
195722.5409600513,46476.73306551203,-1.3642473125241366,0.16625048529537473
192276.89225598113,46124.684573692815,-1.372826380256668,0.16530477725942055
188964.45318557508,45844.81744147586,-1.3822609960455068,0.16421777463234083
185950.31709685014,45588.33091382775,-1.390913754474839,0.16302315330723577
182656.5008311682,45287.00144782348,-1.400103815339255,0.16171824259303083
182656.5008311682,45287.00144782348,-1.400103815339255,0.16054382295024638
179273.98007925684,44899.304988524564,-1.4082692717703433,0.15928270886096318
175316.5549553035,44618.85437873279,-1.4210887189828256,0.15782722000029625
173437.82740206312,44339.29030561576,-1.424635894486722,0.1564286006380986
173437.82740206312,44339.29030561576,-1.424635894486722,0.1551698432121207
170634.02624623873,44058.19689783039,-1.4324331719822123,0.15384202959135335
167157.47126253578,43682.90740179731,-1.4417685794749573,0.15241361214534407
167157.47126253578,43682.90740179731,-1.4417685794749573,0.15112803644393574
163694.48139790076,43166.46172498756,-1.44871118757225,0.14979745311023593
163694.48139790076,43166.46172498756,-1.44871118757225,0.1485999281099061
161251.35438659374,42918.91298870807,-1.4557766266869503,0.14734551963174175
161251.35438659374,42918.91298870807,-1.4557766266869503,0.14621655200139383
160375.25500619365,42619.96514412682,-1.4546080451292607,0.14522969567302293
158280.1049593438,42215.91198356039,-1.457352271837138,0.1442729193097922
158280.1049593438,42215.91198356039,-1.457352271837138,0.1434118205828845
158683.70355958134,42024.40856168114,-1.4519724555879563,0.14277132713489718
158683.70355958134,42024.40856168114,-1.4519724555879563,0.14219488303170857
158710.51495365083,41853.031673904356,-1.448726690076532,0.14175722747662442
159463.60497295333,41689.653434890584,-1.4420899164539673,0.1415292568176128
160933.05343397634,41629.48521865589,-1.433860405746999,0.14152982099217656
160933.05343397634,41629.48521865589,-1.433860405746999,0.14153032874928395
162448.92395431155,41543.260805189064,-1.4248879032111026,0.141755098294078
165035.19070199816,41544.96892491645,-1.4123720067512582,0.14227028829588875
168662.7346007093,41526.97074116032,-1.3944168576395624,0.14318283802531082
170829.29832888805,41612.404922475536,-1.3856027913603328,0.14422448443877142
170829.29832888805,41612.404922475536,-1.3856027913603328,0.14516196621088598
175071.41013630023,41677.594417425724,-1.3663803204889982,0.1464862615775724
180496.75420102582,41868.61240475221,-1.3441236123021312,0.1482345451122619
180496.75420102582,41868.61240475221,-1.3441236123021312,0.14980800029348243
185486.8611248652,42048.034457147485,-1.323909799207321,0.15172945528395118
189787.03964009808,42236.31323533711,-1.307351092919277,0.15387273243257413
196689.8100216641,42504.94271758622,-1.280340290878701,0.15647695191734917
203414.37333887434,42886.70348323309,-1.2570372603224043,0.15940332521755415
203414.37333887434,42886.70348323309,-1.2570372603224043,0.16203706118773864
211507.06591419675,43305.508163882376,-1.2286146873016537,0.16511798788642343
217115.00996893665,43636.876708543234,-1.2101858956655172,0.16835154170614317
225169.53761232004,44141.63135621117,-1.1848733181583746,0.1718945545815695
225169.53761232004,44141.63135621117,-1.1848733181583746,0.1750832661694532
234655.25832343963,44697.54918046942,-1.1548841439678386,0.1787028359533119
244060.0222398762,45361.892856388695,-1.128590844291369,0.1826177812506965
250318.02415050493,45761.082536301496,-1.1104857098851153,0.18659386037849895
250318.02415050493,45761.082536301496,-1.1104857098851153,0.19017233159352118
260787.37923940262,46507.993853240616,-1.0828180143682498,0.19408464807496284
271080.64448391885,47226.43827125997,-1.0560790782827165,0.19827420631039866
281559.2039144696,48105.401364913756,-1.033312404949149,0.20261397555563007
289107.3289104016,48631.335675972565,-1.0147853272577467,0.2069829448186234
289107.3289104016,48631.335675972565,-1.0147853272577467,0.2109150171553174
299955.92642412835,49579.717617779745,-0.9936011093643531,0.21498348770567685
310837.2180133408,50430.46395121427,-0.970680952897362,0.2192181151126751
310837.2180133408,50430.46395121427,-0.970680952897362,0.22302927977897355
322472.42402058456,51447.24284039962,-0.9496485352932962,0.2269851384187438
329626.8319079231,52013.35690543302,-0.9356739116332716,0.23089477678603762
340749.27244448,53082.613473701065,-0.9191700208759134,0.23482604858553605
352104.0596384275,54036.637879923044,-0.89965806715132,0.23885199204819943
352104.0596384275,54036.637879923044,-0.89965806715132,0.2424753411645965
359276.0393479254,54801.77120141817,-0.8916162224506865,0.24593740148686968
370025.99893349607,55768.99810767422,-0.8756806642352558,0.24945164473230133
381075.4724054961,56875.81708034337,-0.8625472009993138,0.2529428002340883
381075.4724054961,56875.81708034337,-0.8625472009993138,0.25608484018569666
391111.6241392133,57901.52781851558,-0.8515332556709871,0.2591880247753523
398123.7716004729,58632.91875403691,-0.8444107985802615,0.26215895233331055
408259.53836149257,59627.638341931386,-0.8329795459726584,0.26511856845066306
417708.0664478007,60679.88270773519,-0.8255252108887946,0.2679685813333769
417708.0664478007,60679.88270773519,-0.8255252108887946,0.27053359292781937
427296.8544412983,61722.44483735352,-0.8176481452674906,0.27303903000335017
433383.4456109408,62384.603106707604,-0.8127932254939398,0.2754152963656667
441817.46325873927,63354.60422306757,-0.8073988798006967,0.2776887947340826
441817.46325873927,63354.60422306757,-0.8073988798006967,0.2797349432656569
450452.9266140697,64261.24400228619,-0.8001441586127228,0.2817578449737731
458278.7262611497,65240.82650071245,-0.7971805358971029,0.28365254707896825
463285.561063977,65762.56311648585,-0.7930672926483116,0.2854606100548637
463285.561063977,65762.56311648585,-0.7930672926483116,0.28708786673316955
470837.75432063243,66643.46552380823,-0.7889949505356593,0.2886542062964611
477604.4270202416,67345.68884918973,-0.783591077056364,0.29019900874040594
484325.5655815191,68188.24169939863,-0.7813861324274378,0.2916444545556794
488652.3749918798,68549.71134403034,-0.776212657000369,0.2930746926751022
488652.3749918798,68549.71134403034,-0.776212657000369,0.2943619069825828
494654.90154645994,69289.5090278797,-0.7740921229655694,0.2955734132101853
500558.96246874443,69766.84831401533,-0.7668795947073866,0.29684408202148216
500558.96246874443,69766.84831401533,-0.7668795947073866,0.2979876839516493
506398.30707332905,70404.34813801695,-0.7632565351841554,0.2991075021768805
509888.7154377482,70623.86020477607,-0.7578007436751721,0.30025173336731314
515570.80917550024,71165.08491972912,-0.7527743506852765,0.3014072012634499
515570.80917550024,71165.08491972912,-0.7527743506852765,0.30244712236997295
520990.4802449684,71430.67961596683,-0.7429102773152042,0.3036296532000956
526321.3399264629,71824.44871057925,-0.7360096426929237,0.304866446812763
530131.8874405746,71909.13301483379,-0.7270676253352119,0.3062031114981064
535797.4916496085,72238.74656349502,-0.7180391097221294,0.3076318226052426
535797.4916496085,72238.74656349502,-0.7180391097221294,0.3089176626016651
541434.5321492063,72348.77596863918,-0.7046073956363635,0.3104107114505895
547745.9372262711,72506.81659350112,-0.6903494488614174,0.31211090408399517
553902.7446833585,72626.06628075603,-0.675761689142884,0.3140057714470235
558301.2122146223,72667.53348016442,-0.6644380843479467,0.3159942421936225
558301.2122146223,72667.53348016442,-0.6644380843479467,0.31778386586556157
565566.2347388908,72688.82863098235,-0.6447452944079898,0.3198868469188057
565566.2347388908,72688.82863098235,-0.6447452944079898,0.3217795298667254
572690.3952321833,72647.61023500052,-0.6240883667969529,0.32399936771012905
580765.939256357,72709.59864832518,-0.6030553434168908,0.3265230473536939
586431.1042680502,72600.23800370458,-0.5849009306332846,0.3292482193524924
594929.2532627172,72599.05549846888,-0.5612792176544094,0.33229141697588294
594929.2532627172,72599.05549846888,-0.5612792176544094,0.3350302948369344
604383.7924621869,72430.16476573462,-0.5311157022163067,0.3382493727978333
611056.4191837086,72469.77583101277,-0.5134753947270981,0.3415875506498725
620959.6049308956,72314.65533407276,-0.48222512792676697,0.3453731673867161
631980.573595067,72332.89865043401,-0.45194925800964764,0.3495371191978033
631980.573595067,72332.89865043401,-0.45194925800964764,0.3532846758277818
643270.6130280143,72120.77511675314,-0.4152145119454204,0.3575758454463681
650889.999678568,72167.24358285645,-0.3950902908278676,0.36194100363103465
663193.1746900693,71973.73611481999,-0.3557457315648512,0.3668532599788099
663193.1746900693,71973.73611481999,-0.3557457315648512,0.3712742906918076
675729.5449499232,72024.58329815387,-0.32197199373028157,0.3760975617793698
688368.2172964966,71857.17149014055,-0.28211236283295493,0.38143499653060897
697378.0994115977,71941.68307002915,-0.2591361360892164,0.38681309347531767
710594.4148482913,71788.61919957038,-0.217860498639861,0.39268527166178935
710594.4148482913,71788.61919957038,-0.217860498639861,0.3979702320296139
723889.0502755732,71863.88688030838,-0.18265994731100216,0.4036067101438775
723889.0502755732,71863.88688030838,-0.18265994731100216,0.40867954044671473
746510.9394993869,71868.61526596817,-0.11934526987019223,0.41482795465528843
746510.9394993869,71868.61526596817,-0.11934526987019223,0.42036152744300476
759618.0012284861,71812.27624595561,-0.08091205324773436,0.426302573367511
759618.0012284861,71812.27624595561,-0.08091205324773436,0.4316495146995666
773034.0173886181,71899.3561171789,-0.04588223022906677,0.4373375074738833
793732.5837170607,72041.19602126801,0.007765575850766504,0.4437978961227641
793732.5837170607,72041.19602126801,0.007765575850766504,0.44961224590675686
805923.4098072529,72118.36810663209,0.03946262723264521,0.45563758699689727
805923.4098072529,72118.36810663209,0.03946262723264521,0.4610603939780237
816884.8591810887,72209.25863146382,0.06722615657171391,0.4666350084945142
827553.7327528804,72390.6982161821,0.09121823641446516,0.4722519635554244
834221.9957837691,72428.45907369518,0.10857497320031896,0.47774114152988995
834221.9957837691,72428.45907369518,0.10857497320031896,0.48268140170690893
842991.0413123575,72591.24837163914,0.1277184519653028,0.48760622283535066
851118.8190277708,72663.71054696923,0.1479308932987482,0.4925438728842843
858289.0295886976,72892.59592138698,0.16034514040758843,0.49729811410604563
862045.4929071093,72919.46061061748,0.1698547514582832,0.5018146714818982
862045.4929071093,72919.46061061748,0.1698547514582832,0.5058795731201654
867463.0488875846,73154.2670587913,0.1771337925109736,0.5097199606209232
871385.6749359269,73253.32635817293,0.1846954423731361,0.5133653506181592
871385.6749359269,73253.32635817293,0.1846954423731361,0.5166462016156718
874147.9245367224,73531.7419747713,0.1831887017866103,0.5195612989987699
875486.667087626,73606.23700023649,0.1844296420893037,0.5222159101511256
876520.6164602516,73923.39487347551,0.1769626948116389,0.524418386506304
876163.8341014074,74118.73225434468,0.16969345164856942,0.5262188841468879
876163.8341014074,74118.73225434468,0.16969345164856942,0.5278393320234134
875162.3522890091,74482.5821817513,0.15534308877024436,0.5289389760403281
873670.2975278664,74644.66903289217,0.14617095505919608,0.5296993523127752
870802.9401924388,75104.36083598627,0.12403483469436487,0.5298302879488568
870802.9401924388,75104.36083598627,0.12403483469436487,0.5299481300213302
867255.0638953901,75508.0353455697,0.10206900525869392,0.5295050421506646
867255.0638953901,75508.0353455697,0.10206900525869392,0.5291062630670655
862558.3099024914,76051.174124867,0.07308595079243148,0.5280227855301698
859275.4446385027,76420.2149426454,0.05338655849124636,0.526555170939434
853749.5341909373,77114.9046728153,0.018524584413169187,0.5243627684558199
847685.9163601018,77837.34159142378,-0.017890685036577116,0.5214792244843234
847685.9163601018,77837.34159142378,-0.017890685036577116,0.5188840349099766
836879.0110363711,79258.78107838017,-0.0847442872670816,0.5148770242373019
836879.0110363711,79258.78107838017,-0.0847442872670816,0.5112707146318947
829865.5787163817,80268.19909188391,-0.12912198760039353,0.5069155934786954
823178.6345497655,81392.34841075349,-0.1744654363797641,0.5018623982213318
816174.1788380085,82559.14961674652,-0.22037906666115314,0.49616668173266987
816174.1788380085,82559.14961674652,-0.22037906666115314,0.4910405368928741
811793.2977475091,83468.60041177412,-0.2526708501264928,0.48561971195042436
805276.0346195422,84830.0715936502,-0.2996208705689374,0.4795672189911585
799035.2055052781,86367.61562365868,-0.34825071746784036,0.4729042291553467
799035.2055052781,86367.61562365868,-0.34825071746784036,0.46690753830311604
793468.7452471043,87901.21471866245,-0.3935513746944781,0.4603780001054425
789913.0000917622,89059.13881794883,-0.42525665264693757,0.4537087837787248
785031.1816723434,90752.80036970948,-0.469465200503268,0.44660127538827066
785031.1816723434,90752.80036970948,-0.469465200503268,0.44020451783686193
781036.1111751682,92640.55997145406,-0.5136884754141436,0.43334185416782217
778696.0369279061,93848.21427879664,-0.5405829914768446,0.4264930939641189
775719.3372615259,95848.26201350316,-0.5817433113671213,0.419300201783529
773982.2506488132,97782.9302701912,-0.6176012429660738,0.4119301505310243
773982.2506488132,97782.9302701912,-0.6176012429660738,0.40529710440377004
772641.394880343,99873.47929325585,-0.653704520044683,0.39842478096227596
772461.403956621,101190.12410207668,-0.6743533633143626,0.3917234687831893
773054.7852008411,103320.01389674275,-0.7049163145346184,0.3849282140415049
773054.7852008411,103320.01389674275,-0.7049163145346184,0.37881248477398893
774339.3136299409,105345.7188677116,-0.7314596090741506,0.3726447460697363
776759.7375438013,107441.16922246561,-0.7558155136024777,0.3664848836227007
780272.595682002,109472.17212136196,-0.7763839141029223,0.36042679740785755
780272.595682002,109472.17212136196,-0.7763839141029223,0.35497451981449873
782824.2180000548,110824.48205729068,-0.7892741888427686,0.34974521311197965
787954.2478989331,112760.7787413084,-0.8045533541802176,0.34465685794627626
794051.6602197564,114653.63732766741,-0.8170878326598431,0.3397639763351526
794051.6602197564,114653.63732766741,-0.8170878326598431,0.3353603828851413
800510.1148002844,116487.87779731263,-0.8278940179852474,0.331126994146996
805869.6103302252,117628.11902786353,-0.8321374908179943,0.3272108574618465
814164.791360649,119269.66286221195,-0.8371248809029317,0.3235616496930886
822996.868022226,120753.90616727523,-0.8392945137384185,0.32022312188031926
822996.868022226,120753.90616727523,-0.8392945137384185,0.3172184468488269
833117.9414982081,122181.89354645787,-0.8386533442919272,0.314530268556646
840004.2492137783,122975.306304106,-0.8362335221265503,0.31217140364781765
850414.4180535664,124142.04052214975,-0.8322706900878155,0.3101474960308405
850414.4180535664,124142.04052214975,-0.8322706900878155,0.3083259791755611
862259.0069349117,125062.16453961194,-0.8233391523353528,0.3069099024496212
873694.477614468,125920.2376565522,-0.81450380653867,0.3058563170411923
881609.5475615361,126312.48665418614,-0.8062159800011376,0.30511528583704467
881609.5475615361,126312.48665418614,-0.8062159800011376,0.30444835775331175
894326.8574464715,126866.141251015,-0.7921497986180069,0.30419977701253037
906404.4685883446,127122.96423771622,-0.7758697052218897,0.30438305668073007
906404.4685883446,127122.96423771622,-0.7758697052218897,0.3045480083821098
927665.6052889436,127225.08253731213,-0.7433377458073179,0.3055097638987159
927665.6052889436,127225.08253731213,-0.7433377458073179,0.3063753438636614
939767.7272800579,127109.15902609572,-0.722805556232497,0.3076676705714828
952051.2319403315,126696.52781956595,-0.698409032942419,0.3094406776907741
952051.2319403315,126696.52781956595,-0.698409032942419,0.3110363840981363
971872.4547245502,125725.93957934144,-0.6549370958475559,0.31355931829213374
971872.4547245502,125725.93957934144,-0.6549370958475559,0.31582995906673145
983519.420018388,124971.7181768275,-0.6267474684909647,0.3185782764477842
983519.420018388,124971.7181768275,-0.6267474684909647,0.32105176209073166
994754.6350332288,123971.4403940599,-0.5956797992088534,0.3240545909014372
1004895.4138856655,122879.8319566285,-0.564676396257078,0.3275322219048665
1011783.7393939525,122032.47194621123,-0.5418520882258075,0.3312326975087347
1021797.976632497,120747.33439394267,-0.5073471378715122,0.3354257493110734
1021797.976632497,120747.33439394267,-0.5073471378715122,0.3391994959331782
1030382.0964520747,119316.72144468236,-0.47239312060644495,0.3434697183246993
1039245.9117568127,117781.14203321833,-0.43452882772859924,0.3482595257990144
1044668.8841163758,116748.56081362248,-0.4094352022377876,0.3531976931631683
1044668.8841163758,116748.56081362248,-0.4094352022377876,0.3576420437909068
1051654.2694342092,115113.4377176588,-0.37158313370218293,0.36258826106926156
1058953.741767855,113449.38865012054,-0.3316027198936626,0.36803936696499384
1065056.5296468467,111685.01332267335,-0.290864675661298,0.373963813376962
1068656.4044105937,110545.94298336556,-0.26449372173253116,0.37995508899595254
1068656.4044105937,110545.94298336556,-0.26449372173253116,0.385347237053044
1074259.1352233463,108766.37195308252,-0.2222283833470081,0.3912568037640644
1079067.6244255186,107063.57358531766,-0.18151126814846025,0.39759334168394644
1079067.6244255186,107063.57358531766,-0.18151126814846025,0.4032962258118403
1082923.9795246278,105283.12976263528,-0.13977168981503973,0.40947231098528036
1085971.7117397094,104201.54417397357,-0.11235534047998842,0.4157161963747526
1089345.515114081,102494.29821259624,-0.07072802658200589,0.4223763760727272
1089345.515114081,102494.29821259624,-0.07072802658200589,0.42837053780090434
1092256.3687452304,100933.85020656296,-0.03179345729277338,0.43473864758849456
1095494.1389095779,99347.79886718419,0.009599683640415727,0.4415047749206555
1097069.0682171965,98399.73958716464,0.034241195809623315,0.44821032732383054
1099002.9998587777,96937.33587884724,0.0721662665703074,0.4551934512557052
1099002.9998587777,96937.33587884724,0.0721662665703074,0.4614782627943924
1101561.533560304,95639.1433449618,0.10857868089154052,0.4680449035372417
1103107.714304928,94377.32278550371,0.14292184828076973,0.4748134593905368
1104108.1312539752,93619.85640940105,0.16413815844920648,0.4814355674127133
1104108.1312539752,93619.85640940105,0.16413815844920648,0.4873954646326722
1106147.2243416656,92519.88559190946,0.19684381112763627,0.49357701344759586
1107191.9297890381,91552.41488988037,0.2246108470689863,0.49983458327956093
1108582.9547614409,90676.50106791155,0.2512508422239114,0.5061323960072026
1109606.5953771302,90148.89179492493,0.26796269262497735,0.5122182237221068
1109606.5953771302,90148.89179492493,0.26796269262497735,0.5176954686655205
1110471.957607487,89415.42555954674,0.29026547639482175,0.523182558708839
1111313.4662314223,88754.4160409779,0.3108208135167387,0.5286348231758735
1111313.4662314223,88754.4160409779,0.3108208135167387,0.5335418611962046
1112571.3401373916,88201.0202550411,0.32953128418026595,0.5384259571810908
1112642.7967395524,87826.55961185467,0.34053616985794055,0.5430967657094302
1113285.4034962873,87384.07680680332,0.3549492565256411,0.5476608205516282
1113894.064495689,86966.11167853634,0.368702275141114,0.5521122953749933
1113894.064495689,86966.11167853634,0.368702275141114,0.5561186227160219
1113667.604462855,86624.60411721835,0.37835379465978336,0.5599656053109142
1113639.7232183,86416.24949670598,0.3845369205338345,0.5635824677931687
1113711.5524278784,86125.80538360334,0.3934651256366085,0.567060849154767
1113711.5524278784,86125.80538360334,0.3934651256366085,0.5701913923802054
1112568.6863020542,85840.13616100926,0.39945588230539864,0.5731586501998199
1111723.5211118564,85572.32216600298,0.40564151579392893,0.5759838230746862
1110929.3961899863,85378.59055522482,0.409708821724382,0.5786281613103271
1110929.3961899863,85378.59055522482,0.409708821724382,0.5810080657224039
1108663.4293708915,85118.53722254725,0.41235591055668624,0.5832161569140807
1106577.33847242,84860.39853968706,0.4153871927880739,0.5852792210423745
1103608.8634605736,84576.93058600687,0.4171220892300715,0.5871793511688889
1101061.5041497801,84415.04456742195,0.4160834225363434,0.5888635016154086
1101061.5041497801,84415.04456742195,0.4160834225363434,0.5903792370172762
1097248.3082050928,84097.32319351698,0.4168767443075681,0.5917632319232379
1092763.008968782,83778.9898822126,0.4160782205775184,0.592988864245352
1086916.3530380367,83420.60357243504,0.41324608624152526,0.594021129976855
1086916.3530380367,83420.60357243504,0.41324608624152526,0.5949501691352076
1083284.911215137,83158.0904100501,0.4127344714403973,0.5957735140076967
1076632.5593121047,82740.77564250553,0.40977189697768124,0.5964404600313691
1068973.0633224442,82310.44908297132,0.40472702452117054,0.5969145896412614
1068973.0633224442,82310.44908297132,0.40472702452117054,0.5973413062901646
1061105.7596017083,81865.55036017873,0.39958252377754794,0.5975967387555868
1055342.2699933532,81553.25077659007,0.39534214775632914,0.5977206185739363
1045429.9095649922,81066.5453713423,0.386355601459581,0.5976074467530322
1045429.9095649922,81066.5453713423,0.386355601459581,0.5975055921142185
1035919.7562437397,80529.31720048418,0.37989241003863256,0.5972523431537625
1025117.8238294943,80049.75754704214,0.36822629799395246,0.5967327662882351
1017502.1420360705,79641.96319347041,0.3621684954229704,0.5961137020449859
1006523.8341564825,79144.4441199946,0.3503967148526917,0.5952622497118046
1006523.8341564825,79144.4441199946,0.3503967148526917,0.5944959426119415
994440.5750191617,78553.48469455627,0.33867577936542087,0.5935132428348829
982256.1533695726,78069.6229224895,0.3230316882589636,0.5922377107578687
974417.2436687986,77674.36363782214,0.31559458133699725,0.5909038042155068
974417.2436687986,77674.36363782214,0.31559458133699725,0.5897032883273811
961826.2168264705,77212.06025900674,0.29786456179383797,0.5881795735394889
949262.7290224835,76653.6003369966,0.2831206928698481,0.5864396335072862
949262.7290224835,76653.6003369966,0.2831206928698481,0.5848736874783038
937671.1119569294,76200.16854034168,0.2673113236126388,0.5830691018207894
929185.2823105067,75832.52201223979,0.2567803718502836,0.5811817009349676
917710.7955360349,75420.83548341923,0.239595252947144,0.5790534121651494
906928.426024539,74949.8221894411,0.2260105825540068,0.5767983355124846
906928.426024539,74949.8221894411,0.2260105825540068,0.5747687665250863
896259.6145773737,74543.94141790198,0.21044200834191806,0.5725529400811257
889966.1282389562,74277.59534169867,0.20205336879341573,0.5703489802928485
881888.9239206318,73946.58501152677,0.1908466939489553,0.5680852496122876
881888.9239206318,73946.58501152677,0.1908466939489553,0.5660478919997827
873998.0136112464,73639.8120720177,0.17926167322971398,0.5639246446305473
868592.6292100737,73336.87106590324,0.17428698945118679,0.5618893549037722
865717.5082824787,73203.32082895406,0.17072558125748494,0.5599685589448322
862275.2404836908,72983.62896046072,0.16839415010588704,0.5581815568029962
862275.2404836908,72983.62896046072,0.16839415010588704,0.5565732548753438
861820.009586072,72865.55056626938,0.17099403334640664,0.5551907802214696
862604.7481743289,72689.27897635291,0.17895160870043328,0.5541454924168335
864438.0772790253,72685.42390515874,0.18416268546840525,0.5533350103118604
864438.0772790253,72685.42390515874,0.18416268546840525,0.5526055764173845
869724.8123654046,72596.92351338734,0.20176421455267202,0.5523891241394628
877022.8132864262,72667.04954028927,0.21967779745444002,0.5526421566618775
877022.8132864262,72667.04954028927,0.21967779745444002,0.5528698859320509
895296.1760512437,72786.66794917712,0.2662851256709791,0.5542400254806203
895296.1760512437,72786.66794917712,0.2662851256709791,0.5554731510743328
909239.4893610184,72846.41653054224,0.3028338160231965,0.5574966813674794
926432.6492633942,73084.56387255822,0.3420554339673452,0.5602983990799151
926432.6492633942,73084.56387255822,0.3420554339673452,0.5628199450211072
946423.9027930052,73241.26488719761,0.3916078290912992,0.566328146246279
960977.558182708,73457.15190973162,0.42388903119879257,0.570292557401621
985207.2465535697,73669.82660866491,0.4825725417858062,0.5753276152061041
985207.2465535697,73669.82660866491,0.4825725417858062,0.5798591672301389
1012455.8170844928,74030.26386806168,0.5436411506712189,0.5854642792739054
1041741.5509824154,74365.14072827609,0.6106081782826286,0.5921830558035807
1073907.746983227,74736.99692015775,0.6833136431036779,0.6000475913008146
1073907.746983227,74736.99692015775,0.6833136431036779,0.6071256732483252
1096701.5786448105,75016.22842113738,0.7337804044050414,0.6147576160336187
1132069.5989869179,75452.37362935049,0.8112323266748265,0.6235626625971274
1170215.5423344702,75928.56039688092,0.8935334169086148,0.6335447317601302
1170215.5423344702,75928.56039688092,0.8935334169086148,0.6425285940068326
1209445.702604309,76346.91760077779,0.9800859087323011,0.6527778823244569
1236618.7921493393,76703.20668152937,1.0366628647962197,0.6634166657119167
1278558.3889156377,77156.15092505052,1.1271531656613805,0.6752538282822595
1321347.1193856187,77695.74463139044,1.21496526113014,0.688102576982287
1350101.1231956175,77978.054964986,1.2768829563025303,0.7012143931916216
1350101.1231956175,77978.054964986,1.2768829563025303,0.7130150277800227
1394267.7162249328,78497.94666164226,1.3671825306228622,0.7258930882675919
1437898.0456088965,78916.61930901921,1.4596305208379554,0.7397945424617817
1437898.0456088965,78916.61930901921,1.4596305208379554,0.7523058512365525
1481726.656662462,79436.89997984364,1.5467910965198195,0.7657450435258928
1510650.5320520871,79675.7099394354,1.6086963102880332,0.7793879469305043
1553008.0151932302,80159.64804341883,1.692136869127043,0.7937525739656299
1553008.0151932302,80159.64804341883,1.692136869127043,0.8066807382972431
1594544.9346278498,80503.15368409576,1.7794776212790864,0.8204996049994959
1634325.7108181904,80921.46564136857,1.8579307753504377,0.8348979138833073
1659704.4424756377,81104.93536622531,1.9117959203544728,0.8492030205038383
1696446.2911802095,81468.94291715509,1.984273006767996,0.8638895436226545
1696446.2911802095,81468.94291715509,1.984273006767996,0.877107414429589
1730528.9189052652,81707.97663159472,2.056074901536837,0.88939667298663
1761668.0478220417,81958.25978427935,2.1196227577248323,0.900457005687967
1781298.0620896758,82068.39005674317,2.162022714323066,0.9104113051191703
1781298.0620896758,82068.39005674317,2.162022714323066,0.9193701746072533
1807224.4364263304,82254.5285373299,2.215656851987903,0.927433157146528
1830053.9779129648,82356.11277180837,2.266070879280954,0.9346898414318752
1849447.3912700193,82400.66665579761,2.31108998029729,0.9412208572886877
1849447.3912700193,82400.66665579761,2.31108998029729,0.9470987715598189
1859915.3888897812,82414.33983441941,2.3359423886961515,0.952388894403837
1872595.732882343,82379.89118347464,2.3688716696716114,0.9571500049634533
1881672.0806574721,82304.2016740613,2.3953143659200826,0.961435004467108
1881672.0806574721,82304.2016740613,2.3953143659200826,0.9652915040203971
1885879.3740140055,82126.60155884306,2.4156065538053357,0.9687623536183574
1886856.3062677183,82021.69831543203,2.423927390132695,0.9718861182565216
1884882.416825586,81767.78148140792,2.4334609745295572,0.9746975064308694
1877970.4423932203,81521.62918451412,2.4304004712817755,0.9772277557877824
1877970.4423932203,81521.62918451412,2.4304004712817755,0.9795049802090042
1868038.0218181643,81149.54437219427,2.4270200529489654,0.9815544821881038
1858829.2627091687,80950.93989934043,2.415473825261425,0.9833990339692934
1841364.8923340268,80506.55641190798,2.397295638667389,0.985059130572364
1841364.8923340268,80506.55641190798,2.397295638667389,0.9865532175151276
1821028.2499634663,80111.08228761128,2.3688850545411304,0.9878978957636149
1796549.5092524062,79587.37069083072,2.3370384654722347,0.9891081061872534
1778056.4533970363,79289.20131937682,2.3071356784278394,0.9901972955685281
1778056.4533970363,79289.20131937682,2.3071356784278394,0.9911775660116753
1748842.1848213333,78709.99238768929,2.2655829682906923,0.9920598094105078
1715666.0584549422,78199.859483122,2.209282985447331,0.992853828469457
1715666.0584549422,78199.859483122,2.209282985447331,0.9935684456225113
1642377.2840913432,77018.48698659752,2.0853065903115096,0.9942116010602602
1642377.2840913432,77018.48698659752,2.0853065903115096,0.9947904409542342
1615320.145478598,76606.44394613133,2.0372319151013,0.9953113968588108
1573577.0243008046,76029.83926206254,1.9587958859958072,0.994750154322825
1573577.0243008046,76029.83926206254,1.9587958859958072,0.9942450360404378
1530695.5109221572,75412.94783637016,1.878304391190144,0.9917781422161477
1500604.5905311217,75017.35655098518,1.8190253096101463,0.9880759607347867
1454854.6766922094,74384.37574640028,1.7293607965439157,0.9825023845749059
1454854.6766922094,74384.37574640028,1.7293607965439157,0.9774861660310132
1408965.198724592,73785.86874422735,1.6359765360725307,0.9706369628297252
1360943.790710328,73217.8992753417,1.5336298580880063,0.9619140129989528
1329549.0013064889,72821.9497959991,1.4671005815432518,0.9524001262376389
1329549.0013064889,72821.9497959991,1.4671005815432518,0.9438376281524563
1282345.689034176,72258.10609021816,1.3641390726769242,0.9335573421541338
1234122.2335055622,71676.20820934749,1.257563877032055,0.9216407048645219
1234122.2335055622,71676.20820934749,1.257563877032055,0.9109157313038712
1156582.74516232,70800.9205489879,1.0797137403118457,0.8968170016812802
1109633.4776907745,70329.40075093653,0.9672283948745034,0.8813160113850147
1109633.4776907745,70329.40075093653,0.9672283948745034,0.8673651201183757
1065289.201430768,69783.45462347803,0.8640195153501586,0.8522290959902922
1065289.201430768,69783.45462347803,0.8640195153501586,0.8386066742750169
1021289.6880762853,69382.59456099667,0.7539692615057507,0.823595238385159
978332.8133596556,68865.68536763782,0.650504181344541,0.8074983190802567
951627.7991211459,68642.92683573312,0.5813770458825006,0.7912829133192936
951627.7991211459,68642.92683573312,0.5813770458825006,0.7766890481344267
911599.8440763077,68155.59126464726,0.4829748033900799,0.7610945134057361
873483.4993787423,67821.7321254118,0.3829614963352407,0.7445590994735436
838289.6712724251,67390.29227534423,0.29431308251250904,0.7274610165890021
815171.2829574577,67198.32712320342,0.23212876455701625,0.7105181340440273
815171.2829574577,67198.32712320342,0.23212876455701625,0.69526953975355
782405.5613715606,66780.82686599898,0.14851546749201477,0.6794554724654953
753239.7249461551,66478.26247745221,0.07082882910846308,0.6632806459466574
733835.2731983621,66208.33442469503,0.021063257494659617,0.6474791627893581
733835.2731983621,66208.33442469503,0.021063257494659617,0.6332578279477887
707567.6100834868,65936.73332465536,-0.05003553230134288,0.6186811568454763
684501.2215327786,65590.7532555148,-0.10951279188399482,0.6040752213638287
662368.6777757512,65283.98641887729,-0.16796492023341592,0.5894685762216104
649632.5631720638,65071.26685283519,-0.20073210568290215,0.5755034159573769
649632.5631720638,65071.26685283519,-0.20073210568290215,0.5629347717195666
633266.6135664762,64784.64673881831,-0.2427502397349325,0.5505725385542367
617642.5816021429,64483.90804048751,-0.2824005160850366,0.5384552717966872
617642.5816021429,64483.90804048751,-0.2824005160850366,0.5275497317148925
605915.4311293206,64139.21681174798,-0.30887991096520473,0.5170727607692731
599452.6447685778,63949.34191985954,-0.32359705842626535,0.5072755582316891
599452.6447685778,63949.34191985954,-0.32359705842626535,0.4984580759478636
590250.7053800005,63607.086562995755,-0.3425911456174791,0.4900474897126403
585132.6769278884,63310.963418944724,-0.3501372062171669,0.4822893105859471
581323.0396642917,62901.603987001006,-0.35022134173522645,0.4753048459839717
579679.3025626194,62710.728825224105,-0.34983469215038093,0.469028494081815
579679.3025626194,62710.728825224105,-0.34983469215038093,0.463379777369874
580261.2992706281,62286.26646734403,-0.3352535843308942,0.45866046002461425
582347.4701942645,61953.65549305642,-0.3183843953256287,0.4548348041390121
585782.3523258689,61484.35701295315,-0.2926613328237925,0.4520347904045161
585782.3523258689,61484.35701295315,-0.2926613328237925,0.44951477804346973
592528.3586803187,61112.810834424694,-0.2587348992233448,0.4480949277585392
596977.8030661803,60766.76484961972,-0.23284598474866855,0.4474642853639686
605262.4613776235,60377.48127999952,-0.19241969345377,0.4479073644912275
605262.4613776235,60377.48127999952,-0.19241969345377,0.4483061357057605
616218.7899239508,59866.00936862494,-0.13826520525013342,0.45001889200393114
623408.9949017117,59596.88342909529,-0.10457657595969258,0.4524025884045457
635316.196284712,59057.2386241821,-0.04466833845198007,0.4560456211027917
635316.196284712,59057.2386241821,-0.04466833845198007,0.459324350531213
649632.4796014149,58602.02891553996,0.02141905616343222,0.4639273918821776
649632.4796014149,58602.02891553996,0.02141905616343222,0.4680701290980457
679005.1831902522,57578.23948500697,0.16397980736786627,0.4753626113724378
690262.2136348583,57250.918949268984,0.21720464531444908,0.48325646636805525
690262.2136348583,57250.918949268984,0.21720464531444908,0.490360935864111
705796.7763628243,56750.540156957235,0.29381023210727397,0.49867009808038176
723187.7698588952,56268.122614433705,0.3776039876457849,0.5082431879634882
740550.0814893031,55727.896944247084,0.465519085677641,0.5190568463090804
740550.0814893031,55727.896944247084,0.465519085677641,0.5287891388201134
751499.8903083996,55425.10971639512,0.519975055043274,0.5389096013141839
769087.6364832921,54913.48332601211,0.609998722551655,0.5502686092465569
786470.607037718,54478.65173985081,0.6968491620396213,0.5626629773728917
786470.607037718,54478.65173985081,0.6968491620396213,0.5738179086865931
802468.3717923705,53970.66512725198,0.7839875978289189,0.5860358077636568
813966.4562569022,53723.45574146788,0.8409199236165918,0.598455225077706
829950.0502625064,53254.60193095393,0.9283064811813059,0.6118173645994681
829950.0502625064,53254.60193095393,0.9283064811813059,0.6238432901690539
844351.6771127358,52894.553875104626,1.0045718725699726,0.6365732579663979
859555.7677071531,52467.91332888379,1.0891475716016081,0.6501446214597983
868282.3432636263,52257.956870730945,1.1360755936376927,0.6635320491547608
868282.3432636263,52257.956870730945,1.1360755936376927,0.6755807340802271
880210.4545818613,51866.26620837498,1.2077255582707174,0.6882157996289724
892428.5660762057,51574.60087499748,1.2748238354812815,0.7012648155531073
901988.0222021689,51253.086513979906,1.3343000194946735,0.7144958344851633
907670.2260433579,51091.84413072526,1.3679133151755205,0.727244083916035
907670.2260433579,51091.84413072526,1.3679133151755205,0.7387175084038196
916434.2433080567,50804.529747193286,1.4229371222876976,0.7504191856206301
921934.2757364742,50576.544305748175,1.461247713393931,0.7619084598934154
921934.2757364742,50576.544305748175,1.461247713393931,0.7722488067389222
926867.7231776373,50358.985726485895,1.496868604161307,0.7824456411690626
929611.5502902801,50220.821340915434,1.5180881897885774,0.7921532817968707
930890.6267623478,50020.577790966796,1.5381793920649705,0.801392438418808
930890.6267623478,50020.577790966796,1.5381793920649705,0.8097076793785516
931416.1385469766,49834.1176639981,1.5543408822391622,0.8175954334966755
930312.9962725556,49686.199609096504,1.561081402771396,0.8248629252162929
927743.7563670939,49566.231142669734,1.5597679422193693,0.8313708312501478
923737.2670832642,49430.241363021436,1.5538095722481877,0.8370789874313377
923737.2670832642,49430.241363021436,1.5538095722481877,0.8422163279944086
917927.351604085,49269.25522610439,1.5423481658267937,0.8465533993406376
909365.7246057452,49156.75778599211,1.5158349222007046,0.8497939324615915
903779.2573880301,49049.548544760095,1.501027480905306,0.852340226238065
903779.2573880301,49049.548544760095,1.501027480905306,0.8546318906368912
893313.1753040499,48934.14010418709,1.4666746447377275,0.8558355676916453
880525.0767658146,48774.155273651835,1.4258945799115788,0.8558993754202702
880525.0767658146,48774.155273651835,1.4258945799115788,0.8559568023760327
867565.8561679714,48654.83483186407,1.3811300963830773,0.8548893745480064
857436.7056620308,48533.17340181721,1.3480707913561112,0.8531022068771086
840697.0947391768,48412.29516548697,1.2872645916169956,0.8499736009798227
840697.0947391768,48412.29516548697,1.2872645916169956,0.8471578556722654
824076.408534824,48250.05560835724,1.2295990416296183,0.8431820461457794
804844.7095284122,48107.2352344608,1.1592378341681326,0.8378447873854048
791594.1466128698,48005.66417669848,1.1107350238019387,0.8318286842419128
771934.3337093691,47859.82596330111,1.038061873871723,0.8245973626645146
771934.3337093691,47859.82596330111,1.038061873871723,0.8180891732448562
749862.0571223274,47695.64166339947,0.9559713188544415,0.8101795388917317
727891.7676154206,47518.98727911052,0.8745562151510585,0.801025490381335
713124.7957068383,47402.276468019416,0.8193638415416181,0.7914070373817419
713124.7957068383,47402.276468019416,0.8193638415416181,0.7827504296821082
689220.0759546594,47228.47439152659,0.7284976404227008,0.772687827724465
665661.8904450737,47078.23987770596,0.6370171680314659,0.761344474152805
641924.6808766818,46891.507590324196,0.546328119013259,0.7488682297128559
625078.1305470216,46823.20187942805,0.47782987006632044,0.7359271534932283
625078.1305470216,46823.20187942805,0.47782987006632044,0.7242801848955636
601107.084271648,46652.28698136296,0.384115918846517,0.7114550643771701
576875.6184283186,46546.431470477575,0.28508675450697973,0.6974367268021275
576875.6184283186,46546.431470477575,0.28508675450697973,0.6848202229845892
551940.8593048287,46401.16185509406,0.18458846969027454,0.6709529124283872
536327.5786601878,46350.17174994256,0.11932568785252405,0.6568407633818615
512581.695270436,46231.76068873865,0.021766804719552335,0.6417008571616641
488582.6032132283,46200.92201444875,-0.08144810312492391,0.6254945688673746
488582.6032132283,46200.92201444875,-0.08144810312492391,0.6109089094025142
466190.6664054061,46152.04672100864,-0.17698886176799297,0.595393296918063
451051.8358286672,46179.89856986774,-0.2442967971823663,0.5797465472966975
428440.557237621,46170.454921414064,-0.34261091137335037,0.5632066197826939
428440.557237621,46170.454921414064,-0.34261091137335037,0.5483206850200908
407868.88635258656,46230.00487876558,-0.4347168991984631,0.5326206940381202
386561.4500608779,46322.60873672966,-0.5309910051915971,0.5160838495045182
373190.19238029723,46379.92709471494,-0.5911827106540276,0.4996958967877157
373190.19238029723,46379.92709471494,-0.5911827106540276,0.4849467393425934
354353.2171427145,46509.943428627994,-0.677355312876967,0.4695181825864099
335360.6055557631,46653.482351992854,-0.7641402227572672,0.4534628587588373
317702.34957875917,46896.26130518844,-0.8475410707361408,0.43692804611455005
306841.8539321107,47014.97379835865,-0.897552397002367,0.4207964315780359
306841.8539321107,47014.97379835865,-0.897552397002367,0.40627797849517316
289811.7960419177,47296.063644762195,-0.9779517136272974,0.39120138780497343
274593.7215486416,47509.01988196579,-1.0480556891928619,0.3758798567946545
260178.515808686,47878.615402805066,-1.1177381323736724,0.3603484178058473
260178.515808686,47878.615402805066,-1.1177381323736724,0.34637012271592077
250377.2530442044,48009.71582490619,-1.1618805119844573,0.3326860976447173
237311.35910724345,48410.49826101353,-1.2249872945218228,0.3187928055172
237311.35910724345,48410.49826101353,-1.2249872945218228,0.30628884260243444
224885.13991441813,48674.693845068,-1.2818101309760779,0.29361470506778903
212731.61553193725,49108.57226068709,-1.3399237959662376,0.28075513966185417
205538.8176433066,49283.83383863444,-1.3724476817320552,0.2683684336523674
205538.8176433066,49283.83383863444,-1.3724476817320552,0.2572203982438293
195192.3125210061,49748.75672979089,-1.422225946666664,0.2459427097527798
184699.66123191727,50064.21405811759,-1.4694555580580542,0.23461204982605047
176214.9024970074,50492.71450578303,-1.5096384669009892,0.2234098831709207
170159.37432395437,50693.09795189316,-1.5364979032029367,0.21265644727375524
161760.9763785116,51136.26379466715,-1.5754669465341031,0.20200412888302713
161760.9763785116,51136.26379466715,-1.5754669465341031,0.19241704233137183
154600.781980365,51468.293459691144,-1.607622852894832,0.18298476677586387
147387.17797131883,51806.28487801646,-1.6396403684572922,0.1736952808868452
142765.4262696239,52027.62234801211,-1.6599861965794795,0.16482609788367367
142765.4262696239,52027.62234801211,-1.6599861965794795,0.15684383318081932
137417.46596561428,52367.3804848462,-1.684160136110605,0.14905544645997226
131435.07585785224,52693.89752980334,-1.710322407450726,0.1413918416277069
131435.07585785224,52693.89752980334,-1.710322407450726,0.13449459727866808
126446.26752753371,52901.872720829444,-1.731307873870311,0.1277624407040435
123718.14402571654,53122.986160580986,-1.7436649595505747,0.12139457264487478
123718.14402571654,53122.986160580986,-1.7436649595505747,0.11566349139162294
119057.56339533806,53306.75697565971,-1.762906648108494,0.11002447604974828
115419.2654842308,53582.840021247874,-1.7789131030522685,0.10454920086846674
112038.56862599475,53641.632965215445,-1.7920928141963037,0.09929196042671247
109716.54911530965,53824.959074861225,-1.8022226272904982,0.09430719870177877
106847.95892888228,53840.59465562327,-1.8130815674298169,0.08954943964585547
106847.95892888228,53840.59465562327,-1.8130815674298169,0.08526745649552452
104633.83830231287,54016.36402220556,-1.8226456453674906,0.0811745697117848
101726.11445891001,53958.852930177345,-1.8330917503080093,0.07722981898290608
100782.40604736432,54061.011373552086,-1.8373285714489265,0.0735736227983923
100782.40604736432,54061.011373552086,-1.8373285714489265,0.07028304623232991
98808.08969314383,53936.89019971103,-1.8438422008214137,0.06715868658856157
96979.6689983181,53971.39144166501,-1.8509070257899418,0.06417014228495686
96979.6689983181,53971.39144166501,-1.8509070257899418,0.061480452411712634
95788.71056092616,53828.98769956571,-1.854408584383595,0.0589721925609515
94282.71892437819,53712.34250964485,-1.8592813076440764,0.056592940613754444
93326.4621577574,53592.10255473591,-1.8620841590393848,0.05438154257639438
92734.7325243299,53452.44456334687,-1.863398469445494,0.05235842658261759
92734.7325243299,53452.44456334687,-1.863398469445494,0.05053762218821849
91572.09716029778,53253.620798443044,-1.8664935554619568,0.04882152108284772
90935.08420238218,53101.56890722526,-1.8679191419788106,0.047241390425092684
90519.67673070652,52823.80839718104,-1.8676892309243056,0.045825020609475776
90519.67673070652,52823.80839718104,-1.8676892309243056,0.04455028777542056
89475.5015371749,52512.33640097937,-1.8696485572208088,0.043354045067358286
89145.78767919388,52278.69268113725,-1.869384862704096,0.042284018993020055
88802.18759814995,52008.4344918135,-1.8689304496899617,0.04133235585146901
88143.31940911201,51716.653082165045,-1.8695566567019626,0.04046020384877304
88143.31940911201,51716.653082165045,-1.8695566567019626,0.03967526704634667
87623.5478315177,51282.80538456195,-1.8686932734556247,0.03899040850532138
87452.46345182754,51022.59474293368,-1.8676126924922467,0.038401050342483076
86787.08883781735,50682.061832333166,-1.8679376403716101,0.03786250429894451
86787.08883781735,50682.061832333166,-1.8679376403716101,0.03737781285975981
86767.53282904724,50394.64528828591,-1.8660472578073841,0.036988850128599225
86767.53282904724,50394.64528828591,-1.8660472578073841,0.0366387836705547
86244.87544500419,49913.56764221872,-1.8648129415248869,0.03635458176537706
85685.27134575181,49283.29806761875,-1.8626475421151674,0.03615293503596017
85685.27134575181,49283.29806761875,-1.8626475421151674,0.035971452979484966
85498.01569503325,49009.36898781075,-1.8614588862054526,0.03583783552640016
85498.01569503325,49009.36898781075,-1.8614588862054526,0.03571757981862383
85015.14763884059,48564.68859818591,-1.8602432310326713,0.03563974106094466
84915.05803323256,48262.27532102261,-1.8584502129561806,0.03561451163094568
84638.01787988389,47977.91422373502,-1.8575121400280366,0.0356152569671502
84638.01787988389,47977.91422373502,-1.8575121400280366,0.03561592776973426
84283.07304588916,47712.83092618032,-1.8570360612571395,0.03562843346133235
84293.2173738575,47359.03134387717,-1.854332834217497,0.03570726925976169
83663.89298952046,47050.26592974152,-1.8546745413086445,0.03576967880106941
83639.330179908,46848.85691590642,-1.8532392841747711,0.03586172881659319
83639.330179908,46848.85691590642,-1.8532392841747711,0.03594457383056459
83407.6087373255,46595.103427818176,-1.8522819112666737,0.03604306866584129
83063.75579208494,46359.128322287244,-1.8519403520241422,0.03614025299865361
83063.75579208494,46359.128322287244,-1.8519403520241422,0.03622771889818469
82722.4098795555,46071.52234418798,-1.851179195621059,0.03632546711783975
82726.7745821224,45968.449194628476,-1.8503485228475707,0.03643420733486651
82012.70404804032,45730.47853052753,-1.8516083165102675,0.03650057868862318
81941.9833585105,45596.661988292144,-1.8508600366640071,0.03657901990316069
81941.9833585105,45596.661988292144,-1.8508600366640071,0.036649616996244444
81427.15101606488,45353.37462719068,-1.8512050143912107,0.03670452993683974
81125.70022176646,45301.11757107408,-1.8521288801514046,0.03673085493937065
81125.70022176646,45301.11757107408,-1.8521288801514046,0.03675454744164847
80726.68158185635,45095.267818932756,-1.8522646798030948,0.03677247570240625
80251.76032038924,45024.95287661566,-1.853827330623556,0.03674954486657672
79702.28954504852,44845.11887866449,-1.8548563698759823,0.03670318113301949
79467.31065058081,44828.43205442779,-1.8557796034003207,0.03663837293470953
79467.31065058081,44828.43205442779,-1.8557796034003207,0.03658004555623056
78833.26439305437,44658.303156576374,-1.8572802069527312,0.036490035826789224
78158.28013434427,44589.30644852915,-1.8597809657785225,0.03634650809964724
78158.28013434427,44589.30644852915,-1.8597809657785225,0.03621733314521946
77156.8772746648,44399.852981412376,-1.862819626689657,0.03602510916345609
77156.8772746648,44399.852981412376,-1.862819626689657,0.03585210757986906
76550.73875022141,44261.49720308795,-1.8644851011736279,0.03565476929254145
75847.44508322724,44156.04722260274,-1.8668630818209428,0.035417715317763734
75119.15075612141,44047.53219148486,-1.8693429293556727,0.03514237055209554
75119.15075612141,44047.53219148486,-1.8693429293556727,0.034894560262994166
74564.15156294315,43965.85159084576,-1.8712488064358852,0.03462388407579762
73983.3733416967,43835.34804186348,-1.8729016970357564,0.034338953242323944
73008.98667385214,43677.281353177445,-1.8761673324363224,0.03400087460718349
73008.98667385214,43677.281353177445,-1.8761673324363224,0.03369660383555708
72380.93479511827,43547.325980274414,-1.8780689570312776,0.033375219526219434
71780.32147948683,43410.171995503726,-1.8797993151903865,0.03304271469383783
71000.68538092804,43254.327297618234,-1.882231643090266,0.0326826521471974
71000.68538092804,43254.327297618234,-1.882231643090266,0.032358595855221016
70214.91022556562,43047.63604007699,-1.8843223829995797,0.03201467669470942
69420.65847878167,42865.7221677547,-1.8866619817586456,0.03164665948127234
68864.52588762235,42718.05648266742,-1.8881577465175106,0.031278049870207346
68176.7680506226,42513.78485476164,-1.8898573127769847,0.030903812063761995
68176.7680506226,42513.78485476164,-1.8898573127769847,0.030566998037961177
67437.32073133475,42275.27422726233,-1.8915593385502625,0.0302213147704085
66703.81469251636,42032.43485259072,-1.8932192487567745,0.029868702074448288
66292.41381788105,41861.354910593705,-1.8938929172911092,0.029534508934725732
66292.41381788105,41861.354910593705,-1.8938929172911092,0.02923373510897543
65631.3827582094,41604.35673029318,-1.8951237535639875,0.028932267758978197
65123.586654292565,41350.56762633243,-1.8956474956004392,0.028647853593069397
65123.586654292565,41350.56762633243,-1.8956474956004392,0.028391880843751476
64478.44572015551,41067.40913597158,-1.896625187114676,0.028137063081509428
64242.02653880036,40906.33571818613,-1.8965439975558835,0.027909756834461397
63777.09194467165,40618.77336181138,-1.8966101360545338,0.027703527749651916
63777.09194467165,40618.77336181138,-1.8966101360545338,0.027517921573323383
63404.90574648825,40363.31724144464,-1.8964657350786924,0.027354486039023733
63125.03864804023,40071.25646876429,-1.8955657173463694,0.027229894501462126
63027.99099213163,39904.31774071502,-1.8947275201809737,0.027138717046791574
62685.09674003267,39615.17743341416,-1.8941484950212062,0.02707113296658226
62685.09674003267,39615.17743341416,-1.8941484950212062,0.027010307294393878
62754.46887972769,39369.32661958087,-1.8918015042600396,0.0270142389584535
62661.923612171944,39102.24365864081,-1.8900839448051168,0.02706071644248023
62650.21774207098,38953.048060252506,-1.8889073001427306,0.027131962294663945
62650.21774207098,38953.048060252506,-1.8889073001427306,0.027196083561629288
62927.051077098295,38696.857336570545,-1.8853189326069344,0.027343501890293002
63053.88809957082,38474.081429377205,-1.8827564320633587,0.027540240899679734
63053.88809957082,38474.081429377205,-1.8827564320633587,0.027717306008127794
63389.91705226157,38260.377160685945,-1.8791409126390228,0.027967052591339445
63791.193244724294,38118.30290135866,-1.8757741866711668,0.028275992665426332
64176.710520436,37922.00417556341,-1.8719788364248617,0.028648922488262157
64747.58510687397,37734.43369187097,-1.867233629152217,0.02910318951063052
64747.58510687397,37734.43369187097,-1.867233629152217,0.029512029830762045
65674.07155053044,37596.05626455395,-1.8609932236847546,0.030035996255566976
65999.43139270236,37485.67929140221,-1.8582068643900664,0.03057722502025862
66975.13430719032,37375.242282153566,-1.8518960460048692,0.03122210136811103
66975.13430719032,37375.242282153566,-1.8518960460048692,0.0318024900811782
68114.90094437785,37245.01844764642,-1.8444646317363849,0.03251062527965076
69020.93735960608,37192.735071780044,-1.8390360079241945,0.033283662553580826
69946.07040166951,37120.76701864354,-1.8332871507909356,0.034123117528449355
71455.45435093867,37105.97501560436,-1.8249362642332096,0.03508739916977418
71455.45435093867,37105.97501560436,-1.8249362642332096,0.03595525264696652
72604.35704303328,37057.70819737635,-1.8181813320557911,0.036905194080875094
72604.35704303328,37057.70819737635,-1.8181813320557911,0.0377601413713928
74461.04493528155,37094.4692267911,-1.8084834332066289,0.0387720414040878
75564.24964138043,37086.882425848526,-1.8024046007600607,0.0398347222446775
77021.3383014247,37169.97660635743,-1.795420971300375,0.040965725737700374
77021.3383014247,37169.97660635743,-1.795420971300375,0.04198362888142096
79236.2066051149,37217.927447142945,-1.783963400661087,0.0431861809767517
82253.07590500703,37398.51269402603,-1.7697751497302454,0.04462318413582039
82253.07590500703,37398.51269402603,-1.7697751497302454,0.04591648697898222
84731.87600239625,37575.6910788407,-1.7585682237612097,0.04736063268705376
84731.87600239625,37575.6910788407,-1.7585682237612097,0.04866036382431814
86795.62464655524,37726.17508608192,-1.7493546413085426,0.050060461409172766
89071.88844714047,37929.5109298693,-1.7397438209411313,0.051560819744727204
91005.18088325682,38062.67944675636,-1.7311616443631452,0.05312569666117586
93197.91653126659,38318.79124139407,-1.722848166560545,0.05474192283104464
93197.91653126659,38318.79124139407,-1.722848166560545,0.05619652638392655
95793.16874223619,38571.54364034269,-1.7124981459925044,0.05776442009572128
98734.45629871951,38836.49766396224,-1.7006473586045285,0.05947179412103594
100220.20130631847,39036.32485538189,-1.6955986921610997,0.06113464740490486
103005.90608435824,39349.85411686562,-1.6854521150576585,0.06288487978797291
103005.90608435824,39349.85411686562,-1.6854521150576585,0.06446008893273417
106032.16834231745,39700.50194228294,-1.674747238524951,0.06614539907633697
106032.16834231745,39700.50194228294,-1.674747238524951,0.0676621782055795
110489.20151073622,40288.55390573527,-1.660305666612162,0.0693883187197175
110489.20151073622,40288.55390573527,-1.660305666612162,0.07094184518244169
113642.6794092025,40639.821583343415,-1.6494426298044238,0.07261159491908692
115997.22135270733,41069.73167612419,-1.6437867590518207,0.07425576645088272
115997.22135270733,41069.73167612419,-1.6437867590518207,0.07573552082949894
119284.88012250516,41421.95618485343,-1.632629109267331,0.07734624101486577
121156.07475372659,41738.49435423109,-1.6279946032677446,0.07891175183168558
123587.14222832829,42113.75882746842,-1.6215723897925067,0.08048126690370437
123587.14222832829,42113.75882746842,-1.6215723897925067,0.08189383046852128
126704.8424062298,42597.02136157706,-1.6135301620406357,0.08336619337065326
129267.56531709328,42985.62384159223,-1.6069331551144213,0.08485624515572741
130781.03046261873,43335.98655153836,-1.604794244673545,0.08625076452331605
130781.03046261873,43335.98655153836,-1.604794244673545,0.08750583195414582
133810.7305983839,43725.81468500857,-1.5962508795108346,0.08884897677096038
136167.28697823075,44218.534736736015,-1.5923819400959833,0.09015453059146476
138383.17389456055,44631.153530454365,-1.5881127632880747,0.09143625845011642
138383.17389456055,44631.153530454365,-1.5881127632880747,0.09258981352290291
141222.80798930192,45081.40112895275,-1.5816580183556566,0.0937893817117212
142377.13006474354,45358.90617593929,-1.580391476004421,0.09490065664043855
144625.63718924718,45825.74103944123,-1.5769466256813076,0.09598692533436201
147078.25100298243,46283.86091279723,-1.572561923320339,0.09707418471791733
147078.25100298243,46283.86091279723,-1.572561923320339,0.09805271816311713
148913.67855655425,46732.5361253131,-1.5707949637436762,0.0989775722532135
150475.90101306958,47078.158820629884,-1.5688215860009986,0.0998592753778672
150475.90101306958,47078.158820629884,-1.5688215860009986,0.10065280819005551
153157.62386940003,47582.11229404014,-1.564284780271359,0.10148040786426599
155214.48381600215,48162.178161915836,-1.5634906660442696,0.10224510042673265
157209.26131322535,48539.18101639137,-1.560252366636254,0.10301428121815305
160272.00197320385,49203.60093151794,-1.5565210600284707,0.10379982659562598
160272.00197320385,49203.60093151794,-1.5565210600284707,0.10450681743535162
163167.73045387174,49898.52996031943,-1.5539675225445049,0.10520694762820385
167378.3058085245,50733.79930649097,-1.5480902608147706,0.1059839963450142
170071.5979960908,51299.07891705978,-1.5448353801167372,0.10676471220759434
174593.57700289885,52308.902295292486,-1.5403109316301051,0.10758046769608229
174593.57700289885,52308.902295292486,-1.5403109316301051,0.10831464763572143
180264.08189813388,53401.94374935099,-1.5326778394166645,0.10916623688673269
186503.1496874594,54657.98355498739,-1.52530514976435,0.11011698445395067
190894.83394677643,55575.81165226386,-1.5207355806050789,0.11108689649342864
190894.83394677643,55575.81165226386,-1.5207355806050789,0.11195981732895881
199279.77577040312,57088.40586020429,-1.5094742084461885,0.11302698038490822
207699.2210131852,58772.19753996612,-1.500756568897961,0.11420536812396836
207699.2210131852,58772.19753996612,-1.500756568897961,0.11526591708912251
217924.14167962025,60600.75257693741,-1.488240432305725,0.11653331457256713
225292.46146939063,61947.18650179711,-1.4800195073852078,0.11787949543068023
237139.68577412193,64080.57766000515,-1.4671590093782512,0.11941257065315593
237139.68577412193,64080.57766000515,-1.4671590093782512,0.12079233835338406
250468.6694507926,66466.6035876963,-1.4535145528455455,0.12237524069690701
264988.1771388909,68970.74924813009,-1.438659006037382,0.12417124147628177
275111.468114728,70827.45035537105,-1.4301502266751227,0.12600036166177553
291978.11612193217,73639.3895583054,-1.4138787787171967,0.12805335602766807
309926.7264515517,76723.27743112594,-1.398848012169628,0.13027682012066055
309926.7264515517,76723.27743112594,-1.398848012169628,0.1322779378043538
328459.2632921014,79918.21289959883,-1.3846567751629086,0.1344337246448457
342298.93279578537,82172.11975164093,-1.3734310441471267,0.13665457607668297
342298.93279578537,82172.11975164093,-1.3734310441471267,0.1386533423653365
362855.7016780147,85618.77360119426,-1.3588361194124838,0.14081710514349075
384761.53664839955,89262.4148811358,-1.3442392771619378,0.14312941270009324
384761.53664839955,89262.4148811358,-1.3442392771619378,0.1452104895010355
407623.7160448848,93035.9140199627,-1.329946873979077,0.14744076870145503
423244.0960336824,95606.80500558192,-1.3207621199396842,0.14967763883281743
446635.1494976229,99529.62473654798,-1.3085599576561486,0.15199587600813197
471783.06774508266,103484.738945917,-1.294146889322095,0.1544426161742664
471783.06774508266,103484.738945917,-1.294146889322095,0.15664468232378742
495898.6197933614,107589.28040779779,-1.2840240067693731,0.15887961392217434
512750.2182894739,110219.39618296515,-1.27537564905976,0.1611072613034629
538003.805083113,114321.2614798444,-1.2644942807671986,0.16338417815393666
562374.9783403926,118253.46136463761,-1.2544952956234237,0.1656833779479574
562374.9783403926,118253.46136463761,-1.2544952956234237,0.16775265776257606
587398.3405076482,122315.7331664537,-1.2450944504598225,0.1698500307248229
603663.99536205,124819.27532443637,-1.2382426046224841,0.1719089625367785
626762.4890576816,128723.25241533927,-1.2316380123374724,0.17392711597466387
626762.4890576816,128723.25241533927,-1.2316380123374724,0.17574345406876068
649752.4495122923,132277.5862068403,-1.222976931443787,0.17759468537578996
649752.4495122923,132277.5862068403,-1.222976931443787,0.1792607935521163
685010.13703349,137988.66668067614,-1.2124524810769137,0.18102340216998183
685010.13703349,137988.66668067614,-1.2124524810769137,0.1826097499260608
705442.3293852286,141248.05337540197,-1.2063848535572466,0.18418915359452356
723238.3475559781,144056.53589495196,-1.2011103982026068,0.18574247828000603
723238.3475559781,144056.53589495196,-1.2011103982026068,0.18714047049694027
749819.8802316578,148261.54560285155,-1.193673266245999,0.1885845917910963
749819.8802316578,148261.54560285155,-1.193673266245999,0.1898843009558367
763477.097133317,150484.24954636302,-1.1904369474240053,0.1911349471746529
763477.097133317,150484.24954636302,-1.1904369474240053,0.19226052877158747
774180.3386951069,152264.1767720263,-1.1882223947695814,0.1933289160251892
784159.4928412633,153709.4395483383,-1.184772433091621,0.19437671359537978
788612.4480018177,154508.08620442907,-1.1842785055781602,0.19533207959638782
793812.3950612304,155381.77736808473,-1.1833177358961726,0.19621592823934472
793812.3950612304,155381.77736808473,-1.1833177358961726,0.19701139201800594
797572.9565561732,155908.65602123277,-1.1819358347477837,0.19776185694751075
797388.8881102387,155913.84142125587,-1.1822081009557373,0.19843046872886627
796600.2501476462,155824.45008761168,-1.1826368781681227,0.1990214999017766
796600.2501476462,155824.45008761168,-1.1826368781681227,0.1995534279573959
793797.5810338471,155224.94050111098,-1.182296491021018,0.20004067288613087
787660.5315838887,154419.65476115455,-1.1849319131532476,0.2004133077686866
787660.5315838887,154419.65476115455,-1.1849319131532476,0.20074867916298678
773571.064479385,152084.58657126746,-1.1878196817201567,0.2009783192036842
773571.064479385,152084.58657126746,-1.1878196817201567,0.2011849952403119
760695.1801401443,150074.86433069353,-1.1913837476083813,0.20128190202607116
747424.6931295142,147979.87131253068,-1.1949954366197624,0.20127882590796997
747424.6931295142,147979.87131253068,-1.1949954366197624,0.20127605740167892
731445.0524683355,145305.16927100523,-1.198422054589145,0.2011879002967824
719493.0610356209,143529.38656958748,-1.2026534410882994,0.2010027742398967
700567.7274148078,140359.2539069369,-1.207010461890122,0.200727235268654
700567.7274148078,140359.2539069369,-1.207010461890122,0.20047925019453555
680402.8895263752,137166.93715529653,-1.213228363613071,0.20010061608475524
657740.2402596598,133565.8162228032,-1.2204717937471925,0.1995787596325999
642883.0813818107,131193.85496993156,-1.225352334567116,0.19898707530516202
642883.0813818107,131193.85496993156,-1.225352334567116,0.1984545594104679
618940.7081999659,127228.66924303737,-1.2325007602061648,0.197796584464267
593282.2372201488,123235.73356806314,-1.242696950551313,0.1969495022540575
568549.1732176015,119078.39886594017,-1.2506847746895042,0.19598743266141416
550735.1449132073,116215.8446215568,-1.2578767878403212,0.19494176969926472
550735.1449132073,116215.8446215568,-1.2578767878403212,0.1940006730333302
523820.3148595742,111865.83599320827,-1.2692298527965533,0.19286985941008336
497481.24399861036,107459.8072732952,-1.2799359308588194,0.19158447519760455
470572.345578568,103141.08043231272,-1.2934511387290608,0.19008974920961758
470572.345578568,103141.08043231272,-1.2934511387290608,0.1887444958204293
452220.9556408516,100181.34058717432,-1.303205317987512,0.18728991328869857
426839.129421089,95866.02752392081,-1.315615955377933,0.1856705230753804
426839.129421089,95866.02752392081,-1.315615955377933,0.18421307188339406
400075.08992991236,91477.84524241778,-1.331538175118217,0.18250331031709924
374965.82630598545,87356.0260374309,-1.3478811877402905,0.18055594959188206
358736.0621163086,84487.82163509188,-1.3572295644202947,0.17856961552218648
334487.92909468844,80531.54106764174,-1.375876379101884,0.17631574449242074
334487.92909468844,80531.54106764174,-1.375876379101884,0.17428726056563157
311425.60261519084,76537.95657364406,-1.3929289826698468,0.17203530994232225
289877.1569989778,72886.6500753429,-1.4114350470428598,0.16954590277201853
275437.49659571255,70424.83816799079,-1.4247409739327206,0.16697278814649869
275437.49659571255,70424.83816799079,-1.4247409739327206,0.16465698498353082
255669.62480889837,67082.45035860587,-1.4448599062440717,0.16206978882907594
237553.24566006954,63790.05007670163,-1.4624548233037584,0.15930143936357438
219403.98989968843,60813.659366269734,-1.4858730837883678,0.15622446833250775
219403.98989968843,60813.659366269734,-1.4858730837883678,0.1534551944045478
209169.19633326368,58871.98990006239,-1.4969310009406576,0.1506863999405766
194248.8878621716,56255.680378632795,-1.5170850644474676,0.14769063333533222
180270.78937841262,53782.10508490455,-1.5374623387318194,0.14448501153350352
180270.78937841262,53782.10508490455,-1.5374623387318194,0.1415999519118577
168242.95667323502,51542.275119271995,-1.5551400033771856,0.13856145663624228
160982.7467944878,50166.816020512895,-1.5662718542533987,0.1355485146162831
149945.46612811225,48293.44002308133,-1.587248676029788,0.1323124462539101
149945.46612811225,48293.44002308133,-1.587248676029788,0.1293999847277744
141727.92648307706,46625.464424204976,-1.6003855089278551,0.12645034853180057
133394.93759174985,45104.422335962445,-1.6169631153153692,0.12338123579573629
128588.63778680649,44239.980942610724,-1.6272136791963598,0.12036277023625366
122782.88519776895,43017.22692634352,-1.6377646804480686,0.11738237620142658
122782.88519776895,43017.22692634352,-1.6377646804480686,0.1147000215700822
117183.7668992501,41995.56734144293,-1.6506427622366182,0.11196395035715853
117183.7668992501,41995.56734144293,-1.6506427622366182,0.10950148626552723
110418.67311749849,40551.20630702991,-1.6642367676027348,0.10694541844890615
110418.67311749849,40551.20630702991,-1.6642367676027348,0.10464495741394716
106690.06016392254,39844.8594393156,-1.673369484159907,0.10234622456855477
103779.33717244709,39274.30670496876,-1.6804675606160149,0.10009991309629893
103779.33717244709,39274.30670496876,-1.6804675606160149,0.09807823277126866
101900.59904988651,38789.32566175863,-1.6835710278791205,0.09618113379716378
100042.89093244847,38519.828675606885,-1.6895875087765737,0.09432333269803306
98513.05046740442,38166.83195205651,-1.692825206058929,0.09257036927675652
98513.05046740442,38166.83195205651,-1.692825206058929,0.09099270219760763
97068.4624073483,37854.31498984661,-1.6962222267672504,0.08948787630866561
95531.22034708496,37631.690937334366,-1.7013985595752208,0.08800412468841855
94839.36091192454,37457.09495036344,-1.7027365545602722,0.08663529835556989
94055.69270210186,37309.48442537746,-1.704951263419199,0.08534798693453292
94055.69270210186,37309.48442537746,-1.704951263419199,0.08418940665559965
92693.26019375697,37133.46917372555,-1.7099382800079759,0.08302200898984029
92217.71846831794,37037.25218444356,-1.7112192227869418,0.08193932752118271
91587.41961296294,36950.95537215391,-1.7134854525707672,0.08090825845479527
91587.41961296294,36950.95537215391,-1.7134854525707672,0.07998029629504656
90708.64111536588,36902.407518806445,-1.7176283154116336,0.07904155878025106
90424.39261250022,36816.160928525824,-1.7180238827338297,0.07818680583388021
90424.39261250022,36816.160928525824,-1.7180238827338297,0.07741752818214646
89668.04566287533,36768.5460026639,-1.721529189973515,0.07663754561459395
89397.51560440953,36730.91034103422,-1.7225101201800568,0.07591103804863314
89423.80172027087,36723.34380182398,-1.722264754249452,0.07526331538753352
89102.81269560271,36724.001782560386,-1.7240354043179626,0.0746360987408311
89102.81269560271,36724.001782560386,-1.7240354043179626,0.07407160375879893
89144.96209502804,36700.96183177169,-1.7234968816299008,0.07357702134217152
89511.2681331957,36740.22578789514,-1.7220104171524917,0.07316905877914208
89402.26817971889,36750.44957592092,-1.7227448896203352,0.07278353066071949
89402.26817971889,36750.44957592092,-1.7227448896203352,0.07243655535413918
90089.33771062143,36826.34767788552,-1.7199947802310445,0.07219303031294916
90701.87941775798,36823.88762526533,-1.716608817197172,0.07205850685172495
91006.49660962242,36902.777456055584,-1.7160063229982425,0.0719524980915964
91006.49660962242,36902.777456055584,-1.7160063229982425,0.0718570902074807
92050.34438786563,36923.79481912788,-1.7105907708816288,0.07190661191469191
93136.36693129328,37048.6468420854,-1.706375457262536,0.07205656429165933
93136.36693129328,37048.6468420854,-1.706375457262536,0.07219152143093
95277.47069792972,37188.51813302612,-1.6966759726136538,0.07255546997249565
95277.47069792972,37188.51813302612,-1.6966759726136538,0.07288302365990475
96643.62899675201,37226.58436502807,-1.6898066697451593,0.0733495545502853
96643.62899675201,37226.58436502807,-1.6898066697451593,0.07376943235162779
100157.55823242434,37433.142501308335,-1.6737722712520942,0.07454818233516267
101142.49194534251,37527.40000997229,-1.6698365128452597,0.07534745128051491
101142.49194534251,37527.40000997229,-1.6698365128452597,0.07606679333133193
102935.15417443594,37594.19543128182,-1.6611898973307309,0.07693036656493046
102935.15417443594,37594.19543128182,-1.6611898973307309,0.07770758247516915
105200.4920084111,37722.533091148565,-1.6509626678748623,0.07866275753078068
106916.0961110694,37829.1234961524,-1.643405035122032,0.07971135589965182
108320.53343094538,37917.5782813748,-1.6372679757658886,0.08080852091553943
108320.53343094538,37917.5782813748,-1.6372679757658886,0.08179596942983827
110754.56973504953,38013.963073007064,-1.6258213534164576,0.082970838651443
112438.80662915939,38116.81510552809,-1.6184993476905711,0.08421127109403442
114819.2365945777,38245.04919824847,-1.6079468935835528,0.08559147164504216
116273.4122459827,38287.63040639952,-1.6009641513521113,0.08700822069673517
116273.4122459827,38287.63040639952,-1.6009641513521113,0.08828329484325886
117949.35493757267,38401.08129690124,-1.5939754147818237,0.0896055799893874
120158.80583765177,38474.063685411194,-1.58357418037494,0.09105566748107517
120158.80583765177,38474.063685411194,-1.58357418037494,0.09236074622359416
121988.80035744206,38598.25725358499,-1.576042964509541,0.09372359748849624
122904.75629818505,38641.2598887602,-1.5719738513422477,0.09505189145609043
124886.68543799758,38748.5351217208,-1.5634387216736536,0.09646073426864005
126311.88489203408,38790.53999414208,-1.55673628651333,0.0978962536789428
126311.88489203408,38790.53999414208,-1.55673628651333,0.09918822114821527
127479.50994971117,38879.42497532952,-1.5521832593085034,0.10046481755068117
128547.70063478421,38874.08902223345,-1.5465537007479682,0.10175449327691385
129491.2781649202,38943.18758639839,-1.5428523863785801,0.10300773428975797
129491.2781649202,38943.18758639839,-1.5428523863785801,0.10413565120131767
130175.60316402336,38950.09446389827,-1.539429766104343,0.10523634192857732
131102.8857969969,38981.10702529723,-1.5351707344921255,0.10633343937341645
131213.45265479048,38983.19303760935,-1.5346352986516958,0.10733421296978242
131213.45265479048,38983.19303760935,-1.5346352986516958,0.10823490920651178
131352.07948606365,38996.657312231386,-1.53415299658776,0.1090575933711666
131641.78697320417,38966.191776232765,-1.5321235044838035,0.10984874642195486
131641.78697320417,38966.191776232765,-1.5321235044838035,0.1105607841676643
130880.88162602631,38879.00645511193,-1.534541403610648,0.11114117066063167
130880.88162602631,38879.00645511193,-1.534541403610648,0.11166351850430231
130488.11703439923,38817.710936349344,-1.5355094505186293,0.11210943039090634
129395.72791490778,38739.05475661084,-1.5398177093991392,0.11240304461683723
128440.67677833863,38626.01113240754,-1.5428312381445797,0.11259195920153901
128440.67677833863,38626.01113240754,-1.5428312381445797,0.11276198232777063
127713.99762413785,38571.79350642495,-1.5456866264002573,0.11284361843498714
126056.4716675245,38441.89726595899,-1.5521227164798133,0.1127561886794931
126056.4716675245,38441.89726595899,-1.5521227164798133,0.11267750189954845
124574.06523129098,38315.50151724889,-1.55774096778129,0.11246622751506137
122805.55660164355,38146.745064316754,-1.5641867260900624,0.11211493661130367
121416.96852081401,38040.897385347394,-1.5697390094963002,0.1116599677127658
121416.96852081401,38040.897385347394,-1.5697390094963002,0.11125049570408171
119456.86939646839,37850.78004974013,-1.5769458843108597,0.11070179902590206
117387.27735248614,37674.117410270475,-1.5850359485716212,0.11000572040902132
115031.42349331635,37464.393048525024,-1.5941953796132866,0.10915026387778702
113608.19462881747,37343.86173082777,-1.5998799802629753,0.10823823798343393
113608.19462881747,37343.86173082777,-1.5998799802629753,0.10741741467851616
111350.44120845254,37130.95619210849,-1.60862041232003,0.1064601629026638
108955.9053740043,36932.59180482954,-1.6184427098297356,0.10535307886665404
106764.6516430107,36715.921852158186,-1.6269635274827583,0.10414368279291969
106764.6516430107,36715.921852158186,-1.6269635274827583,0.10305522632655877
105307.338406816,36582.24623378477,-1.6328516445864962,0.10192841257924048
103036.76862599584,36363.25841792164,-1.6419436406107517,0.10068698030604764
101001.29525988121,36159.74422869949,-1.6500757429791109,0.09936638870096512
101001.29525988121,36159.74422869949,-1.6500757429791109,0.09817785625639085
99129.61514642957,35951.249525052626,-1.6573046830920024,0.09692745355345171
97811.9994329113,35823.616240127136,-1.6627384073814542,0.09566624801357018
96196.79783031711,35638.21535924315,-1.6690109083375588,0.0943743505037742
96196.79783031711,35638.21535924315,-1.6690109083375588,0.09321164274495781
94736.33539678848,35484.67589210649,-1.6749528599277699,0.09201665697226778
93413.80238715024,35326.203850331614,-1.6800851227649798,0.09081286320591651
92678.21520703875,35261.33991105884,-1.683309615288503,0.0896488365031123
91973.38915622116,35130.67137640325,-1.6853831726050863,0.0885493735376739
91973.38915622116,35130.67137640325,-1.6853831726050863,0.08755985686877936
91175.64744634624,35052.51762918176,-1.6887940219118176,0.08658402063410599
90959.13477350601,34966.93519552947,-1.6887588741598734,0.08570664671669856
90959.13477350601,34966.93519552947,-1.6887588741598734,0.08491701019103187
90920.87245321198,34938.85770198976,-1.6885582453338455,0.08421135303858256
90924.27048716143,34898.868544267745,-1.6879375612565324,0.083591778703311
91397.5676423088,34927.79494778362,-1.6856410461593843,0.08309157467899529
91943.97639379384,34950.261362942954,-1.6828287511660225,0.0827116984319452
91943.97639379384,34950.261362942954,-1.6828287511660225,0.08236980980960011
92570.48679441573,35032.176042543135,-1.6804637982341935,0.08212123387278526
93784.23878628497,35099.39354133498,-1.674513395981789,0.082046275585962
93784.23878628497,35099.39354133498,-1.674513395981789,0.08197881312782107
96106.31878220098,35288.433370125465,-1.6641346184993182,0.082177566352556
96106.31878220098,35288.433370125465,-1.6641346184993182,0.08235644425481745
97997.47245495119,35478.951604911475,-1.6563380374427905,0.08271234889326594
99991.7248202965,35660.623588493254,-1.6479019469450773,0.08324356533031242
99991.7248202965,35660.623588493254,-1.6479019469450773,0.08372166012365426
101967.9442581589,35883.13017634189,-1.640305373631458,0.08434185977050238
103572.50982625628,36057.384286292756,-1.6341035209126402,0.08505508577063614
106146.68117786046,36327.58959314286,-1.6241267714433236,0.08594640790748943
108307.37375479261,36603.69496393981,-1.616670837262526,0.08693499618517735
108307.37375479261,36603.69496393981,-1.616670837262526,0.08782472563509647
111270.30382289745,36877.61326878684,-1.6049057277994627,0.08891960987660026
111270.30382289745,36877.61326878684,-1.6049057277994627,0.08990500569395367
113746.15332657848,37205.914505215216,-1.5968589165575837,0.09099303221061872
115415.64353075402,37367.93555619141,-1.590525212704382,0.0921305986719473
118388.12998648376,37698.06901376081,-1.5800834254486456,0.09341545316853643
118388.12998648376,37698.06901376081,-1.5800834254486456,0.09457182221546664
120887.56729571529,37978.576450041575,-1.5714930830793552,0.09582731291693611
123466.15668388405,38333.9028425464,-1.5638813000677265,0.09714754912354934
125434.03945646479,38519.4285774563,-1.5567103181095325,0.09851503625845609
127717.4945883216,38867.046192730355,-1.5507385276231356,0.0998950694420321
127717.4945883216,38867.046192730355,-1.5507385276231356,0.1011370993072505
130000.65119960447,39116.74673076669,-1.5432014265842136,0.10244335371192011
132591.41364121766,39452.89681418514,-1.5356725340030979,0.10380720499065064
133663.39109840727,39572.5621692394,-1.532260692838753,0.10511996717061675
133663.39109840727,39572.5621692394,-1.532260692838753,0.10630145313258627
135650.05726141942,39890.015356849384,-1.5276399950257582,0.10748030794368368
137609.74368826087,40082.99309156904,-1.5210851405583194,0.10870514863535732
138810.7497159091,40349.59644586516,-1.519657763907445,0.10984318967413548
139789.61878262254,40455.696667985656,-1.5165991697151235,0.11094389146384384
139789.61878262254,40455.696667985656,-1.5165991697151235,0.11193452307458136
141236.8011967281,40708.49529457368,-1.5137585968978948,0.11289710584467585
141700.7936734083,40848.4522462363,-1.5138651040546451,0.11376076765884215
141700.7936734083,40848.4522462363,-1.5138651040546451,0.1145380632915918
142698.80310055212,41010.7125165658,-1.5117263527903813,0.11529109814267309
143000.96795014662,41075.00378377901,-1.5113413162210096,0.11597845542288054
142890.18196955617,41220.18006273516,-1.514354668830435,0.11652174315983162
143138.7011705245,41313.58744939188,-1.5147219579425615,0.11700151989528443
142742.93667421344,41352.543887359774,-1.517309019754073,0.11736864241190417
142742.93667421344,41352.543887359774,-1.517309019754073,0.11769905267686193
142163.26752311594,41414.12146907452,-1.5211649642340384,0.11790002330332477
141790.36741217342,41444.86430436211,-1.5234918735845524,0.11802272413337848
141790.36741217342,41444.86430436211,-1.5234918735845524,0.11813315488042682
140712.81369948102,41513.7283600363,-1.5298679392634054,0.11807314091079901
139345.6836165643,41446.09188875844,-1.5354019544139834,0.11788077795936953
138707.08486909445,41502.646526212535,-1.5394270210875147,0.11760702463624471
138707.08486909445,41502.646526212535,-1.5394270210875147,0.11736064664543237
137046.44492842507,41419.42842405879,-1.5461551725454707,0.11697070266725237
135198.77141565026,41464.00120216273,-1.555854358405232,0.11637727344039635
133556.56131988898,41325.63329719195,-1.5616638519505412,0.11569794979759318
132064.21082495182,41373.2019076744,-1.5696836382472814,0.11488606386165184
132064.21082495182,41373.2019076744,-1.5696836382472814,0.11415536651930464
129764.48284212168,41222.57671448812,-1.5785779171645289,0.11327538193826095
127818.14246524646,41247.14114027914,-1.5884674388163755,0.11223615777402547
125115.99363229796,41099.659211309976,-1.599478590430428,0.11102557723586222
125115.99363229796,41099.659211309976,-1.599478590430428,0.1099360547515153
123553.87434212753,41132.64235484151,-1.6076258626541835,0.10875180271000918
121240.90613218483,40963.635143636806,-1.6165093286898922,0.10746388922176096
118528.73676037542,40952.844549850306,-1.6297015675837192,0.10597496110999188
118528.73676037542,40952.844549850306,-1.6297015675837192,0.10463492580939972
115996.37325269019,40849.58182800979,-1.6407227229094181,0.10315336515572429
114469.34348274971,40840.14976021968,-1.6481273884854364,0.10163484392801596
111611.43189766938,40723.81945107661,-1.6606593846365476,0.09995487491930068
111611.43189766938,40723.81945107661,-1.6606593846365476,0.09844290281145693
109231.00046054182,40684.46750968298,-1.6719189254516795,0.09680063939401924
106783.9095041269,40679.72377466831,-1.683981389681208,0.09502104071258713
105053.3473205346,40645.33488502108,-1.6921160706355287,0.09321603487544021
102708.32671664603,40634.22058884433,-1.7036063858182,0.0913042717424412
102708.32671664603,40634.22058884433,-1.7036063858182,0.08958368492274209
100553.01136598959,40580.72005254787,-1.713640526942346,0.08778430325690924
98251.0105303702,40683.69753230651,-1.726310283806904,0.08584811583604572
96988.30426675291,40623.9120885068,-1.7318593037528025,0.0839668216586211
96988.30426675291,40623.9120885068,-1.7318593037528025,0.08227365689893894
95159.82768688105,40733.86713289446,-1.742206593904014,0.0804911263614447
93172.60829736172,40698.003385677446,-1.7516340716795469,0.07865116193331156
92232.9816820453,40835.069440741674,-1.7578212665774575,0.07684051407554397
92232.9816820453,40835.069440741674,-1.7578212665774575,0.07521093100355314
90817.05734740554,40847.51617656206,-1.764947219466304,0.07356615741654023
89452.79614790906,41054.331910508095,-1.7739032321519679,0.071861960871087
88397.18149240078,41080.1488417068,-1.7793589378170604,0.07019179133855179
87918.02902654132,41269.81164967257,-1.7836925994359254,0.06858029721879848
87918.02902654132,41269.81164967257,-1.7836925994359254,0.0671299525110205
86882.88505200198,41334.77606119358,-1.7894154466264511,0.06568157109425717
86622.8824142494,41615.62780393578,-1.7935341753332605,0.06427505960149993
86135.68318833555,41750.2374428521,-1.797239163248316,0.06291657456014203
86135.68318833555,41750.2374428521,-1.797239163248316,0.06169393802291993
86062.35557479126,41984.31257535812,-1.7999098007837604,0.060526799201033925
86068.42696395297,42147.498816645,-1.8014805728935426,0.05943710495859197
86378.65086851185,42487.65299660193,-1.8033042478796915,0.05841078826574048
86378.65086851185,42487.65299660193,-1.8033042478796915,0.05748710324217415
86707.83039339828,42763.702319396965,-1.8043979823088299,0.056628443360235994
87271.75242213668,43018.268261099554,-1.8041741766450512,0.055861244608086114
88000.07209696971,43320.59602846903,-1.8036391566296022,0.05518414123153745
88000.07209696971,43320.59602846903,-1.8036391566296022,0.05457474819264365
88876.59560176132,43720.47300890881,-1.8033430435610414,0.054033697284353255
90324.8039301414,44152.384597987286,-1.800739858273255,0.05361183109908656
91099.03688787883,44440.08840202858,-1.7998977277492665,0.053253204795446235
92596.39679785201,44899.43812842783,-1.7974028483810058,0.05299281310637647
92596.39679785201,44899.43812842783,-1.7974028483810058,0.05275846058621368
94291.95910395567,45368.085192323895,-1.7941635718025377,0.052628525232528874
96245.9835973879,45941.456873877316,-1.7908187313188655,0.05259520442630435
97376.20808100187,46264.835683428435,-1.7888461138463936,0.052614531137514076
97376.20808100187,46264.835683428435,-1.7888461138463936,0.05263192517760283
99834.71944043506,46863.492450921265,-1.783691121782929,0.05277645461526933
101844.2305961017,47403.48520497499,-1.7800377996133692,0.05299786416340817
101844.2305961017,47403.48520497499,-1.7800377996133692,0.05319713275673312
104425.12275471781,48071.405144223245,-1.7752328509073205,0.053496598208376794
106058.87847958921,48438.25178639524,-1.7717503331940767,0.0538531800576872
108730.57008707881,49125.94347757442,-1.766966271972658,0.054293705252602034
111371.569459393,49724.87367440219,-1.7616340332273217,0.054823483896658795
111371.569459393,49724.87367440219,-1.7616340332273217,0.055300284676309874
114233.47577059556,50424.568915336524,-1.756458236612312,0.055858800293371084
115984.92030321679,50821.874159978266,-1.75308147058704,0.056445883499357974
118947.76515776284,51524.01090511528,-1.7477591684070501,0.05710731593924592
118947.76515776284,51524.01090511528,-1.7477591684070501,0.05770260513514508
121908.03569689587,52143.18136262,-1.7418412601730329,0.05838631311730475
124564.96590251733,52803.62235649133,-1.7375930647189084,0.059107855187601574
127707.26786659955,53432.31398926029,-1.7313337624678795,0.05991372560714443
129395.66414053635,53844.33374662326,-1.7286996192501154,0.060704862565177105
129395.66414053635,53844.33374662326,-1.7286996192501154,0.06141688582740651
132250.4809164741,54427.2102437191,-1.7233144092713646,0.06219233701288175
132250.4809164741,54427.2102437191,-1.7233144092713646,0.06289024307980946
134858.8972603714,54985.221246866444,-1.71872272943786,0.06363315053588202
137507.9568007685,55535.98274266902,-1.7140106693377153,0.06441956874885094
139011.94267160067,55855.21199956291,-1.711435519007619,0.06519172389877537
139011.94267160067,55855.21199956291,-1.711435519007619,0.06588666353370735
141620.06370232056,56332.07913437969,-1.7063497145690056,0.06663925431611148
143663.35110318803,56732.09543878006,-1.7026629355954481,0.06740875549461413
145778.91350074208,57133.44213450902,-1.698784761246001,0.06819826091400269
147048.19541673476,57328.32211281591,-1.6960702085840484,0.0689766796080012
147048.19541673476,57328.32211281591,-1.6960702085840484,0.06967725643259988
148779.06441343858,57637.111522316205,-1.6927869159666078,0.0703898578901747
150415.48074892437,57837.707989098824,-1.688888395265277,0.0711286622195253
151645.80187249105,58027.94228436281,-1.6863331764353275,0.07185746658668958
151645.80187249105,58027.94228436281,-1.6863331764353275,0.07251339051713743
152478.32478386755,58082.045322940714,-1.6839346163174487,0.07316368605748746
153445.14348744118,58164.79905539714,-1.6813369515615395,0.07381389366270023
154289.23979249966,58140.90440892463,-1.678191961018837,0.07447770527095929
154289.23979249966,58140.90440892463,-1.678191961018837,0.07507513571839243
154675.8077488049,58075.08921283346,-1.6762440218573684,0.07566152160011898
155082.39951987562,57978.1986354239,-1.6739332502416142,0.07624703818406672
155024.74354158613,57801.4833819397,-1.6724859132898544,0.07681018653341369
155024.74354158613,57801.4833819397,-1.6724859132898544,0.07731702004782597
155049.57086364366,57544.512207895,-1.6699847490640864,0.0778356993164412
154691.41930831523,57217.40292644611,-1.668141486602126,0.07834859221974394
154332.0866754094,56971.94931635433,-1.6670649546739367,0.07883710913092112
153565.57415538013,56537.87539948213,-1.6656054951762138,0.07931326083842367
153565.57415538013,56537.87539948213,-1.6656054951762138,0.07974179737517596
152682.6981955287,56053.80828156387,-1.6640522742564137,0.08016631078124802
151452.3258198697,55493.374178310216,-1.6629764728389285,0.08057526788215001
150594.31595474578,55102.9600030109,-1.6622173915103005,0.0809623063061775
150594.31595474578,55102.9600030109,-1.6622173915103005,0.08131064088780224
149150.7989799311,54454.11759743733,-1.6609967798384624,0.08165465730306046
147279.22199562573,53774.976053401544,-1.6610394976975422,0.08196320413031585
145623.28439854915,53041.374023857716,-1.659697026726119,0.08227445804913129
145623.28439854915,53041.374023857716,-1.659697026726119,0.0825545865760652
144196.682306852,52539.5467437533,-1.6598844526816348,0.08280201660141781
142022.16057842,51744.81457068674,-1.659858549920985,0.08302535119325141
139819.60125942976,50926.16512793118,-1.6596829722857052,0.08323074176678365
139819.60125942976,50926.16512793118,-1.6596829722857052,0.08341559328296265
135649.77804289627,49520.02610965203,-1.6609416503407453,0.08355049269614775
135649.77804289627,49520.02610965203,-1.6609416503407453,0.08367190216801434
133344.83013528737,48668.938739738085,-1.660832192161333,0.08378390714717959
130625.12978342717,47794.99357104186,-1.662203849090625,0.08385042020519602
130625.12978342717,47794.99357104186,-1.662203849090625,0.0839102819574108
127911.44278629417,46952.29156345874,-1.663966423093317,0.0839200931843368
126275.07572883333,46369.740571631904,-1.6641808717108746,0.08392356207313126
123466.28572919103,45546.1901670246,-1.666686148785579,0.08386405214617865
123466.28572919103,45546.1901670246,-1.666686148785579,0.0838104932119213
120759.73930838724,44705.98020947216,-1.6686200398799966,0.08371394289372926
120759.73930838724,44705.98020947216,-1.6686200398799966,0.08362704760735643
116330.68073526776,43391.80484217198,-1.672704314132049,0.08344673499331956
116330.68073526776,43391.80484217198,-1.672704314132049,0.08328445364068639
113605.42671437432,42667.27484211268,-1.676402642512625,0.08304594221380213
111291.7358225176,41943.46963189161,-1.6782600603119586,0.08278484648462296
109391.40109854813,41512.66082809122,-1.6819369597539426,0.08245793784231209
107003.54377774203,40853.376913501146,-1.6851468267006107,0.08208347339056561
107003.54377774203,40853.376913501146,-1.6851468267006107,0.08174645538399378
104769.7858944464,40280.07796349078,-1.688810785397919,0.08135154021064643
102314.64516076042,39729.06403232489,-1.6939957450376506,0.08086649256364052
100893.74582066847,39411.16472049713,-1.6970758034673366,0.08035294822059305
100893.74582066847,39411.16472049713,-1.6970758034673366,0.07989075831185033
99071.80831271688,38936.47533731416,-1.7002167524002378,0.07939626367065934
96847.65283124663,38545.71750807145,-1.7066483857123478,0.07879042766078471
95185.17453990852,38203.73794133684,-1.7108864755549744,0.07813922300583188
95185.17453990852,38203.73794133684,-1.7108864755549744,0.07755313881637434
94144.68013751884,38007.90351439212,-1.713816988075224,0.07695240023285631
92233.27934391257,37745.2040327064,-1.7205495484972035,0.07624342149714058
91015.39927690798,37543.78467968953,-1.724445801586536,0.07550793430776313
91015.39927690798,37543.78467968953,-1.724445801586536,0.07484599583732342
89555.23930243732,37421.43185559362,-1.7307132895778696,0.07409356401414434
88608.65202598574,37343.842106219076,-1.7348204389453108,0.07331369663909713
87578.23178043053,37299.211404405854,-1.7398167275418783,0.07248690878664046
86651.97753391549,37275.15597632271,-1.7445201746033439,0.07162521354289282
86651.97753391549,37275.15597632271,-1.7445201746033439,0.07084968782351994
85459.55980317394,37361.67551406476,-1.7520385694723297,0.0699637548043597
85229.92415218371,37390.710805513925,-1.7536345631970904,0.06912651524399648
84427.75841028073,37547.88435578075,-1.7598642322699924,0.06821725791284702
84427.75841028073,37547.88435578075,-1.7598642322699924,0.06739892631481251
83740.95912631837,37675.81670786466,-1.7650777563299092,0.06653208977508353
83740.95912631837,37675.81670786466,-1.7650777563299092,0.06575193688932744
83549.24027809357,37938.785775477496,-1.769201839854217,0.06494669720403927
83262.15079715537,38051.89337284733,-1.7720421224151808,0.06415097442325582
82776.04831517207,38377.42260812348,-1.7783365479981752,0.06327746328097586
82889.15504561509,38634.272974036336,-1.7806368772994567,0.062433795020391855
82889.15504561509,38634.272974036336,-1.7806368772994567,0.061674493585866255
82640.16297640934,39223.175125860915,-1.7884096246600145,0.06079680361077927
82640.16297640934,39223.175125860915,-1.7884096246600145,0.06000688263320098
83077.50616741391,39672.670266523026,-1.7909993881613067,0.05923120966584822
83077.50616741391,39672.670266523026,-1.7909993881613067,0.05853310399523073
83052.1599885948,40036.16085819491,-1.794959329986033,0.05780581034605683
83506.2194702093,40504.24306084335,-1.7975319334351478,0.05708693097557245
83860.14948259335,40757.09767730721,-1.7983597022270776,0.05641924532233827
84319.23339760391,41272.13295888996,-1.8012931714837148,0.05574499150301157
84319.23339760391,41272.13295888996,-1.8012931714837148,0.05513816306561754
84806.11393128401,41714.51004132308,-1.8033077005715918,0.054541654244765994
85808.14613980657,42191.83280599005,-1.803156592008647,0.054008574020073224
86064.08564599878,42509.22855189908,-1.8050038608081138,0.05348262009786306
87047.77726077818,43017.7098840518,-1.8052183693265342,0.0530038988549134
87047.77726077818,43017.7098840518,-1.8052183693265342,0.052573049736258703
88114.14692094976,43512.468619636085,-1.8049162889468657,0.05219283753896119
88961.72249982729,43944.5417996999,-1.8050419097674428,0.051847506040878996
89750.64705334093,44290.121357585806,-1.8046353525691992,0.05154687162256112
89750.64705334093,44290.121357585806,-1.8046353525691992,0.05127630064607504
91192.2519823641,44737.04659175107,-1.8022205461477143,0.05109315692777468
92263.70311593918,45259.48499601133,-1.802191553931887,0.05092905238670004
93759.41746172115,45636.53294439765,-1.7989800995956498,0.0508616446581388
94846.663686997,46011.4230696946,-1.797591169431937,0.050835700956526494
94846.663686997,46011.4230696946,-1.797591169431937,0.05081235162507542
96083.88986041295,46385.024690805476,-1.7955613525886134,0.050842082647852546
97964.32865283058,46894.10672771463,-1.7920112417686014,0.050957593338852254
97964.32865283058,46894.10672771463,-1.7920112417686014,0.051061552960751995
99439.68189698404,47225.84112757542,-1.7886720053866485,0.05123859753001058
100571.61912205498,47567.8713394852,-1.7869271812782919,0.05144155824505223
100571.61912205498,47567.8713394852,-1.7869271812782919,0.05162422288858971
102349.94601838311,47876.17313442354,-1.7821843383885363,0.051907192140017336
104261.29851007812,48324.17451338314,-1.7782065861526664,0.05226130827219895
105858.65436209399,48633.576246346245,-1.774352797203963,0.052676357514879986
107393.56153928669,48922.528073475725,-1.7706200438874866,0.053143220666204825
109109.48569623161,49194.8148015265,-1.7660382771516971,0.053677941670791915
109109.48569623161,49194.8148015265,-1.7660382771516971,0.054159190574920295
111088.25722563607,49549.81300148572,-1.7611915051708702,0.054713483888156514
113224.6192139314,49854.24569305892,-1.755313306568595,0.05535930283512599
114570.45944717627,50055.87670164756,-1.7517377329945008,0.056029929226750874
114570.45944717627,50055.87670164756,-1.7517377329945008,0.056633492979213274
116513.13596843944,50314.38011827213,-1.746325286934959,0.057312011507917975
118820.77759792338,50556.41725629668,-1.739359255092842,0.05809682897980513
121011.54659546273,50850.624730743206,-1.7334160085702592,0.058951745867568135
121011.54659546273,50850.624730743206,-1.7334160085702592,0.05972117106655484
122457.01970865879,50959.66685342478,-1.728724838660462,0.06053093299338781
125032.13713511656,51204.38294134574,-1.7209025465151524,0.06145527603117022
125032.13713511656,51204.38294134574,-1.7209025465151524,0.06228718476517439
127256.08652104528,51327.751685121904,-1.7133517901117958,0.06322467153586206
130060.95171268214,51577.44376418374,-1.7048093437132457,0.06428197078944471
131819.9481756868,51599.57072085074,-1.6981558516271054,0.0653998774198226
134687.47177012303,51806.68943875254,-1.6890574786975376,0.0666334527104019
137603.73798234807,51826.07809864248,-1.6779110256557759,0.06802233179796731
137603.73798234807,51826.07809864248,-1.6779110256557759,0.06927232297677618
141075.97317292943,51989.04633761765,-1.6661261292504645,0.07069193744783696
143092.10712838493,51951.878857814685,-1.6579122594179598,0.07217493721760426
146955.2946659923,52084.94442379167,-1.644379881028364,0.07384794647013473
146955.2946659923,52084.94442379167,-1.644379881028364,0.07535365479741216
150832.09085738054,52035.36767400071,-1.6288202895269086,0.07709778207949823
154938.42016378688,52080.176733699605,-1.6134297960388362,0.07905225897057751
157970.29996162132,52015.61984589531,-1.600936332801922,0.08112362475347171
157970.29996162132,52015.61984589531,-1.600936332801922,0.0829878539580765
162861.2166331112,52045.56823575001,-1.5823461189300743,0.08513041558901699
167841.44983834875,51957.36971966329,-1.561954256447186,0.08756851761893564
167841.44983834875,51957.36971966329,-1.561954256447186,0.08976280944586243
177336.25827174183,51806.65028339767,-1.5231169929117563,0.09270860367848227
177336.25827174183,51806.65028339767,-1.5231169929117563,0.09535981848784014
183288.84432342043,51716.696602285396,-1.4987159450478549,0.09835593801285976
190128.62988838085,51602.37495439522,-1.4704153223026573,0.10175996115400736
196826.63150710062,51410.04839960708,-1.4413749184342186,0.10554959207775116
196826.63150710062,51410.04839960708,-1.4413749184342186,0.10896025990912059
201786.5066755443,51335.443481882525,-1.4207781006227556,0.11254478140263965
209444.5017009067,51143.72965753062,-1.3876257001095387,0.11659966075963722
209444.5017009067,51143.72965753062,-1.3876257001095387,0.12024905218093504
217533.6224636793,51014.45419101966,-1.353571539539047,0.12438485847436537
225832.94803150234,50756.29369185953,-1.3162400251309045,0.12904037199865623
231909.53990895252,50688.74174318814,-1.2908802383784594,0.13386432883932914
231909.53990895252,50688.74174318814,-1.2908802383784594,0.13820588999593475
240676.32883883987,50435.17074430455,-1.251205768048476,0.14310515679512936
250141.64022454972,50299.681340411254,-1.210683268452613,0.1485275594043011
259894.27197938747,50028.21887480577,-1.1659489672619645,0.15452607928232187
266371.755185808,49952.67406967626,-1.1382270005292776,0.16061779634085774
266371.755185808,49952.67406967626,-1.1382270005292776,0.16610034169354002
276425.71938412025,49686.875742286444,-1.0916895910684237,0.17219806774747543
286729.2308900338,49555.17537053277,-1.0467984142329612,0.17880830061690384
286729.2308900338,49555.17537053277,-1.0467984142329612,0.1847575101993894
297026.2930542735,49319.71437566446,-0.9991456824150694,0.19130311711907375
303976.6356069231,49255.18802469482,-0.9691117555025862,0.19794501151960173
314623.58671967965,49025.22723230693,-0.919500626205208,0.20516299471251137
324785.6687241782,48905.88657450011,-0.8744596131719832,0.21278520491196065
324785.6687241782,48905.88657450011,-0.8744596131719832,0.21964519409146502
335453.90848871635,48742.36294500772,-0.8258505931751038,0.22703440985294093
345596.28076954844,48606.20395738126,-0.7799036740447242,0.23483337701652873
352329.16149988474,48525.27184940811,-0.7495452214724476,0.24261140877806467
352329.16149988474,48525.27184940811,-0.7495452214724476,0.24961163736344702
362299.93933045387,48438.42690485368,-0.7054287546812565,0.2570147547600709
372053.37720713555,48376.82437905239,-0.6628691922134118,0.2647415494787285
372053.37720713555,48376.82437905239,-0.6628691922134118,0.27169566472552037
387530.55640643655,48287.90929149836,-0.5954070656770122,0.27964092161104304
387530.55640643655,48287.90929149836,-0.5954070656770122,0.28679165280801344
396303.00173015776,48245.044858920155,-0.5573177469346617,0.2941795438538456
404512.2907319396,48281.0256487537,-0.5242781414263824,0.3016546359328015
412814.5087196039,48248.67345231464,-0.488460953974962,0.3092776484901473
412814.5087196039,48248.67345231464,-0.488460953974962,0.3161383597917586
417713.6466152024,48314.37560477158,-0.4703666289318472,0.3227653580892866
417713.6466152024,48314.37560477158,-0.4703666289318472,0.32872965655706177
424857.15936851763,48326.32614639519,-0.4410015722584792,0.3348316515948936
431725.1798495992,48450.47191353957,-0.41696875788074494,0.3409242674883856
437871.5538221243,48495.91338732025,-0.3931045279763131,0.34700422754013927
441590.22359748994,48617.66673083378,-0.3822445179027295,0.35274769183855714
441590.22359748994,48617.66673083378,-0.3822445179027295,0.35791680970713324
447365.9478643425,48695.06138309176,-0.361245976392768,0.3630939793266007
451959.74347461184,48886.90911852026,-0.3495719860261458,0.368045281743287
451959.74347461184,48886.90911852026,-0.3495719860261458,0.3725014539183047
456434.32110448723,49008.53389950836,-0.33579280339806594,0.3768564884415226
459243.056188938,49163.61857548518,-0.3301988341337678,0.3809158687440261
462655.6100948717,49294.76019389084,-0.3212537101682011,0.38479293911541845
465876.2973463606,49512.982042268355,-0.3164800775125291,0.3884016432660634
465876.2973463606,49512.982042268355,-0.3164800775125291,0.3916494770016439
468671.9468796311,49691.32635644868,-0.3119466475093105,0.39468586311374676
470113.4618461218,49837.81753469728,-0.31170454330923,0.3974246632196413
472189.5984735906,50006.2127152645,-0.309738705190576,0.39993872926791285
472189.5984735906,50006.2127152645,-0.309738705190576,0.40220138871135713
474159.20495471987,50214.21636598497,-0.30971659746919905,0.4042383349034915
475186.5010893445,50421.065095051315,-0.31341821641970824,0.40597904600264967
476227.96288170444,50551.72840624723,-0.314175658103677,0.40752674994979277
476227.96288170444,50551.72840624723,-0.314175658103677,0.4089196835022216
477203.5879640075,50732.521075692406,-0.31706638794344405,0.41010105545341335
477822.04545926565,50894.38154132202,-0.3206469434395509,0.4110747763220832
478254.6536977646,51009.58819075003,-0.3232116018896205,0.41188700864263444
478956.93548232433,51165.84373445804,-0.3262164610068039,0.4125428962532009
478956.93548232433,51165.84373445804,-0.3262164610068039,0.41313319510271074
478983.3587035422,51323.55065072305,-0.33191071537314576,0.41352210770811104
479516.53166331584,51405.64547452022,-0.33282430509770095,0.4138492893098574
479609.62805809424,51504.413360449515,-0.3360656938351083,0.414062718032994
479609.62805809424,51504.413360449515,-0.3360656938351083,0.4142548038838169
479577.1904704836,51566.53955748464,-0.3384539069421271,0.41436797582188206
479980.9346461469,51666.3486380672,-0.3405001864806607,0.41441867357767737
479903.4190056333,51653.654769381494,-0.3403424893790616,0.4144682439854331
479929.1734892605,51706.250778855785,-0.34214707789015103,0.41446774263963604
479929.1734892605,51706.250778855785,-0.34214707789015103,0.41446729142841865
480253.040234107,51655.04083963851,-0.33902842478509276,0.41454485166594945
480386.74696037674,51666.937187351024,-0.338938292668312,0.4146169091826467
480386.74696037674,51666.937187351024,-0.338938292668312,0.4146817609476742
480819.04513616255,51537.18078501301,-0.3325288528400223,0.41490036353190624
480819.04513616255,51537.18078501301,-0.3325288528400223,0.4150971058577151
480744.21093077055,51376.16890379524,-0.32692877026227785,0.4154141760153866
481008.24685395235,51285.337096384865,-0.3225503817378159,0.4158089988704025
481348.7610980265,51086.04328281221,-0.3138314803885337,0.41638231197364894
481348.7610980265,51086.04328281221,-0.3138314803885337,0.4168982937665707
481367.96326713555,51008.091529510355,-0.31085308235770787,0.417437137330971
481360.90763591795,50763.1040344831,-0.30170064826519905,0.41815090739124394
481687.34985316545,50571.21448463343,-0.2931467639396441,0.41900714755362845
481687.34985316545,50571.21448463343,-0.2931467639396441,0.4197777636997745
481418.88733147463,50321.61800154927,-0.2846990912864292,0.4206825100476363
481370.52100344776,50161.8850509468,-0.27875272719598637,0.421645440862973
481370.52100344776,50161.8850509468,-0.27875272719598637,0.4225120785967761
481361.5210067287,49877.513590130075,-0.2677605849586404,0.42356685611313244
480604.92856955045,49610.24802370781,-0.2603545341819204,0.4247013071472712
480274.22106113826,49350.67813649023,-0.2514344112411822,0.42594531615151454
479744.178095225,49164.61808678824,-0.24618374687504685,0.42719619086448696
479744.178095225,49164.61808678824,-0.24618374687504685,0.4283219781061621
478538.9105037162,48888.27889329693,-0.24003524768453366,0.4294888991034326
477293.1751507284,48588.699292159705,-0.23303801536920044,0.4307140588088593
475815.2407888405,48356.591550719066,-0.2296945423060281,0.4319002893703227
475815.2407888405,48356.591550719066,-0.2296945423060281,0.43296789687563975
474232.20899229596,48139.873147415645,-0.22739401859220168,0.43398625672327074
472341.7546105064,47916.49590374872,-0.2260896609707324,0.4349353895266754
469718.31215866434,47645.15880592361,-0.22587266576590107,0.4357950339298603
469718.31215866434,47645.15880592361,-0.22587266576590107,0.4365687138927268
466587.60419344687,47478.56628888544,-0.23219140725671333,0.4371070573220363
464580.21844186867,47321.98042945791,-0.23418729788094922,0.43754166914280895
461028.6372354172,47194.59932829867,-0.24401516812211463,0.4376871230254752
461028.6372354172,47194.59932829867,-0.24401516812211463,0.4378180315198748
456841.74874642846,47008.666947949176,-0.2541801370705752,0.43768172494112295
452727.2574790635,46935.885127049696,-0.2688126925896145,0.43719323513227026
449545.16185269406,46827.859044504745,-0.27802487787374497,0.43652328967219967
444391.46546992945,46808.80482120749,-0.2994304510874456,0.4353851994277936
444391.46546992945,46808.80482120749,-0.2994304510874456,0.4343609182078281
439520.7040162025,46749.96977745347,-0.3180233578278446,0.4329742424413492
433639.8685203499,46782.74814853365,-0.3446897980672882,0.43105957324553207
429905.8745267124,46799.33177797471,-0.3614347737421008,0.4289177465774264
429905.8745267124,46799.33177797471,-0.3614347737421008,0.42699010257613124
424236.216882364,46903.79144474276,-0.38992434821120353,0.424542983613238
418060.0243122102,47010.239576926564,-0.4205351606780718,0.4215753062349624
418060.0243122102,47010.239576926564,-0.4205351606780718,0.4189043965945144
412047.17883929616,47161.360189914056,-0.4519786039515918,0.4157144918362732
408222.7857623573,47280.34089620064,-0.47271514342786863,0.41232516406694913
401854.7056810988,47494.87875008485,-0.5076032462288135,0.4084025665045339
396108.8367300342,47753.06921495661,-0.5410785964327248,0.4040353449432624
396108.8367300342,47753.06921495661,-0.5410785964327248,0.40010484553811804
390484.76660863357,48016.74562831229,-0.5738698467329986,0.3957476148159813
386549.55097607436,48242.67466259448,-0.5979891611510534,0.39122312430560685
381479.48153164546,48568.77765396891,-0.6298754558586723,0.38635392547857933
381479.48153164546,48568.77765396891,-0.6298754558586723,0.3819716465342546
376618.5716073195,48965.36887026124,-0.6627092441648237,0.37720675077670857
376618.5716073195,48965.36887026124,-0.6627092441648237,0.37291834459491713
369442.7652767821,49663.347262662435,-0.7136237526071235,0.3677859163202474
365885.85976225045,50091.77062386409,-0.7407616575037574,0.3624882832506287
365885.85976225045,50091.77062386409,-0.7407616575037574,0.3577204134879719
362565.1241639223,50578.905744522126,-0.7681762064256235,0.3527439669785341
360539.2278978265,51068.5388752761,-0.7900262426039976,0.34771891421558077
359129.42925743235,51407.69743797302,-0.8049427945587455,0.34282345293005406
359129.42925743235,51407.69743797302,-0.8049427945587455,0.33841753777308003
357602.5524952677,51923.99110608451,-0.8248719506335996,0.3339539852299321
357363.60229772126,52466.36329513041,-0.840140880347479,0.3295550646982519
357363.60229772126,52466.36329513041,-0.840140880347479,0.32559603621973976
357485.69370648643,53414.07805772203,-0.8640403684415955,0.3214354233867259
357485.69370648643,53414.07805772203,-0.8640403684415955,0.3176908718370135
359089.9665193847,53990.040131005044,-0.8724425516091596,0.31411072086308317
360623.2921270586,54558.37223145908,-0.8807431403477696,0.3106810702680806
360623.2921270586,54558.37223145908,-0.8807431403477696,0.30759438473257833
363355.2305546845,55167.589698065756,-0.8854744782456874,0.3046980843031783
365648.0187770891,55536.168534559554,-0.8859637996168949,0.3020791808824381
368725.01005976385,56149.6327658326,-0.8894174119765299,0.29963582749478107
368725.01005976385,56149.6327658326,-0.8894174119765299,0.29743680944588974
373132.3455257955,56737.590005817845,-0.8874764937547385,0.29550621615743233
377756.19564082474,57360.51854725404,-0.8856238929738295,0.2938149972173434
380705.1241940324,57764.05906217657,-0.8846071961180695,0.29231831759265736
380705.1241940324,57764.05906217657,-0.8846071961180695,0.29097130593043985
386292.9211887007,58382.88491279494,-0.8793961848376102,0.28988927071645565
391817.05073538853,58971.862361714564,-0.873834469745906,0.28905448190116245
391817.05073538853,58971.862361714564,-0.873834469745906,0.2883031719673985
401553.137845427,59947.657526953415,-0.8628971345947675,0.2879004264057895
401553.137845427,59947.657526953415,-0.8628971345947675,0.2875379554003414
407483.6564310405,60533.11833933962,-0.8562077061428709,0.28737896720673545
413055.6215632113,61090.92860210355,-0.8502123770485641,0.2873857610598478
419549.3588305413,61640.72370747251,-0.8411332622976369,0.2876188533964221
419549.3588305413,61640.72370747251,-0.8411332622976369,0.287828636499339
423109.49482331646,61999.62612039738,-0.8375006707673582,0.28810825608022117
428419.5665091707,62513.94127543387,-0.8316960940434851,0.28850502812111195
428419.5665091707,62513.94127543387,-0.8316960940434851,0.28886212295791364
434365.3114627741,62994.88983880429,-0.8232174944944427,0.28939547329976123
438828.83434287785,63450.970820087554,-0.8190281274183202,0.2899802227843271
441946.9372947858,63725.41843908721,-0.8151690579345496,0.2906029740575307
441946.9372947858,63725.41843908721,-0.8151690579345496,0.29116345020341394
446962.7326027041,64128.71320241266,-0.8081945983378992,0.29184224022462507
450295.48526513274,64479.7426938213,-0.8054243608449708,0.2925224071810383
453940.10343271575,64806.6990750596,-0.8011901938294106,0.29324041161719916
456355.09542728274,64988.65170435815,-0.79765276218034,0.2939750514009708
456355.09542728274,64988.65170435815,-0.79765276218034,0.29463622720636523
458186.6743896842,65251.84304663557,-0.7977039492473222,0.29523000575454567
460495.91071464645,65453.182559967194,-0.794946238165611,0.29583334922495086
462152.65328373516,65622.3244889515,-0.7935125401913448,0.29641220079767217
462152.65328373516,65622.3244889515,-0.7935125401913448,0.29693316721312135
462259.8359602481,65711.80254427656,-0.7951167792423768,0.2973619310107498
463118.14202880114,65816.4446776769,-0.7947425713699442,0.29775717362542625
463462.09813086287,65885.56548307058,-0.7951782739730414,0.2981019994135576
462418.59047953214,65904.44667110806,-0.7987761201310546,0.29832239646892544
462418.59047953214,65904.44667110806,-0.7987761201310546,0.29852075381875653
462482.0946841151,65924.7066698075,-0.7990166013503817,0.29869326340312136
461791.32729937084,65889.44556977123,-0.8003730704781122,0.29881461030085643
459859.1191536324,65870.27463143984,-0.8058747265892965,0.2987862811060384
459859.1191536324,65870.27463143984,-0.8058747265892965,0.2987607848307022
459450.6057960408,65790.26550051486,-0.8054149852063444,0.29874933171747337
458309.6188337684,65776.9527552499,-0.8086266080667665,0.29865873334405685
456175.3070339166,65675.69426097235,-0.8130118221280874,0.298467564456449
455621.8600979462,65622.10185504767,-0.8135684177771829,0.29828159756637457
455621.8600979462,65622.10185504767,-0.8135684177771829,0.29811422736530757
453808.0018352464,65513.2614901618,-0.8168241984760154,0.29788219966687646
452653.3227987655,65479.4124865861,-0.8196569695778283,0.2976025554607431
452779.11935914913,65380.97717476196,-0.8171712059824441,0.2974130197651077
452779.11935914913,65380.97717476196,-0.8171712059824441,0.29724243763903585
451578.431453061,65356.66968525971,-0.8203551712113432,0.2970093145948487
451374.11402798956,65310.3389132593,-0.8199977614186443,0.2968084390998977
451374.11402798956,65310.3389132593,-0.8199977614186443,0.2966276511544418
452277.4109802517,65335.74798618461,-0.81775271536976,0.2965210681547536
452295.98882178694,65324.520715114464,-0.8174555714827324,0.2964325720522099
453627.56645126065,65381.53246410797,-0.8145672901170465,0.2964251325940628
453627.56645126065,65381.53246410797,-0.8145672901170465,0.2964184370817304
457136.9983001785,65527.77784325573,-0.8068930898818298,0.2966042661265116
457136.9983001785,65527.77784325573,-0.8068930898818298,0.29677151226681464
460105.00775348156,65658.68898653077,-0.8005850353583708,0.2970797351561739
464509.430328327,65828.99783041177,-0.7907528433129021,0.297602940557734
464509.430328327,65828.99783041177,-0.7907528433129021,0.29807382541913807
467767.16603292804,66070.71129423188,-0.7860175179833742,0.29861600492763996
471440.28609466215,66230.07047922612,-0.778272117634682,0.2992976014940089
477307.90356990084,66525.54330947774,-0.7668660804735609,0.300196189332769
477307.90356990084,66525.54330947774,-0.7668660804735609,0.3010049183876531
482369.72287513013,66815.47004272514,-0.7578708986424436,0.3019576540828267
489568.57386450446,67208.5873512017,-0.7447920861755666,0.3031420865201549
494333.5962065141,67416.90549331899,-0.7350820803976975,0.30445082585819694
494333.5962065141,67416.90549331899,-0.7350820803976975,0.3056286912624348
500576.7599884687,67851.04118481472,-0.7259918157670519,0.30691602674201507
508840.65914796374,68230.31998146205,-0.7098444548357777,0.3084783126969191
508840.65914796374,68230.31998146205,-0.7098444548357777,0.30988437005633274
521105.8292062451,68977.7955373515,-0.6902923179575872,0.3116386251017598
529831.4505131354,69483.52517942003,-0.676062920352571,0.31357318958276953
529831.4505131354,69483.52517942003,-0.676062920352571,0.3153142976156783
537378.4775197412,69906.56342697797,-0.6636028437829766,0.3171927967595361
537378.4775197412,69906.56342697797,-0.6636028437829766,0.3188834459890081
550310.0430991877,70662.22628407169,-0.6432845023622754,0.3209129888310504
550310.0430991877,70662.22628407169,-0.6432845023622754,0.3227395773888885
557347.2606374368,71132.4072918067,-0.6337191633984713,0.3246226405650378
557347.2606374368,71132.4072918067,-0.6337191633984713,0.32631739742357224
563534.4209321893,71520.98924378294,-0.6248625059302628,0.32806409503295847
570474.1105685674,71900.86140770435,-0.6137984179357375,0.3299127250812692
573604.3464380164,72123.34470933412,-0.6099834451625071,0.3316718664440796
578180.4673562337,72448.40494806094,-0.6044442433968344,0.3333935737147508
578180.4673562337,72448.40494806094,-0.6044442433968344,0.3349431102583549
582738.4531098829,72717.88648870187,-0.5977710909181323,0.3365045219595661
584905.8084708259,72898.94733474636,-0.5957902091504449,0.3379593145348484
586215.8217589816,73026.54699682893,-0.5950001811453511,0.3392883785527298
586215.8217589816,73026.54699682893,-0.5950001811453511,0.34048453616882307
587946.9955612071,73109.12075669174,-0.5920546794051924,0.34163471556681096
587154.6054403158,73169.61334535715,-0.5955777981282598,0.3425817990569234
585862.6199628598,73085.95912200582,-0.5972896864444766,0.3433913769901191
584666.3901022541,73044.49689873529,-0.5996735906042532,0.34406039952600087
584666.3901022541,73044.49689873529,-0.5996735906042532,0.3446625198082945
580267.6327806604,72837.74523635137,-0.6072669938562721,0.34501459298105824
575705.3586923257,72625.36250956883,-0.6152335514778251,0.3451322948960068
575705.3586923257,72625.36250956883,-0.6152335514778251,0.34523822661946046
564106.8741709273,72038.01195944982,-0.6346596591767527,0.3448479124780956
564106.8741709273,72038.01195944982,-0.6346596591767527,0.3444966297508672
555607.2534566642,71540.55222965799,-0.6476323274045458,0.3438561585906668
555607.2534566642,71540.55222965799,-0.6476323274045458,0.34327973454648647
546120.1015151083,71026.26277761257,-0.6632214534502846,0.3423712247555807
534312.4968217757,70405.46083838805,-0.6833606707391139,0.3410500855115448
526708.7927338423,69965.38646692416,-0.6956452014762566,0.33955394692348395
526708.7927338423,69965.38646692416,-0.6956452014762566,0.33820742219422917
499204.7367592599,68445.67034033319,-0.7429518789904117,0.33581288300004597
499204.7367592599,68445.67034033319,-0.7429518789904117,0.3336577977252811
484877.6189630041,67628.35629996409,-0.7678876888588622,0.33109482573128146
474356.90220841556,67038.00970144755,-0.7867949021368372,0.32831547060473243
474356.90220841556,67038.00970144755,-0.7867949021368372,0.32581405099083827
457534.11508339294,66137.94727536773,-0.8186560876872141,0.32276624369957413
441123.6247634412,65165.09071720222,-0.8485999608592573,0.31927462030813525
423556.62216792157,64232.63362406682,-0.883919578897201,0.3152491688048917
411306.26558950567,63532.425221101905,-0.9081374656050171,0.3110208152842771
411306.26558950567,63532.425221101905,-0.9081374656050171,0.307215297115724
394023.3867382157,62574.35647984849,-0.943830912558952,0.3028979945901778
375337.8486797125,61534.91964010284,-0.983599381437319,0.29801821059522704
375337.8486797125,61534.91964010284,-0.983599381437319,0.2936264049997714
357154.23112868564,60580.57745659662,-1.0247336490298629,0.2886454232740477
345252.42570247926,59892.90174526137,-1.0511450531374995,0.28350225461820544
327000.2896983886,58972.39472239304,-1.0953950096810885,0.2777671539143577
308897.18380053114,58007.32768711928,-1.1397068732423443,0.2714977666918633
308897.18380053114,58007.32768711928,-1.1397068732423443,0.2658553181916184
291914.5684468675,57120.39385104261,-1.1829696233322005,0.25969554578915155
280012.26329176,56527.15502443981,-1.2146013987127786,0.25336095624241695
263371.5168065634,55725.500580067404,-1.2604305517820764,0.24651409682362335
263371.5168065634,55725.500580067404,-1.2604305517820764,0.24035192334670913
247643.00537181107,54964.15810153839,-1.304916175199615,0.23369382663204785
231645.09171453645,54230.677525662926,-1.3520959558289598,0.22652204507311907
221935.46797800958,53821.092241840364,-1.3819082641903553,0.2193221339610483
221935.46797800958,53821.092241840364,-1.3819082641903553,0.2128422139601846
208176.15931031803,53205.18104994234,-1.4244144074155263,0.20594763237877797
194468.9753479413,52717.04595254777,-1.4695230827262766,0.19861479207274327
182233.1594960315,52207.97124931024,-1.5095142617538289,0.19101545632162323
174752.6740775133,51989.31893651699,-1.5355583472486827,0.18352495200824384
174752.6740775133,51989.31893651699,-1.5355583472486827,0.1767834981262024
163246.48377705016,51599.038046324175,-1.5753825705691853,0.16972058404935253
153834.24554309552,51380.93435452499,-1.6096005864378116,0.162508510983472
144611.03863589378,51129.3566435337,-1.6429925875148534,0.15518284519725345
144611.03863589378,51129.3566435337,-1.6429925875148534,0.14858974598965677
139017.531031601,51075.506009631994,-1.6644665483255108,0.14211910768255331
131693.33151358235,50921.88925393699,-1.6918039699939487,0.1356120976644493
125239.078027775,50917.71171074679,-1.7173121640446076,0.12911808379688916
125239.078027775,50917.71171074679,-1.7173121640446076,0.12327347131608506
119225.52288088076,50907.96482398694,-1.7410281337383575,0.11742042084101761
116304.50126852488,50966.397465574955,-1.7531220012393747,0.11185032872593148
116304.50126852488,50966.397465574955,-1.7531220012393747,0.10683724582235396
111760.6259257321,51019.447938678044,-1.7715526260707781,0.10186470558834912
108057.16688558596,51144.57952258851,-1.7872290837094948,0.09699750793677683
105587.29942789793,51319.38965116097,-1.7983808856096573,0.09233823500285772
103826.96908297128,51415.092916317524,-1.8060541930771723,0.08795305667564264
101903.98313105894,51615.92328137026,-1.8151476746239161,0.08377905914248047
101903.98313105894,51615.92328137026,-1.8151476746239161,0.08002246136263452
100810.36147730054,51786.32098609706,-1.820713906423601,0.07650236756578105
100810.36147730054,51786.32098609706,-1.820713906423601,0.07333428314861293
99504.42164117115,52149.73338827604,-1.828496132860906,0.07028845151222898
99504.42164117115,52149.73338827604,-1.828496132860906,0.06754720303948343
99828.12834679718,52404.12440729991,-1.8291180514675147,0.06506453144884722
99576.25523741385,52559.02865007834,-1.8312157296113687,0.06277768506367828
99576.25523741385,52559.02865007834,-1.8312157296113687,0.06071952331702624
100466.97180104553,52800.509384791556,-1.8295618752828562,0.058908524103252216
100856.17014156099,52869.95402849013,-1.8285818026984364,0.057303126625466085
101678.75862995515,53083.86579501278,-1.8270077550627,0.055897620086351976
102721.19676852365,53184.14283688774,-1.823784810867234,0.05471323780603593
102721.19676852365,53184.14283688774,-1.823784810867234,0.05364729375375149
103981.73519959387,53317.16302856556,-1.8199905046793152,0.052782801761393466
104510.42442678343,53356.129964520085,-1.8182802902093869,0.05204751433001945
106121.95739440896,53452.74060179177,-1.8129167575391485,0.05151984395853879
106121.95739440896,53452.74060179177,-1.8129167575391485,0.051044940624206205
107395.3385301295,53486.42712827319,-1.8083698663095857,0.05073119990404594
108545.1856235922,53475.42115720523,-1.80395229538256,0.05055927252907735
109666.20361077144,53480.98557051112,-1.7997697039680314,0.05050910267696883
109666.20361077144,53480.98557051112,-1.7997697039680314,0.05046394981007116
110975.97898317914,53432.65573198039,-1.7944547802728128,0.05055618532224373
112336.12854398467,53403.49994743687,-1.7890923201151063,0.0507732587871417
112336.12854398467,53403.49994743687,-1.7890923201151063,0.050968624905549875
113680.16223661473,53258.78168812506,-1.782853310476201,0.05130042965308987
114654.83776649187,53230.031819153,-1.7789300180237497,0.051697136237187136
115690.04656219533,53049.731836546445,-1.7735209236057023,0.052189399523325866
115690.04656219533,53049.731836546445,-1.7735209236057023,0.052632436480850725
117374.80323489354,52954.25690284475,-1.7663152877857613,0.05321131063812162
118321.50853660644,52714.86239005421,-1.760666245095519,0.053873523446921485
119810.34240865121,52572.530753210456,-1.7537328965457102,0.054642848688586584
120660.77659336833,52383.32990982823,-1.748801223015327,0.05545853324434476
120660.77659336833,52383.32990982823,-1.748801223015327,0.05619264934452711
121949.78422798114,52226.221750692814,-1.74242944506155,0.05701264828353565
123331.2229119965,51954.6634405693,-1.7346096376776783,0.05794614251324013
124397.29597001671,51838.62756582099,-1.7293931955717448,0.0589166983726225
124397.29597001671,51838.62756582099,-1.7293931955717448,0.059790198646066633
125505.33624316844,51544.314854995806,-1.722298083317252,0.06075372669852867
127065.73630490675,51335.31263538015,-1.714172821172285,0.061824033499368686
127065.73630490675,51335.31263538015,-1.714172821172285,0.06278730962012469
128588.07541300135,51091.53766463623,-1.7057861421236618,0.06386392510502067
129381.87946232926,50951.3166816753,-1.7012495460559602,0.0649462939431196
131099.79517204495,50688.80237516845,-1.6917671103021197,0.06615748679125465
131099.79517204495,50688.80237516845,-1.6917671103021197,0.06724756035457619
132489.31029426574,50439.41064936668,-1.6836364657466887,0.06843189267545136
134132.6732450834,50250.71668815495,-1.675056217467284,0.06971229797122412
135237.40702580626,50055.11517032684,-1.6685049044137052,0.07102844556375909
135237.40702580626,50055.11517032684,-1.6685049044137052,0.07221297839704056
136936.4047824783,49864.022649745,-1.6595497597661404,0.07350293656318299
138414.6817423926,49606.647138839755,-1.6506708885077765,0.07488587069417028
140447.939965424,49486.75380259361,-1.6410262853284328,0.07637162649154243
141349.68664371077,49319.11048277109,-1.6353961715008667,0.07784955955486651
141349.68664371077,49319.11048277109,-1.6353961715008667,0.0791796993118582
143223.4950954269,49216.73158645957,-1.6265200727477869,0.08059872756197771
145119.3549619264,48998.35530686812,-1.6161064849077067,0.08213619268308728
146725.2300279821,48935.56210568608,-1.6087256169356436,0.08370443299138747
147994.3686806495,48779.74935717773,-1.6015506526763932,0.08529522337533889
147994.3686806495,48779.74935717773,-1.6015506526763932,0.08672693472089517
150044.19337803623,48749.81492508852,-1.5926994646424149,0.08823675463274529
150044.19337803623,48749.81492508852,-1.5926994646424149,0.08959559255341039
151632.6254831925,48615.3171653415,-1.5843970053719805,0.09102610816376985
153640.5411999452,48587.145690857295,-1.575702294171973,0.09253093999309356
154908.06302744197,48537.085436397676,-1.569780935891205,0.09403332259650408
156429.2766005793,48552.28216949761,-1.5636667518823009,0.09553832153979615
158513.23123124975,48522.677023056334,-1.554613384969857,0.09711915476157011
158513.23123124975,48522.677023056334,-1.554613384969857,0.09854190466116669
160018.2839127994,48519.19593239112,-1.5483134306811914,0.09997987842802024
161082.83932683102,48517.13034721611,-1.5438622662533588,0.10138533392888424
162909.02247553345,48552.0585749124,-1.5367620142982177,0.10282775017854037
162909.02247553345,48552.0585749124,-1.5367620142982177,0.10412592480323091
164388.59464314944,48611.71299811966,-1.5314568448428971,0.1054269112018354
164388.59464314944,48611.71299811966,-1.5314568448428971,0.10659779896057943
166983.7955605997,48715.75966653361,-1.522174500560599,0.10788365655050651
166983.7955605997,48715.75966653361,-1.522174500560599,0.10904092838144089
168000.70097236152,48771.08563333054,-1.5187554013639197,0.11016795050919881
169320.08646428387,48889.52309679593,-1.514997663424549,0.1112762138726652
170561.23158287123,48945.8543790653,-1.510689745241408,0.11238134885436349
171051.35534373447,49034.7493745787,-1.5099483542005334,0.1133945051139138
171051.35534373447,49034.7493745787,-1.5099483542005334,0.11430634574750909
171935.55588253445,49110.53497418487,-1.5074042804034193,0.1151906041626727
172874.784167426,49249.779378187384,-1.5055553973176252,0.1160326588134648
173180.30953416787,49345.831501379944,-1.5056846156746295,0.11678727754025259
173180.30953416787,49345.831501379944,-1.5056846156746295,0.1174664343943616
173663.69877070797,49454.11157598278,-1.5052632537082293,0.1180882096122197
174110.054046486,49570.19968467924,-1.5051058892526172,0.1186517414196823
173969.71896404264,49725.00937713285,-1.507878998877467,0.1190895923057774
173969.71896404264,49725.00937713285,-1.507878998877467,0.11948365810326299
174372.8598632083,49860.86242513445,-1.5081707173001067,0.11983102436043402
174189.08283509783,49968.43385650278,-1.5104296473763243,0.12008718073998251
174189.08283509783,49968.43385650278,-1.5104296473763243,0.12031772148157614
173724.84317346042,50113.80764343146,-1.5143353260777774,0.1204275661814741
173506.5570746934,50284.01757615261,-1.517575681177869,0.12044541753387997
172830.9726182976,50439.41215198658,-1.5224183334898769,0.12034041744324506
172104.33408682345,50566.73415321931,-1.5270539839265636,0.12013002610075647
171669.67579621094,50737.753369298516,-1.5310932445991348,0.11983969237570245
171669.67579621094,50737.753369298516,-1.5310932445991348,0.11957839202315385
170285.600389241,50944.47937736894,-1.539337132823052,0.11913712450026216
170285.600389241,50944.47937736894,-1.539337132823052,0.11873998372965965
169179.9833863265,51115.79654760443,-1.545955235371819,0.11821710447239822
168422.69007979365,51272.265319131395,-1.550968420773605,0.11762118350581828
166858.5863543593,51444.37825529258,-1.5593122270374675,0.11687625947929976
165218.3877180092,51680.02737198302,-1.5686907826438736,0.11597136396527294
165218.3877180092,51680.02737198302,-1.5686907826438736,0.1151569580026488
163741.11530842847,51849.33950836264,-1.5765382122086284,0.11422780689716822
162268.5687392548,52026.10518139779,-1.584406328758174,0.11319486798849705
160491.7434329523,52191.99068428931,-1.59326689044796,0.11204370892844835
160491.7434329523,52191.99068428931,-1.59326689044796,0.11100766577440452
158759.41931285613,52454.59684614834,-1.6030269801635795,0.10983122469287458
156304.431646324,52637.12916761025,-1.6145438669905845,0.10848450554882252
155168.5304599354,52829.11743238901,-1.6210532082928388,0.10710972478661931
153174.76124460835,52986.94667063682,-1.63040138320564,0.10563871772781638
153174.76124460835,52986.94667063682,-1.63040138320564,0.10431481137489375
150870.31939464834,53232.15925691887,-1.641811730214819,0.1028380369820339
148890.49466452852,53433.351120493295,-1.6514315076718682,0.10126844559203381
147670.74247746184,53580.84872088304,-1.6575664142590587,0.09970244067635396
147670.74247746184,53580.84872088304,-1.6575664142590587,0.09829303625224209
145091.28604826334,53747.26508340859,-1.6689604267755385,0.09673972195762942
143581.8549783819,53931.25045993663,-1.676458377079195,0.09515429033488661
143581.8549783819,53931.25045993663,-1.676458377079195,0.09372740187441807
141292.84995421095,54155.98949292346,-1.6872052020283204,0.09217453163626825
140011.51091122886,54245.88509374078,-1.6928380387473396,0.09063612750395794
138308.13500155884,54423.737915770704,-1.7008471170283144,0.0890513368278543
138308.13500155884,54423.737915770704,-1.7008471170283144,0.08762502521936101
136535.98568451343,54509.670173898085,-1.7082079248172148,0.08615732457699454
134787.23666938744,54734.82389027212,-1.716724961037732,0.08462346809335179
134080.99809301083,54727.15003735217,-1.7192565884016855,0.08317970657397447
132445.77983289032,54913.852755162065,-1.7269380237112804,0.08168828532379502
132445.77983289032,54913.852755162065,-1.7269380237112804,0.08034600619863351
131094.20697665756,54904.80160420661,-1.7318199069791262,0.07901590790429201
130423.10744254959,55096.04673116045,-1.7359457653016874,0.07771567298132064
129473.95914813776,55041.57641462438,-1.738949506084471,0.07647036803107679
129473.95914813776,55041.57641462438,-1.738949506084471,0.07534959357585734
128744.84786309056,55209.145402089845,-1.7430506804063464,0.07423836720811294
128203.71017033828,55138.99474906858,-1.7444308924655572,0.07320375817566273
127720.71957371997,55258.06438517649,-1.747202657049943,0.07220331593184788
127404.20481679286,55166.65375936485,-1.747587164464723,0.07129330522704502
127404.20481679286,55166.65375936485,-1.747587164464723,0.07047429559272246
127781.12964046157,55289.79887267208,-1.747249830811919,0.06974562026315223
127338.6147504717,55217.635497008036,-1.7482564086115624,0.06906464802154795
127338.6147504717,55217.635497008036,-1.7482564086115624,0.0684517730041041
128043.41656658048,55241.286262457616,-1.7458836498473456,0.06795950445751006
128227.6727802838,55200.01412734535,-1.7448614734079642,0.06754201717655994
128755.51428510551,55242.602576835554,-1.7432964449278867,0.06720540433570678
129634.38756308921,55206.931317798066,-1.739783934484304,0.0669902655400285
129634.38756308921,55206.931317798066,-1.739783934484304,0.06679664062391805
130569.26375883141,55123.04499102199,-1.7356450104888579,0.06672585129930479
131051.20189288631,55116.543410758946,-1.7338261469109184,0.06670761249660136
131051.20189288631,55116.543410758946,-1.7338261469109184,0.06669119757416826
132579.747953611,55059.382339618904,-1.7277325768897647,0.06682876339450732
133927.89503456734,55080.853639269924,-1.7229881501783249,0.06707118330059847
135061.7445421692,54913.91443631627,-1.7173361733381691,0.06743066063708439
136496.32774338083,54982.03182248494,-1.7126909971398399,0.06787031964487995
136496.32774338083,54982.03182248494,-1.7126909971398399,0.06826601275189596
137911.52318096696,54832.456491225785,-1.7061234729548647,0.06878632465283475
139753.82381888237,54885.149435051106,-1.6998441463626415,0.06941158852848524
139753.82381888237,54885.149435051106,-1.6998441463626415,0.06997432601657068
141560.29320390962,54682.12121743194,-1.6912793680195715,0.07069490921442433
142882.08483823735,54744.474126796136,-1.687006813641195,0.07145024795195201
144375.87610623578,54539.90929609642,-1.679512707794019,0.07231740546190633
146789.82031737833,54583.747112335106,-1.671026812905275,0.07330999459308382
146789.82031737833,54583.747112335106,-1.671026812905275,0.07420332481114357
148185.2997296139,54395.27952498725,-1.6639774162170518,0.07518355692460292
149663.10900334347,54452.260854582695,-1.659081478851726,0.07618816426084948
151511.03481326083,54243.80115491076,-1.6500853938291986,0.07731721298903457
151511.03481326083,54243.80115491076,-1.6500853938291986,0.07833335684440115
153139.4030027845,54240.603056402724,-1.644000764023287,0.07940000205937886
155048.28462907462,54111.40231871522,-1.6355310914310703,0.08057172456766422
156264.97146990377,54100.60154702104,-1.6308825622251235,0.08174248805526971
156264.97146990377,54100.60154702104,-1.6308825622251235,0.08279617519411464
157570.79085184177,53947.55534858442,-1.6243517068758349,0.0839077650028073
159146.2059778867,53896.08992513722,-1.6178974347504742,0.08506955263376473
160748.98898294152,53880.8677812643,-1.6117331596972735,0.08626926837795643
161262.93262534012,53839.26236601808,-1.6093442524631603,0.08740873522858178
161262.93262534012,53839.26236601808,-1.6093442524631603,0.08843425539414461
162799.35560704273,53824.672155235145,-1.6034267277293746,0.08950516166149579
163639.63051133414,53772.5925551569,-1.5996863886941108,0.09056248577799345
164639.37572151187,53924.02828174118,-1.5976719440323226,0.09156443859938604
164639.37572151187,53924.02828174118,-1.5976719440323226,0.09246619613863936
165518.05387504215,53881.47514141707,-1.5938987447243056,0.09337210790666779
166066.1611572058,54079.59690616819,-1.5941242524961767,0.0941817908035966
166304.15725507346,54134.80334390703,-1.5938693043899534,0.09491687911348809
166304.15725507346,54134.80334390703,-1.5938693043899534,0.09557845859239045
167106.56067190078,54501.20227155311,-1.5950646105891282,0.09614399746842321
167106.56067190078,54501.20227155311,-1.5950646105891282,0.09665298245685269
167340.0280330205,55058.2346297469,-1.6004626874981525,0.09697611702371361
167340.0280330205,55058.2346297469,-1.6004626874981525,0.09726693813388844
167612.066775811,55368.95794681552,-1.6029103980143642,0.0974674843701405
167407.52525079352,55999.336558312236,-1.6105155614529345,0.09745784689680309
167407.52525079352,55999.336558312236,-1.6105155614529345,0.09744917317079943
167418.7984936137,57096.328264556825,-1.6220533324961786,0.09715292254131502
167418.7984936137,57096.328264556825,-1.6220533324961786,0.09688629697477907
167099.68258199672,57792.96207593283,-1.6302908772212228,0.09644039534677061
167099.68258199672,57792.96207593283,-1.6302908772212228,0.09603908388156299
166809.5191273929,58717.668463170936,-1.640465356550931,0.09542354157963341
166742.09145730236,59740.16725753707,-1.6504940515123254,0.09461883613386193
166306.35072220847,60458.378713028396,-1.658630351076601,0.09369119374356072
166201.072041239,61630.07785759072,-1.6695162678140747,0.09258416767385279
166201.072041239,61630.07785759072,-1.6695162678140747,0.09158784421111565
166201.072041239,61630.07785759072,-1.6695162678140747,0.09069115309465223
165643.39605664276,64363.598053035064,-1.6943490220140618,0.08926331223483547
165595.00232404593,65270.734908956336,-1.70170819164895,0.08779427622012817
165639.20284350528,66900.4619055656,-1.714032908602482,0.08616402588305332
165639.20284350528,66900.4619055656,-1.714032908602482,0.08469680057968594
165489.2432688021,68443.02001290664,-1.725722587379497,0.08308405583722991
165489.2432688021,68443.02001290664,-1.725722587379497,0.08163258556901949
165930.32270798497,71389.85342689847,-1.7445954167637039,0.07985444159302495
165930.32270798497,71389.85342689847,-1.7445954167637039,0.07825411201462985
166154.71632195142,73372.89814910556,-1.7566413633253215,0.07651266673003383
166782.98484941325,75169.94339625075,-1.7658690716002434,0.07471467326702437
167410.0924385955,77251.51821443281,-1.7762837516874548,0.07283611214813557
167881.25500849713,78478.64220930584,-1.781903903886527,0.07100490333615884
167881.25500849713,78478.64220930584,-1.781903903886527,0.06935681540537979
168908.9304243693,80622.77860780866,-1.7908022027894264,0.06765107879510615
168908.9304243693,80622.77860780866,-1.7908022027894264,0.06611591584585988
169995.62111266158,82563.00933813231,-1.7980732610274694,0.06455249273558716
171258.9286448289,84638.97636126724,-1.8052442707221155,0.06296613669397556
172226.1019470302,85919.54719589214,-1.8090541234757784,0.06144316993768355
173839.75648125802,87983.73085663942,-1.8148366673523313,0.05992793626010691
173839.75648125802,87983.73085663942,-1.8148366673523313,0.058564225950287936
176756.0253632963,91201.83262780121,-1.8224443348612704,0.05714669498372738
176756.0253632963,91201.83262780121,-1.8224443348612704,0.05587091711382288
178641.44121632507,92966.24692944551,-1.825770725570466,0.05463955726317894
180710.04058672985,94703.76299774383,-1.8284742045227014,0.053463746423793514
180710.04058672985,94703.76299774383,-1.8284742045227014,0.05240551666834663
182854.46891231803,96368.3378821043,-1.8306325046884862,0.05139915238429981
184392.03929034792,97351.99417335246,-1.8313134499282546,0.05047640089766347
186520.36739283262,98769.3404075081,-1.8324486296832154,0.04961754506581674
186520.36739283262,98769.3404075081,-1.8324486296832154,0.048844574817154686
188869.33219086175,99972.76977792125,-1.8322946757957257,0.04815275044054607
191186.9916676389,101167.14617304588,-1.8321726685574895,0.04753315868255423
192640.4903056115,101731.9457312739,-1.8314075833563355,0.04699465323039042
192640.4903056115,101731.9457312739,-1.8314075833563355,0.04650999832344299
194900.25700108477,102611.04216198248,-1.830238548272535,0.04610303478428532
197032.9895942506,103131.84156154814,-1.828003525870826,0.04579264315908614
197032.9895942506,103131.84156154814,-1.828003525870826,0.04551329069640688
200349.59408205037,103735.02603722028,-1.8237981316628131,0.045367008335195864
200349.59408205037,103735.02603722028,-1.8237981316628131,0.04523535421010595
202320.10350706245,103934.0702147849,-1.8207220468804564,0.04519376761708395
203716.22885173894,103711.63512110188,-1.8171670001374691,0.04524521585193882
203716.22885173894,103711.63512110188,-1.8171670001374691,0.04529151926330821
206080.8352757815,103065.3522688375,-1.810059597190755,0.04551087740720852
206080.8352757815,103065.3522688375,-1.810059597190755,0.045708299736718805
207096.90941227906,102504.65145830267,-1.8058568559431953,0.045991048364467046
207096.90941227906,102504.65145830267,-1.8058568559431953,0.04624552212944046
207805.38186056362,101555.18531220112,-1.8006431636805018,0.046604890824483866
208320.4628298605,100529.08876491415,-1.795400376682532,0.04705939232497218
208227.9232481258,99651.56664226182,-1.7919092870181634,0.04755572091702088
208227.9232481258,99651.56664226182,-1.7919092870181634,0.0480024166498647
208369.54623840406,98342.21954687125,-1.7860111087518635,0.04855189726608164
207903.2325391303,96764.94489752808,-1.780020817543907,0.0491961871008758
206986.6241601297,95037.1582965426,-1.7740913868531005,0.04992428371946071
206467.01035032474,93827.09422095945,-1.7695458314966086,0.05069320956009943
206467.01035032474,93827.09422095945,-1.7695458314966086,0.051385242816674274
205146.47504926837,91895.72680582722,-1.7631201270599166,0.052168715358508935
203460.94287599067,89860.85547993369,-1.7567112482325795,0.053034062616843555
201598.1098981856,87627.0851571382,-1.749362080279466,0.05399660434817255
201598.1098981856,87627.0851571382,-1.749362080279466,0.054862891906368644
200190.74372583246,86176.07355220283,-1.744845603284409,0.05575546263362155
197471.5117410812,83837.68154824038,-1.7383228150502676,0.056721845994002706
195181.25642994844,81558.8519745442,-1.7307172799275932,0.05778172939641261
195181.25642994844,81558.8519745442,-1.7307172799275932,0.05873562445858152
191885.6480039912,79087.17849039576,-1.7240410378654898,0.059761036066086126
188854.19960025442,76775.34436069145,-1.7172734737525386,0.06085309561566405
186705.12880840033,75104.18443774535,-1.7120084804438112,0.06196757404300237
186705.12880840033,75104.18443774535,-1.7120084804438112,0.06297060462760685
183186.87552853546,72805.39758357621,-1.7059274043407262,0.06402535905632802
179541.91206060405,70377.58906360452,-1.6988710377569616,0.06515104720677117
176061.4818125183,68131.20471836327,-1.692213116383162,0.06633061457651501
173340.3403615602,66563.3326696535,-1.6881840579113028,0.06749295167108094
173340.3403615602,66563.3326696535,-1.6881840579113028,0.06853905505619028
169642.51135949732,64442.608937022014,-1.6824760991117733,0.06962324707277692
166163.8082289393,62299.42928541482,-1.6754772199415282,0.07077399186696103
166163.8082289393,62299.42928541482,-1.6754772199415282,0.07180966218172671
161997.68387080243,60311.59059071097,-1.6716811766999917,0.07283666654605425
159816.9465586261,59025.05041982274,-1.66732727483754,0.07386981802051033
156404.27278512937,57242.644999904915,-1.6623502233532113,0.07492408063462902
152794.92647991507,55547.71580315047,-1.658642618025314,0.07596560712053328
152794.92647991507,55547.71580315047,-1.658642618025314,0.07690298095784712
149743.38798808676,53958.87998948469,-1.6537157800093014,0.07786978836182987
147945.64175452478,52998.0635653571,-1.650411959938785,0.07882251052717726
144587.3408883309,51648.96875780395,-1.6488206738036884,0.07971974262936732
144587.3408883309,51648.96875780395,-1.6488206738036884,0.08052725152133837
142539.361015631,50474.6490053216,-1.6438709400408076,0.08137775286818436
142539.361015631,50474.6490053216,-1.6438709400408076,0.08214320408034574
138637.54469698723,48768.86570617564,-1.6400878940682957,0.08292668632060378
137221.26612813174,47889.770354485656,-1.6355304385463476,0.08374575672488471
137221.26612813174,47889.770354485656,-1.6355304385463476,0.08448292008873756
135812.6910359862,47213.00997571147,-1.6332651518758023,0.08520299928296875
134672.14204750405,46572.79933123163,-1.6302308146147497,0.08592692898930313
134591.09157665868,46269.61883185602,-1.62676463322879,0.08666512025965308
134591.09157665868,46269.61883185602,-1.62676463322879,0.08732949240296803
134058.72331214737,45815.22412575533,-1.623291554121588,0.08801425430963153
134058.72331214737,45815.22412575533,-1.623291554121588,0.08863054002562867
133888.66011748713,45530.76945687652,-1.6203595697683448,0.0892584967788572
134800.70059709446,45282.18433683856,-1.6130456613517143,0.09000650556717862
134924.91143134257,45200.28917670968,-1.6114045333036766,0.09072074167786884
135847.789163219,45078.13361817403,-1.6056472525854688,0.09150748619544524
135847.789163219,45078.13361817403,-1.6056472525854688,0.092215556261264
137488.79008342323,45046.25631469156,-1.5978742659895044,0.0930471439854
138771.24608142357,45064.963709997166,-1.5923933383124478,0.0939325961290488
139993.58108993203,45082.80195404016,-1.5871736969125287,0.09485999409333071
142582.69002781704,45157.96193140883,-1.576658458249735,0.09595753322775427
142582.69002781704,45157.96193140883,-1.576658458249735,0.09694531844873547
144400.25085755053,45224.51709998954,-1.5694939714791745,0.09801343731688257
147291.02289817785,45348.819076586966,-1.5584088672819436,0.09925187190314573
149258.9328361409,45389.48243210308,-1.5502560245263617,0.10057028409967211
149258.9328361409,45389.48243210308,-1.5502560245263617,0.10175685507654586
151719.28055542405,45514.54868657333,-1.5411811902381987,0.1030516398129363
155018.25888471087,45566.49073080358,-1.527353475541406,0.10456263894310754
155018.25888471087,45566.49073080358,-1.527353475541406,0.10592253816026163
160006.75584126625,45654.064586465414,-1.5066436612823144,0.10766419281217762
160006.75584126625,45654.064586465414,-1.5066436612823144,0.10923168199890201
163631.56181827997,45702.55053007505,-1.4914058725023756,0.11102336698645243
163631.56181827997,45702.55053007505,-1.4914058725023756,0.1126358834752478
166962.0035913761,45682.67169345229,-1.476396455034302,0.11446238375186547
169999.9749412861,45643.16667830799,-1.462342355394962,0.11645758649180488
172582.56150724803,45603.753120917456,-1.4502782749643408,0.11855487096851589
175922.17389736456,45525.66576780603,-1.4341831897507837,0.12084480412789471
175922.17389736456,45525.66576780603,-1.4341831897507837,0.12290574397133565
181569.7927579974,45333.306027465784,-1.4057662221223164,0.1254710140211442
181569.7927579974,45333.306027465784,-1.4057662221223164,0.12777975706597186
184857.11966922428,45183.539245132364,-1.3884248256796745,0.1302911607173828
184857.11966922428,45183.539245132364,-1.3884248256796745,0.13255142400365266
187936.5673167839,44982.886581486324,-1.3709469605000923,0.13502260759078508
191689.77950040728,44820.8762675272,-1.351023636233415,0.13774475592587118
193749.5720615808,44642.29300997521,-1.3382745165181726,0.14051341742032974
196886.54676734403,44451.078888301025,-1.3202860593386738,0.14345492419482994
196886.54676734403,44451.078888301025,-1.3202860593386738,0.1461022802918801
200646.19844518215,44174.68552755083,-1.2975443031280696,0.14905344468449036
203809.69961141556,43976.035688593314,-1.2789080309528802,0.1521753994422193
206088.9265798782,43776.06206120139,-1.2641455508464856,0.15535422072683525
206088.9265798782,43776.06206120139,-1.2641455508464856,0.1582151598829896
210035.30552280977,43582.14482792058,-1.2416707691183722,0.16135187466673134
213365.89761386218,43307.814324283885,-1.2200153619651568,0.16471630315092928
217324.26316859972,43109.31494474129,-1.1969339595042607,0.16832132384822984
220100.158879445,42933.78835912284,-1.179746843591386,0.1719955203736222
220100.158879445,42933.78835912284,-1.179746843591386,0.17530229724647534
220100.158879445,42933.78835912284,-1.179746843591386,0.17827839643204318
228213.53257558806,42583.23793669247,-1.1328346460976435,0.18212969063639778
228213.53257558806,42583.23793669247,-1.1328346460976435,0.18559585542031692
232908.30203178094,42426.157842823995,-1.1065295752576714,0.18937303049684345
237249.84606740568,42343.03619243013,-1.0836895958891792,0.19334348754992964
240802.2701299329,42261.29260746986,-1.0645611774845913,0.1973951093578219
240802.2701299329,42261.29260746986,-1.0645611774845913,0.20104156898492492
246044.23275207327,42226.13809619395,-1.0385817877246315,0.20497286739331666
251289.1802440325,42164.08302172176,-1.011778889598985,0.20918110841401039
255309.74544067346,42214.375791537845,-0.9940120698596555,0.213412695826118
261565.0465370246,42234.00029082095,-0.9647235987337094,0.21795333627516347
261565.0465370246,42234.00029082095,-0.9647235987337094,0.2220399126793044
267793.51116796123,42389.98359490299,-0.9396998307925367,0.22634342564156054
275025.0628766869,42457.19208886676,-0.9073827040010881,0.2310245154773773
279884.5343779981,42641.17308061005,-0.8900448834804688,0.23567094184262785
279884.5343779981,42641.17308061005,-0.8900448834804688,0.23985272557135334
287383.74614968465,42784.27751149175,-0.8591387865168018,0.24438898335129797
295996.2736428826,43115.43318502862,-0.8292731406215419,0.24921825650062962
304520.5368646156,43340.567492192,-0.7968161514256286,0.25437602706492596
304520.5368646156,43340.567492192,-0.7968161514256286,0.25901802057279266
313986.1812461143,43726.50878410744,-0.7656816303966698,0.2639741777555967
320661.94536244194,43917.943672303525,-0.7413508135759437,0.26904298964063844
330914.4781816934,44380.73103699008,-0.7101320039483581,0.27438539057786565
330914.4781816934,44380.73103699008,-0.7101320039483581,0.27919355142137015
341795.3118850685,44772.18904202088,-0.6742856452558998,0.28441705514783566
353643.43371359934,45238.26822581295,-0.6373470696079296,0.2900416728928539
353643.43371359934,45238.26822581295,-0.6373470696079296,0.2951038288633702
374203.22994683567,46078.367337996926,-0.576136457441937,0.3011900345409848
374203.22994683567,46078.367337996926,-0.576136457441937,0.30666761965083794
387510.2578550542,46615.45241393835,-0.5374554642419678,0.312564471079705
387510.2578550542,46615.45241393835,-0.5374554642419678,0.3178716373656853
401115.4395762106,47116.7214745824,-0.4970776210178807,0.32365753310366974
410792.8819533458,47527.49309486069,-0.47086531015249966,0.3295201470394903
425735.62186863815,48069.751035914254,-0.42785918431604464,0.33587165272764014
440882.5374802745,48701.62902332476,-0.3883300026015967,0.3425762373898362
440882.5374802745,48701.62902332476,-0.3883300026015967,0.3486103635858127
456901.80006935686,49201.43742090073,-0.341237962825531,0.3552183781565932
467767.3008883327,49655.0485938703,-0.31423003007693195,0.36184078958901056
484099.38505591376,50173.813457055905,-0.2682494639781858,0.3689504740306549
484099.38505591376,50173.813457055905,-0.2682494639781858,0.37534919002813477
501463.08595339546,50844.12308847134,-0.22505116890928686,0.3821879918025891
518434.4109361476,51345.20063288899,-0.17782623160302252,0.38952353683225466
530196.909501769,51820.49107433068,-0.15073962881727307,0.39680269242859734
547994.5834614678,52308.6088282379,-0.10140100697918704,0.4045873980112579
547994.5834614678,52308.6088282379,-0.10140100697918704,0.41159363303565244
565791.2534669776,52951.74876619824,-0.059302527275429735,0.4189517065502015
583627.481272082,53461.93015589844,-0.012606621815469513,0.4267413703497946
595845.0955383426,53880.945384026694,0.01598764077421045,0.4344669243341704
595845.0955383426,53880.945384026694,0.01598764077421045,0.4414199229201086
613339.2226657995,54363.43784036344,0.06106950106550631,0.4488046681547354
631212.8192173316,54945.63922154619,0.10254300270170624,0.45648777640680455
631212.8192173316,54945.63922154619,0.10254300270170624,0.4634025738336668
648753.577360987,55486.085259988984,0.14371083676784185,0.4706550873694962
660122.7956940061,55865.34907850954,0.16873279537564959,0.47780789851693783
677063.767153791,56379.62434205543,0.207574918665422,0.48521648163187964
677063.767153791,56379.62434205543,0.207574918665422,0.49188420643532726
693687.8220329973,56899.5843937495,0.24434647401081444,0.4988044476420649
693687.8220329973,56899.5843937495,0.24434647401081444,0.5050326647281287
720093.2513129228,57818.05267413823,0.2973662881955307,0.5119635554602041
735402.7473608984,58427.485286300005,0.32399761892470597,0.5188671403873013
735402.7473608984,58427.485286300005,0.32399761892470597,0.5250803668216888
749588.9970618106,58945.84142028428,0.35019840125732693,0.5313272901709531
763822.7244120942,59645.35224479025,0.3682393940359872,0.5374005460047575
772529.9801204494,59994.407387033985,0.38247583525460854,0.543222387285647
772529.9801204494,59994.407387033985,0.38247583525460854,0.5484620444384475
785084.9535747134,60729.819819547294,0.39271639999184066,0.5534337499943988
797005.5739298379,61309.84089024705,0.407256171843054,0.5582717792910352
808135.7890994948,62098.273919237254,0.4101155004944878,0.5626974888742939
814756.5958918568,62479.85155649854,0.4154549248806149,0.5668141131088799
814756.5958918568,62479.85155649854,0.4154549248806149,0.5705190749200072
824862.8193122097,63328.19845702268,0.4124104659799742,0.5737774290775058
833524.1476253557,64032.27204006918,0.4108069662682048,0.5766698603264604
833524.1476253557,64032.27204006918,0.4108069662682048,0.5792730484505195
841553.7830208909,64896.758969413604,0.40079430908061564,0.5813656013324829
846664.9931993505,65418.21790456624,0.3957075770806479,0.5831217306262508
853381.9186661043,66366.02617563706,0.37885089265752586,0.5842808298800639
859333.7678664246,67246.892957279,0.36273947566454656,0.5849212337836712
859333.7678664246,67246.892957279,0.36273947566454656,0.5854975972969179
867911.7452247485,68804.96961758597,0.32954005845778894,0.5851863390286708
867911.7452247485,68804.96961758597,0.32954005845778894,0.5849062065872485
872124.24281682,69801.06744082687,0.3054200440037003,0.5840510870286162
872124.24281682,69801.06744082687,0.3054200440037003,0.5832814794258471
876193.3317270228,70838.86454482254,0.28010195385618375,0.5819558803296669
879001.5664662907,71790.92431984837,0.25492298297086674,0.580133366870972
881127.1691407908,72544.39556677199,0.2351953810688041,0.5779999147105949
881127.1691407908,72544.39556677199,0.2351953810688041,0.5760798077662554
883850.3832739108,73547.39267252831,0.20927038914018709,0.5737035867181346
885980.537517219,74681.32439961616,0.17823947103633778,0.5707892148222297
888175.1069905929,75645.49111815981,0.15360757297269687,0.5675504826643242
889682.178869797,76431.97018037528,0.13322883323792062,0.5641261552288398
889682.178869797,76431.97018037528,0.13322883323792062,0.5610442605369038
891105.6686827281,77397.30319002391,0.1076716271535075,0.5576316251620511
893315.8744810328,78525.78312992395,0.07999364192305661,0.5538683036939225
894470.3369937118,79118.0029566583,0.06577043417720164,0.5501257341789603
894470.3369937118,79118.0029566583,0.06577043417720164,0.5467574216154943
896178.4418977487,80205.4840501777,0.03916466027820967,0.5430607959609002
898380.0096047304,81085.20396064379,0.02020197744942832,0.5392597658010458
900417.2776881547,82089.47098856968,-0.002117345676700236,0.5352808555790238
902652.7439257993,82930.61240233832,-0.019109222963000126,0.5312750394470465
902652.7439257993,82930.61240233832,-0.019109222963000126,0.5276698049282669
904530.402625064,83542.47265581442,-0.030647498391984444,0.5241366369756406
906989.8920266033,84273.87336625383,-0.04370596511979845,0.5206303241500816
906989.8920266033,84273.87336625383,-0.04370596511979845,0.5174746426070784
909748.3875557776,85028.35278594727,-0.05641622306347127,0.5143167727697838
913127.5853802727,85699.79602969823,-0.06536540663363356,0.5112509603269646
914971.2807726109,86094.4209258552,-0.0708932281344204,0.5083535335909076
918410.3435313158,86620.07854519198,-0.07589035818032519,0.5056209212773087
918410.3435313158,86620.07854519198,-0.07589035818032519,0.5031615701950697
922001.4008610946,87051.84838644782,-0.07817553357408674,0.5008910248362105
924247.3662585324,87327.19955820071,-0.07972295438355645,0.49880884849300056
927857.9071264064,87637.6031931895,-0.07897471390977213,0.4969535957959562
927857.9071264064,87637.6031931895,-0.07897471390977213,0.4952838683686163
931769.1503352579,87891.27874895924,-0.07616419523717373,0.49385137665082535
934959.5336813065,87977.71832877939,-0.07095406325468986,0.4926923874043756
937576.6007286938,88052.80564299841,-0.06678975596081288,0.49175340476491775
937576.6007286938,88052.80564299841,-0.06678975596081288,0.4909083203894057
940930.4733198297,88015.69464230198,-0.05820380234324008,0.49036239329188414
943863.5050130131,87978.26484184958,-0.05056697798653668,0.4900619795130323
946923.5075338596,87759.95513320257,-0.03815910901441166,0.4901018038363688
948567.3688383923,87667.59847478606,-0.032088140829747876,0.49028941993198827
948567.3688383923,87667.59847478606,-0.032088140829747876,0.4904582744180458
950313.540388668,87339.92270735076,-0.019875558949211048,0.49091555800251097
952193.6657032875,87041.63011489059,-0.008005319685492425,0.4916238692101226
952865.0833659185,86598.00423532046,0.004853853362728031,0.4925828286231785
952865.0833659185,86598.00423532046,0.004853853362728031,0.49344589209492884
953032.2791830818,86167.8054097075,0.01631829438497606,0.49450926024506037
952990.9854231837,85803.39651190504,0.02568969952957663,0.49570057670879375
951487.7636472211,85306.50285174401,0.03517826120478354,0.497009975568034
949593.6578580547,84734.09335737443,0.0458603914261568,0.49845548779688453
949593.6578580547,84734.09335737443,0.0458603914261568,0.49975644880285003
946581.5635219372,84142.41840897391,0.05452926544056717,0.5011440355585792
943790.4310031199,83750.80725782819,0.05841480607512851,0.5024900021545995
939069.6608251083,83136.95344592525,0.06374103854069067,0.5038345279026568
939069.6608251083,83136.95344592525,0.06374103854069067,0.5050446010759084
933301.6014762872,82526.31897730002,0.06649945756307214,0.5062026274073944
933301.6014762872,82526.31897730002,0.06649945756307214,0.5072448511057318
920841.5246167124,81466.81096833757,0.06531686477486501,0.5081532876145303
911795.9666654706,80820.50107989913,0.06097683035036944,0.5088623796118366
911795.9666654706,80820.50107989913,0.06097683035036944,0.5095005624094122
901409.4909636987,80237.82067669251,0.051398318371450376,0.5098354641277573
890431.9381796822,79614.55614556218,0.041332548759975225,0.509885231433981
882116.6847039767,79265.1750197161,0.030123795426770943,0.5096498031762522
882116.6847039767,79265.1750197161,0.030123795426770943,0.5094379177442963
868742.4596294984,78685.46908278279,0.012389195128399637,0.5088038558480766
854844.1776885822,78192.60681114646,-0.00941135105987702,0.507688186486772
854844.1776885822,78192.60681114646,-0.00941135105987702,0.5066840840615979
839378.3587743676,77685.7790651928,-0.0351635815456128,0.5051365861167978
828709.5923862574,77400.38342216205,-0.054917347345179605,0.5032499938214885
812418.0335146713,76942.305552038,-0.08474883261309563,0.5008062736240122
812418.0335146713,76942.305552038,-0.08474883261309563,0.4986069254462836
794719.4879945045,76564.92440100474,-0.12085320992608009,0.4957249026535033
776925.3900193811,76216.03281391057,-0.15833642694575145,0.49219400171450917
764825.4566273531,76007.062950065,-0.18477637201414965,0.4883551922427045
745765.8361499194,75729.61334669117,-0.22807681912695812,0.48381775254026016
745765.8361499194,75729.61334669117,-0.22807681912695812,0.47973405680806025
726974.1564215602,75496.17637445225,-0.27211211972920823,0.4749578481340241
707898.0567481313,75347.08340192969,-0.31930463743482257,0.4694794473847511
694848.1897378736,75243.87552651606,-0.35166650415099504,0.4637398400425012
694848.1897378736,75243.87552651606,-0.35166650415099504,0.4585741934344762
676082.1448676903,75161.16469599845,-0.39994605868438143,0.45271812262391903
657285.207782091,75075.86830744293,-0.44835415369995457,0.44623745651902824
638538.2086338322,75108.27605987292,-0.4994279037151142,0.4391280132742476
626852.1204706228,75078.98865028992,-0.5301342136782908,0.4319618566048656
626852.1204706228,75078.98865028992,-0.5301342136782908,0.42551231560242175
609198.0798770448,75183.37883031298,-0.5798027128266664,0.4184660162215129
592070.9721720117,75259.02460950559,-0.6273172464474243,0.41093648343817607
592070.9721720117,75259.02460950559,-0.6273172464474243,0.40415990393317286
576411.0225642482,75459.97417881845,-0.6733717356605311,0.3969096201483423
565951.2332550233,75570.03168588964,-0.703514103897319,0.3896308055360751
551095.0313523465,75845.0464464427,-0.7484709494802502,0.3819559512454614
538037.6467559328,76080.41233877659,-0.7875970250479103,0.3740704304947175
538037.6467559328,76080.41233877659,-0.7875970250479103,0.366973461819048
525097.3949908711,76416.53087565025,-0.82800100685392,0.3595760904657952
517414.53310408624,76596.69783700154,-0.8514772123349313,0.3523315511108424
517414.53310408624,76596.69783700154,-0.8514772123349313,0.34581146569138493
507465.9299373656,77000.13592467763,-0.8846549787846196,0.339113944652631
497604.03897521255,77378.07976512093,-0.9168341275760721,0.3322816969979661
489976.4963932862,77804.80379880799,-0.9437045661947585,0.32546091314330056
485586.14531674574,78113.34696325345,-0.9600479560889544,0.31891362292674663
485586.14531674574,78113.34696325345,-0.9600479560889544,0.3130210617318481
479188.63392710814,78593.30883405058,-0.9841082626950909,0.30711624899128603
474921.2835019049,79092.6747996514,-1.0027433374922046,0.3013360406548523
474921.2835019049,79092.6747996514,-1.0027433374922046,0.296133853152062
471750.9504054,79568.14108655178,-1.0180074487506536,0.29107028161808945
469681.8726501786,79924.87546551079,-1.0285598685546353,0.28624925674241464
468873.9861421324,80430.7497211528,-1.0380348353357145,0.2816734601847803
468760.7696091395,81003.41174122786,-1.0466238552598215,0.27734051778480673
468861.3089556363,81338.00080191088,-1.0511730973432813,0.27332713857274404
468861.3089556363,81338.00080191088,-1.0511730973432813,0.2697150972818876
470971.65666615363,81910.42875720422,-1.054099903246468,0.26639108997253713
473676.44426919724,82408.53575474989,-1.0544894220265975,0.26338974542461846
473676.44426919724,82408.53575474989,-1.0544894220265975,0.26068853533149167
476892.7013374498,82995.83344592442,-1.0548767373373649,0.2582477633649084
480280.574708074,83298.83332543437,-1.0508916034979776,0.25615069694096815
480280.574708074,83298.83332543437,-1.0508916034979776,0.2542633371594219
485248.27926806494,83867.23106925045,-1.0468286342998323,0.2526662875859839
490493.08094275685,84317.03187612176,-1.040511849652445,0.2513868625860744
497627.51495603536,84844.61645415305,-1.0308534953451156,0.2504768389438391
501758.26742665836,85104.07271451094,-1.024673989412955,0.24981230531413132
501758.26742665836,85104.07271451094,-1.024673989412955,0.24921422504739432
508628.7121597336,85597.51618163918,-1.0153458553706205,0.2489091561583894
516641.5240493088,85968.29219261739,-1.0017238842238634,0.24897514343695387
523837.157971319,86367.06755862584,-0.9905232168120937,0.24931454867295616
523837.157971319,86367.06755862584,-0.9905232168120937,0.24962001338535822
531776.1383791748,86714.19199082903,-0.9769627189789525,0.25023394407234856
537409.2417316434,86926.32514384881,-0.9669168692287721,0.2510376279343944
544477.4220458652,87189.59155437961,-0.9543389076447563,0.25207539244983607
544477.4220458652,87189.59155437961,-0.9543389076447563,0.25300938051373356
552280.9660293122,87406.79135824664,-0.9394708202137193,0.2542216719570172
559764.0658335418,87629.88342790076,-0.9255001830438889,0.2556620001852183
563939.3081552569,87694.95512353771,-0.9168585781576937,0.2571743357127541
563939.3081552569,87694.95512353771,-0.9168585781576937,0.2585354376875364
570754.0009487277,87822.9415082522,-0.9031064872777187,0.26010423173683983
576867.6467847903,87836.72407012683,-0.8892821496921335,0.2618617548208525
581954.3196027543,87895.56102743266,-0.8785029827482245,0.26371300477006165
585366.6458019706,87826.84926738233,-0.8696271974176892,0.26560102435761324
585366.6458019706,87826.84926738233,-0.8696271974176892,0.26730024198640967
589805.9260581841,87794.46410625889,-0.858939242503489,0.2690967367251815
592731.8788880338,87614.45376377649,-0.8494253542739987,0.2709514291958134
592731.8788880338,87614.45376377649,-0.8494253542739987,0.27262065241938205
595846.2779973083,87494.65819215625,-0.8403832195268601,0.27434900668927237
596929.1597285145,87299.59922869525,-0.8348157197739176,0.2760437130259972
597797.3368930009,87107.75258843385,-0.8297711567240414,0.27769506280529643
598235.060844335,86766.98444617885,-0.8233213609134764,0.2793425225019299
598235.060844335,86766.98444617885,-0.8233213609134764,0.28082523622890004
597288.2895330789,86464.3916547074,-0.8206648193033814,0.28222609212342553
595966.4570955586,86182.6755684427,-0.8192047960824489,0.28352336300902176
593933.2849407069,85826.5239874477,-0.8181956722156072,0.2847161349027294
593933.2849407069,85826.5239874477,-0.8181956722156072,0.2857896296070663
590273.7808668351,85366.20444896532,-0.819314955704728,0.28672779275374144
585678.2374019037,84892.22272286427,-0.8224448217627388,0.28749389293429883
582421.2517768275,84556.43454336,-0.8246865132437997,0.288127340809774
576114.3631979341,84043.07795253015,-0.8313323632928399,0.28853129764647556
576114.3631979341,84043.07795253015,-0.8313323632928399,0.288894858799507
568988.2767739338,83503.72890488757,-0.839609371165019,0.2890151386404308
561100.0209788062,82886.62733757049,-0.8485669606253511,0.288899450760754
555111.3121140569,82514.43356058946,-0.8570416347837368,0.2885834648150852
555111.3121140569,82514.43356058946,-0.8570416347837368,0.2882990774639832
545373.3114786564,81873.43066278881,-0.8703996537224299,0.28770917837452414
545373.3114786564,81873.43066278881,-0.8703996537224299,0.287178269194011
535288.469975682,81283.81808227998,-0.8856689274945619,0.2863187190872459
523656.35867024324,80574.55124498982,-0.903083862356376,0.2851097506196119
515863.90734206256,80187.86926883308,-0.9163549203208426,0.2836899025496296
503504.9623634045,79454.94230144667,-0.9357469565419055,0.281927238381119
503504.9623634045,79454.94230144667,-0.9357469565419055,0.28034084062945946
490182.004105546,78814.52531446253,-0.959441733384022,0.278320713231913
476524.20123962185,78062.94688792432,-0.9826384401696723,0.2759226809044799
467225.9262285975,77624.26090849527,-0.9998300086705887,0.2733346625972672
452326.42250370997,76855.88895954713,-1.0267775229453995,0.2703317582639055
452326.42250370997,76855.88895954713,-1.0267775229453995,0.26762914436387997
437529.32416211633,76169.64212192109,-1.0552477391977115,0.26448503644754917
422242.597212086,75433.94166873168,-1.0848039158716594,0.2609164349060028
411761.69609356235,74979.81167302214,-1.1061464624968147,0.2571711298529822
411761.69609356235,74979.81167302214,-1.1061464624968147,0.25380035530526357
396192.0638536648,74237.02177262912,-1.1373460326414422,0.24998666895870117
380413.4997194309,73514.43455175658,-1.1700360200910673,0.2457371015605544
380413.4997194309,73514.43455175658,-1.1700360200910673,0.24191249090222228
354091.0885554601,72324.96638614772,-1.2262429164678126,0.23706516890030474
354091.0885554601,72324.96638614772,-1.2262429164678126,0.23270257909857894
338444.1727518551,71652.24199677462,-1.2609953931524853,0.2279074363599089
338444.1727518551,71652.24199677462,-1.2609953931524853,0.22359180789510588
322785.1226482838,70927.24469461212,-1.2957655024082309,0.21883848954538954
297677.3684930175,69832.25302763085,-1.3538552709279323,0.21310825881765227
297677.3684930175,69832.25302763085,-1.3538552709279323,0.20795105116268875
283043.25272026594,69240.06868983519,-1.3891093204131195,0.2024282130360919
268826.79699990456,68567.04030135437,-1.4228145219307136,0.19661502868421488
268826.79699990456,68567.04030135437,-1.4228145219307136,0.19138316276752557
255215.01973516538,67991.45975649028,-1.456478697505872,0.1858328790531262
246266.73757155784,67549.5979289313,-1.4782315759486508,0.18029380174909732
246266.73757155784,67549.5979289313,-1.4782315759486508,0.1753086321754713
233739.2452208861,67013.45346227226,-1.5100340338059528,0.17002691811277534
221505.74185153056,66434.534571023,-1.5410255928660366,0.1644985864798469
213977.50036031174,66104.5652316811,-1.56062660800869,0.15903306263164496
202928.18799623178,65546.67233874091,-1.589052431038341,0.15340344559252195
202928.18799623178,65546.67233874091,-1.589052431038341,0.14833679025731125
192872.39561976842,65044.94588570662,-1.6154013153359055,0.1431180783481825
183398.30120794944,64584.4353429048,-1.6407086918221092,0.1377885532178115
177600.7546290921,64247.57351234411,-1.6558968780695935,0.1326122759442905
169389.24890652086,63803.178096321826,-1.67795829090389,0.12740209107726422
169389.24890652086,63803.178096321826,-1.67795829090389,0.12271292469694056
162094.02588289598,63323.99382161883,-1.6971307731839216,0.11801336289764847
155506.11469923594,62967.85002275824,-1.7153015840816455,0.11332948700584249
151581.90137131815,62643.21396612887,-1.7253490597624463,0.10886281181119707
151581.90137131815,62643.21396612887,-1.7253490597624463,0.10484280413601621
146315.4785757791,62307.66074233779,-1.739759724875906,0.10086453060051694
141558.68590694893,61858.53031373958,-1.7518234107326565,0.09698249227214883
138016.01003268236,61570.37806817163,-1.761262764163685,0.09325267394084183
138016.01003268236,61570.37806817163,-1.761262764163685,0.08989583744266552
135658.48441826293,61259.77681742225,-1.7667291245675487,0.08673802558421026
132956.76993503785,60998.535744672095,-1.7737453249568553,0.08372058990186786
132956.76993503785,60998.535744672095,-1.7737453249568553,0.0810048977877597
130888.30804954845,60600.272764812355,-1.7777380933234141,0.07846095567589838
129446.84644171844,60330.65264195782,-1.7806085133284046,0.07609964727509842
128534.15916053807,60072.742900651705,-1.7818141659478806,0.07394432839889156
128390.83694475127,59833.26064198615,-1.780570760462816,0.07203562654743201
127905.30805026062,59499.766141167,-1.7797912765465387,0.07033728197902533
127905.30805026062,59499.766141167,-1.7797912765465387,0.06880877186745933
128383.90728501945,59196.41640920924,-1.775941075501148,0.0675293677931847
128836.90414792405,58989.461279272204,-1.772859423346111,0.06645494543021346
128836.90414792405,58989.461279272204,-1.772859423346111,0.06548796530353934
129635.90014092627,58705.94680013459,-1.7679898743294526,0.0647394219149491
130828.54181619578,58422.32481562186,-1.7617140565669103,0.06422262830928144
132269.86900532068,58056.26290666305,-1.7538635930573265,0.06395377565192013
132269.86900532068,58056.26290666305,-1.7538635930573265,0.06371180826029496
133095.13831438855,57891.05233936358,-1.749679477246867,0.0635986405030938
134790.6988857645,57529.97351134111,-1.7408299858099365,0.06371802680753601
136736.67084933523,57260.03425585115,-1.7317531617678947,0.06405239508258503
136736.67084933523,57260.03425585115,-1.7317531617678947,0.06435332653012917
137933.11569273367,56824.62361850987,-1.7238207571678013,0.06482247494792122
139442.01316824567,56655.492328269116,-1.7169916770880378,0.06541543552592816
141017.3564606136,56195.80421575917,-1.7072827151158851,0.06619182409543821
142519.70766912037,55876.34323345236,-1.6989710990558367,0.06709836420949848
142519.70766912037,55876.34323345236,-1.6989710990558367,0.06791425031215272
144066.77461931322,55381.1401881958,-1.6887429506541087,0.06890425151458472
145156.02309811133,55163.764163652486,-1.6826964827799116,0.06994641429362847
145812.5876952791,54627.36166552194,-1.6750655445378906,0.07107513425081835
145812.5876952791,54627.36166552194,-1.6750655445378906,0.07209098221228925
147349.86193864892,54210.12222826685,-1.665208287440439,0.07325167680504936
147861.6681713007,53677.01297051824,-1.657844704327485,0.0744803915163573
148226.76259081392,53362.287309640116,-1.6531907099032042,0.07570258461714147
148226.76259081392,53362.287309640116,-1.6531907099032042,0.07680255840784721
148807.30464580926,52760.348684491575,-1.6445847080204787,0.07800768486655052
148817.58376450476,52188.11562614868,-1.6383112745746458,0.07924913451552933
148682.04024182292,51607.39111412453,-1.6323726751935572,0.08051490418413747
148695.9835654486,51164.7281429552,-1.6272934000837873,0.08178107876362904
148695.9835654486,51164.7281429552,-1.6272934000837873,0.08292063588517146
147986.46120709277,50522.27059689644,-1.6226748445482655,0.08406170118294767
146961.9123363268,49803.202412481405,-1.6182968142186491,0.08519811070918668
146961.9123363268,49803.202412481405,-1.6182968142186491,0.08622087928280178
146472.99481034116,49181.4007418069,-1.612780475109822,0.08727927947677605
145178.0723981582,48648.05228937675,-1.611564339496686,0.0882622430416813
143872.63149920732,47976.22815708904,-1.6086255942254388,0.0892203788818772
142292.21364929382,47146.985347883914,-1.6047506254818908,0.09017957535664221
142292.21364929382,47146.985347883914,-1.6047506254818908,0.09104285218393073
140234.8470356119,46475.453482640536,-1.6048835434681836,0.09181647837883307
138762.6942882978,45869.58356590498,-1.6033191307337473,0.09255185227260608
137105.8513238478,45187.06916010642,-1.6014996893525493,0.09325917481153173
137105.8513238478,45187.06916010642,-1.6014996893525493,0.09389576509656483
134147.06041575727,44329.37986009842,-1.6031203104472047,0.09442818082572824
134147.06041575727,44329.37986009842,-1.6031203104472047,0.0949073549819753
130274.74836028658,43052.92733417998,-1.6031651807601242,0.09533748996477467
127242.62544569597,42370.454267481284,-1.607765622722185,0.09560960040024258
127242.62544569597,42370.454267481284,-1.607765622722185,0.0958544997921637
124728.23171347217,41566.37982702574,-1.6082490079801046,0.09606282461344472
121640.08525453242,40838.41721000394,-1.6127097708243208,0.09613879788149222
119462.60801796264,40313.74367284681,-1.6157833223427842,0.0961303350347734
119462.60801796264,40313.74367284681,-1.6157833223427842,0.09612271847272646
116752.43924521777,39638.77161383121,-1.6193938768855347,0.09602559970331545
113736.73992822779,38947.08477321981,-1.6244576088300178,0.09581159951223346
113736.73992822779,38947.08477321981,-1.6244576088300178,0.09561899934025968
110379.54443049926,38237.03872404987,-1.6312245830505518,0.09527648482996992
108860.75024238738,37849.93627324589,-1.6333619345262729,0.09491478798381611
105683.95942567893,37219.55445275258,-1.6407476186836718,0.09440461871834271
103007.43087194017,36696.04663175794,-1.6472845368201778,0.093782043426004
103007.43087194017,36696.04663175794,-1.6472845368201778,0.09322172566289917
98989.14202670385,35796.71993788596,-1.6556963707528236,0.09250714382778866
98989.14202670385,35796.71993788596,-1.6556963707528236,0.0918640201761892
96625.07290236617,35261.39934780225,-1.6607482753407434,0.0911589112750517
96625.07290236617,35261.39934780225,-1.6607482753407434,0.09052431326402793
95167.69297596235,34925.68316427681,-1.6638500477166562,0.08987563074470874
93445.92263862178,34457.82546406371,-1.66646446154077,0.0892264561317186
92809.31800494978,34331.82276542372,-1.6681958972258861,0.08859891308789959
92271.63239850712,33947.47281095363,-1.6652191269058894,0.08810854360646239
92271.63239850712,33947.47281095363,-1.6652191269058894,0.08766721107316891
91835.68421899123,33786.960602630126,-1.6652171261783353,0.08727006181139364
92458.23672045389,33519.709922275135,-1.6571050984215565,0.08711542816971536
93034.42102296752,33478.08330829279,-1.652944554249595,0.08708027149650395
93034.42102296752,33478.08330829279,-1.652944554249595,0.08704863049061368
94316.50565027924,33280.89757283577,-1.641860472702172,0.08729725562399802
96401.85108443486,33271.93362081557,-1.6290728835103905,0.08784070797383846
96401.85108443486,33271.93362081557,-1.6290728835103905,0.08832981508869485
101328.76450995253,33285.564993744396,-1.5994754738057169,0.08950994673468245
101328.76450995253,33285.564993744396,-1.5994754738057169,0.09057206521607128
105520.14955035732,33308.24675117047,-1.574528272158046,0.092151651890513
110171.2692109036,33439.647004343635,-1.549000906216196,0.09421146404605679
110171.2692109036,33439.647004343635,-1.549000906216196,0.09606529498604621
115658.58859042132,33619.32527572041,-1.5196497949982197,0.0984675206124861
119729.78906066145,33740.83639986829,-1.4978252832369994,0.10117513647031252
126668.01325794005,33964.5016602162,-1.4613587357108102,0.10452365443051101
126668.01325794005,33964.5016602162,-1.4613587357108102,0.10753732059468965
134092.05167675097,34210.43007308,-1.4230194900520945,0.11120810128391834
142487.6502529865,34552.821372002094,-1.381870935722304,0.1155405177624689
148504.91732305833,34745.20954704978,-1.3515648120740107,0.12019734568437175
148504.91732305833,34745.20954704978,-1.3515648120740107,0.1243884908140843
157967.3094669456,35122.145651959305,-1.3065047204318412,0.12928702372187986
168298.17539237195,35472.71986514687,-1.256759957835476,0.13493932240380496
168298.17539237195,35472.71986514687,-1.256759957835476,0.14002639121753757
179247.88320675463,35924.36716833186,-1.207344386493343,0.14584014243345023
186799.1516029982,36178.202367753656,-1.1723280974160812,0.15194792575470317
198751.47717144233,36650.500549419805,-1.1200042180135281,0.15875302772889466
211391.8204267417,37081.98193564897,-1.0640124455420774,0.16627741381745326
211391.8204267417,37081.98193564897,-1.0640124455420774,0.17304936129715598
224086.12863280094,37603.06547698962,-1.0118878906908193,0.1804472279001699
233118.50182304153,37900.03543609517,-0.9732613405400462,0.18807097159665176
246805.16017382944,38440.48611374498,-0.9189235292287034,0.196290786206269
246805.16017382944,38440.48611374498,-0.9189235292287034,0.2036886193549245
260543.23549794502,38928.32022042199,-0.8640055510622542,0.2117196186428757
274847.7731086834,39497.19086509185,-0.8104338862847491,0.2202868096214694
284436.16190739645,39826.99926003017,-0.7735208005438353,0.2289201086457266
284436.16190739645,39826.99926003017,-0.7735208005438353,0.23669007776755807
298436.5123612857,40403.06630372869,-0.7241982887520448,0.24491611277200115
313070.05330301303,40910.26976852878,-0.6705557039896437,0.2536606088950599
327180.4421118348,41492.517453666136,-0.6236529674684194,0.2627032238188434
336422.6935011292,41814.14263017927,-0.5913248918914114,0.2716497791396738
336422.6935011292,41814.14263017927,-0.5913248918914114,0.2797016789284211
350585.8406944214,42398.16153852054,-0.5463290085076009,0.288073285822889
364009.40038790886,42898.53184750729,-0.5026956333545749,0.2966985664067357
377060.62815787154,43462.293472317804,-0.46435209672957434,0.30541990734782276
377060.62815787154,43462.293472317804,-0.46435209672957434,0.31326911419480113
385837.3281223689,43781.48159511138,-0.43669302182669134,0.3210248772296537
397911.96230989246,44337.12615807955,-0.4040600168758609,0.32882088908479185
409419.1137181081,44804.31669577763,-0.3711535875510601,0.3366599604875362
409419.1137181081,44804.31669577763,-0.3711535875510601,0.3437151247500061
420753.0005583545,45301.68648450244,-0.340945827346792,0.35081996659133574
427247.27832408505,45585.39615978534,-0.32388083478732427,0.35764094906251903
436804.9740290988,46063.98817420321,-0.30168571947589157,0.3643347111693699
436804.9740290988,46063.98817420321,-0.30168571947589157,0.37035909706553566
445786.79594868206,46474.25147635029,-0.279602566718112,0.3763331231910293
453037.91412192566,46858.167128262794,-0.2642515611384061,0.38209352184346623
457713.5956293371,47107.42943573285,-0.2545564788507908,0.3875202576878498
464160.0258847609,47455.262537708164,-0.2415300768415422,0.3927299799980263
464160.0258847609,47455.262537708164,-0.2415300768415422,0.3974187300771851
468473.423583588,47774.05152216959,-0.23648668193453418,0.40176469002110327
468473.423583588,47774.05152216959,-0.23648668193453418,0.4056760539706296
472796.82690480835,48003.42948300431,-0.22777722002503345,0.40941401807294087
474815.59964117303,48182.53832049073,-0.22671172867424416,0.41280482304879074
476206.4678420754,48360.21455393569,-0.22821244581546535,0.415819029598525
477568.53668704757,48557.286571864825,-0.23061398182462986,0.4184717770930568
477568.53668704757,48557.286571864825,-0.23061398182462986,0.42085924983813533
477078.1144315696,48611.695778028414,-0.23486648110499966,0.42290166282669683
475862.81284200994,48715.27812671054,-0.24410139586593674,0.4245089616473787
474309.24356806977,48704.64084256602,-0.2501010534482052,0.42580553914643576
474309.24356806977,48704.64084256602,-0.2501010534482052,0.4269724588955871
470851.99897871044,48761.96413665657,-0.26670025224464744,0.4276077066999122
466227.5696588985,48645.98714371021,-0.2812218420507033,0.4278163899786534
463404.74771517754,48650.03327916056,-0.29307832857326277,0.4277077927664565
457083.6230299246,48460.742509750366,-0.3118712325105639,0.42714023267704676
457083.6230299246,48460.742509750366,-0.3118712325105639,0.426629428596578
450039.6458036349,48362.40782370587,-0.33736440256897765,0.42553237567269575
442891.1073219178,48103.799280760686,-0.357235228573959,0.4240482573910772
436837.5723475841,48003.93527053507,-0.3787936342553052,0.4221735907955869
427551.11433591845,47667.89368751666,-0.40513179109467945,0.4198279369386612
427551.11433591845,47667.89368751666,-0.40513179109467945,0.4177168484674281
418471.8432145985,47409.290120389946,-0.43387253027210443,0.4150983503638827
418471.8432145985,47409.290120389946,-0.43387253027210443,0.41274170207069183
400214.80715638725,46825.66356144153,-0.4902881521075697,0.4092103280609334
400214.80715638725,46825.66356144153,-0.4902881521075697,0.4060320914521508
389512.193250628,46385.63905975572,-0.5204540611165915,0.4024175307790209
376979.21984163695,45980.65649701773,-0.5604883241314839,0.3981635695978318
376979.21984163695,45980.65649701773,-0.5604883241314839,0.3943350045347615
357502.9821350965,45234.25182129035,-0.6200083128478275,0.3894012962600897
357502.9821350965,45234.25182129035,-0.6200083128478275,0.38496095881288506
344178.1588433771,44737.302851675006,-0.662349325501326,0.3799061297940634
332105.1124694783,44217.7942606088,-0.6991660963151061,0.37443636440677946
332105.1124694783,44217.7942606088,-0.6991660963151061,0.3695135755582239
319324.96407678013,43741.107963353774,-0.7415620356040494,0.36402316711230026
310197.93803030293,43356.46043074293,-0.7709400546206348,0.3583473490355544
298190.3354255174,42841.00268850403,-0.8100852770718336,0.3522604822052031
298190.3354255174,42841.00268850403,-0.8100852770718336,0.346782302057887
285317.9745217746,42258.83487180807,-0.8521572772867052,0.3408001399199307
285317.9745217746,42258.83487180807,-0.8521572772867052,0.33541619399577
264822.39770390483,41367.27992983837,-0.9226954746458172,0.3288071877300476
252575.13205801413,40871.86971751129,-0.967455428031262,0.3217400832562613
252575.13205801413,40871.86971751129,-0.967455428031262,0.31537968922985365
240409.76258167118,40292.3861412886,-1.0104006015235711,0.308581705268779
240409.76258167118,40292.3861412886,-1.0104006015235711,0.3024635197038118
221877.81290299504,39448.44644153482,-1.0793643028850348,0.29523306016130474
221877.81290299504,39448.44644153482,-1.0793643028850348,0.2887256465730484
210900.3833077472,39015.94344839344,-1.123510242836815,0.2817653258448232
201272.001292112,38508.43358932306,-1.1595499169305037,0.2746000453370783
190582.73974811076,38126.9970652357,-1.2055223494838694,0.26700198206627374
184417.54223815186,37817.387023754294,-1.2301346535134858,0.25954841752180924
184417.54223815186,37817.387023754294,-1.2301346535134858,0.2528402094317912
175898.0839456046,37496.9217395232,-1.2675317459975666,0.2458678948386729
175898.0839456046,37496.9217395232,-1.2675317459975666,0.23959281170486646
166557.98470757605,37124.9801672756,-1.3087709298856567,0.23291425728723839
158828.16021137327,36865.20716296492,-1.3446636933285796,0.22600623922530005
153956.11932413443,36662.54102449499,-1.366649705125213,0.21923937267463972
153956.11932413443,36662.54102449499,-1.366649705125213,0.21314919277904543
145727.496146078,36484.824099106765,-1.4079882688369123,0.20663456678021808
139457.89931083657,36287.31335558441,-1.438432948239743,0.2000102863962027
132794.96710586562,36173.774093258275,-1.473129482877441,0.19318102068464638
128311.80675189634,36100.01087092536,-1.4966501528140517,0.18644666479583047
123085.4834739441,36078.06766509127,-1.5254144143792996,0.17966663795676494
123085.4834739441,36078.06766509127,-1.5254144143792996,0.17356461380160595
117554.35550108388,36064.51166157121,-1.5560705358046338,0.16730638902632952
112285.07794391534,36103.8241959097,-1.5862049729935475,0.16092062579885788
112285.07794391534,36103.8241959097,-1.5862049729935475,0.1551734388941334
109736.50208441386,36150.935880154946,-1.6012324079524267,0.1496252848059094
105042.99487557975,36278.50642205839,-1.629462251855888,0.14392620002892126
100863.5800933793,36435.93909028459,-1.655105545742341,0.13815594138247062
100863.5800933793,36435.93909028459,-1.655105545742341,0.13296270860066503
97831.63987458604,36613.64321884234,-1.6745057776793761,0.12780379329861413
95092.77877159113,36773.83024402394,-1.6918647096208763,0.12272679622823081
92020.76929363109,37026.596854709016,-1.7121469792664599,0.11765044212374623
92020.76929363109,37026.596854709016,-1.7121469792664599,0.11308172342971011
89626.56021308024,37333.56062124525,-1.7291928146901572,0.10854373071948517
86636.50116658997,37621.9290738863,-1.7489221967833433,0.10396630272795307
85321.87022132635,37877.04610919314,-1.7590447907493363,0.09959355268642436
83785.56523763087,38220.128383594514,-1.771223096014182,0.09535362001742738
83785.56523763087,38220.128383594514,-1.771223096014182,0.09153768061533009
81442.29309236236,38643.12357624154,-1.7882831131313206,0.08767683472551406
80587.45200000978,39006.91549517867,-1.7966626310756393,0.08399258547607168
80587.45200000978,39006.91549517867,-1.7966626310756393,0.08067676115157353
79745.88120037371,39326.3403467345,-1.8043587312933327,0.07750011675408286
78287.46646162387,39717.96010385889,-1.8157905634786855,0.07435534099170743
78032.49383669934,40203.46067232793,-1.8218669611516936,0.07137313286374436
77614.28210794924,40457.097104156564,-1.8264034270932037,0.06857573390003983
77614.28210794924,40457.097104156564,-1.8264034270932037,0.06605807483270576
76705.09246424244,40946.439810190386,-1.835500609838526,0.06356475210347204
77009.45138675006,41344.70555521912,-1.837654139976921,0.06126692339370181
77009.45138675006,41344.70555521912,-1.837654139976921,0.0591988775549086
76496.0397608917,42076.24814856812,-1.846641358495468,0.05711295583703105
76496.0397608917,42076.24814856812,-1.846641358495468,0.055235626290941246
77262.09199347757,42549.50731097091,-1.8470883224240557,0.053534855601245726
77083.86723623898,42921.342217039426,-1.8510961950360492,0.051903965165219924
77083.86723623898,42921.342217039426,-1.8510961950360492,0.0504361637727967
77709.82047848668,43340.4903707036,-1.8516859695458963,0.049100398156869625
78409.96524598953,43708.53811931661,-1.8515004284587444,0.04790284762971406
78501.92492480515,43955.4055028975,-1.85310960782284,0.04678482267117165
78501.92492480515,43955.4055028975,-1.85310960782284,0.04577860020848348
79221.19224207058,44270.00294586402,-1.852392865497903,0.044890918550187564
80206.69010392387,44573.20970519491,-1.8503899115568743,0.04414207890624695
80206.69010392387,44573.20970519491,-1.8503899115568743,0.04346812322670039
80454.38485445797,44873.324509137645,-1.8517031227633634,0.04282873283494627
81310.50349293396,45024.59143086359,-1.8490845265915,0.04231874638666415
82191.22372556927,45257.882958217255,-1.8470383551305296,0.041910912869734494
82532.47242270758,45416.67065610588,-1.8468036586449215,0.04154973011663801
82532.47242270758,45416.67065610588,-1.8468036586449215,0.041224665638851174
83895.72301508467,45623.376972304584,-1.8424401915258142,0.0410411942868207
84282.56075692891,45667.36501248509,-1.8410897570309979,0.04090983093236368
84665.56118036623,45812.20604419295,-1.84058074566906,0.04080432919740081
84665.56118036623,45812.20604419295,-1.84058074566906,0.040709377635934234
85835.04016099458,45832.236003640566,-1.835600134999468,0.040748436497354115
86288.26688160351,45933.35289813418,-1.8344422490611771,0.040812536621089274
86450.25049192531,45893.720961404186,-1.8334037946923627,0.04089618809167128
86450.25049192531,45893.720961404186,-1.8334037946923627,0.04097147441519509
87662.81987858351,45952.5524039306,-1.828570949356641,0.04116005323975955
87706.93628968835,45876.959958623316,-1.8277435061619625,0.04135046026173453
88311.75579497598,45872.83255038112,-1.825051167260697,0.04158913505404365
88311.75579497598,45872.83255038112,-1.825051167260697,0.04180394236712186
88804.03945054853,45792.824864476366,-1.8222062246198867,0.04206839251491251
88884.62593745689,45767.86349255449,-1.8216381104325465,0.0423206005026076
89132.50978538439,45655.28198728747,-1.819578360073554,0.042599081450507996
89132.50978538439,45655.28198728747,-1.819578360073554,0.04284971430361835
89287.10579797062,45488.40169072918,-1.8174495924658962,0.04312850306160911
89287.10579797062,45488.40169072918,-1.8174495924658962,0.0433794129438008
89542.01313185516,45404.242591436174,-1.8155845627089715,0.04365185758169643
89542.01313185516,45404.242591436174,-1.8155845627089715,0.0438970577558025
89729.13469312857,45320.03270096238,-1.8140136525194324,0.04415701066723644
89134.38392351908,45195.14404238612,-1.8155634424266516,0.04435222353984651
89330.46516537269,45172.16396320293,-1.8144862294023432,0.04455484545080328
89254.31051161722,45074.17556020393,-1.8139602192850661,0.0447503554235963
89254.31051161722,45074.17556020393,-1.8139602192850661,0.04492631439911002
88678.45827231469,45060.1819979672,-1.816412277790992,0.04502337601442422
88674.47763943684,44966.292619835345,-1.8156018275094998,0.04513099272524431
88523.71228701768,44996.96338693204,-1.8165481542241346,0.045204189597116515
88523.71228701768,44996.96338693204,-1.8165481542241346,0.0452700667818015
87657.62077181997,44942.61366055153,-1.8199530956553491,0.045244232712237625
87877.58098105225,45017.69841364103,-1.8196239356894433,0.045229211048777786
87877.58098105225,45017.69841364103,-1.8196239356894433,0.045215691551663925
86793.50758522014,45120.45002333663,-1.8253630126352627,0.04506004708061597
86793.50758522014,45120.45002333663,-1.8253630126352627,0.04491996705667281
86703.0704857812,45162.50860373768,-1.8261277510502683,0.04477477657474883
86184.29426801445,45317.419930142714,-1.8297581003611911,0.04455334640824417
86184.29426801445,45317.419930142714,-1.8297581003611911,0.04435405925838998
85787.63582175007,45454.338259557684,-1.8326718504795547,0.04410185707056211
86001.16764811485,45578.32738162131,-1.8327624125146642,0.0438726110506393
85360.47450536389,45746.54863285773,-1.8369841006229037,0.04356074743000278
85360.47450536389,45746.54863285773,-1.8369841006229037,0.043280070171429916
85247.59328393837,45962.240283312676,-1.8392442177832602,0.042970957709705423
85514.95066828682,46230.49760801145,-1.84024787147997,0.04266766515173564
85147.63722442089,46388.50483599069,-1.8431139776306966,0.04232304919579466
85147.63722442089,46388.50483599069,-1.8431139776306966,0.042012894835447775
85293.67475626801,46675.540116937875,-1.844758601239157,0.041692640320924075
85625.19057400383,46921.68589627458,-1.8452667428963339,0.04139170771642332
85607.96877789413,47278.57768675598,-1.8481168762013047,0.041049615039748376
85906.7502406833,47421.74294300258,-1.847948763315362,0.04074593445288949
